I20251127 07:15:34.164173     1 MetaDaemon.cpp:137] localhost = "nebula-metad":9559
I20251127 07:15:34.205907     1 NebulaStore.cpp:48] Start the raft service...
I20251127 07:15:34.210134     1 NebulaSnapshotManager.cpp:25] Send snapshot is rate limited to 10485760 for each part by default
I20251127 07:15:34.307106     1 RaftexService.cpp:46] Start raft service on 9560
I20251127 07:15:34.307679     1 NebulaStore.cpp:82] Scan the local path, and init the spaces_
E20251127 07:15:34.308085     1 FileUtils.cpp:377] Failed to read the directory "/data/meta/nebula" (2): No such file or directory
I20251127 07:15:34.316220     1 NebulaStore.cpp:292] Init data from partManager for "nebula-metad":9559
I20251127 07:15:34.316284     1 NebulaStore.cpp:417] Create data space 0
I20251127 07:15:34.394375    74 RocksEngine.cpp:107] open rocksdb on /data/meta/nebula/0/data
I20251127 07:15:34.402513     1 NebulaStore.cpp:480] Space 0, part 0 has been added, asLearner 0
I20251127 07:15:34.417552     1 NebulaStore.cpp:75] Register handler...
I20251127 07:15:34.417636     1 MetaDaemonInit.cpp:106] Waiting for the leader elected...
I20251127 07:15:34.417795     1 MetaDaemonInit.cpp:118] Leader has not been elected, sleep 1s
I20251127 07:15:35.418795     1 KVBasedClusterIdMan.h:118] There is no clusterId existed in kvstore!
I20251127 07:15:35.418941     1 MetaDaemonInit.cpp:126] I am leader, create cluster Id
I20251127 07:15:35.419152     1 KVBasedClusterIdMan.h:45] Create ClusterId 1306074664999335373
I20251127 07:15:35.419790    40 KVBasedClusterIdMan.h:151] Put key __meta_cluster_id_key__, val 1306074664999335373
I20251127 07:15:35.420414     1 RocksEngine.cpp:610] Target checkpoint data path : /data/meta/nebula/0/checkpoints/META_UPGRADE_SNAPSHOT_2025_11_27_07_15_35/data
I20251127 07:15:35.428468     1 MetaDaemonInit.cpp:169] Nebula store init succeeded, clusterId 1306074664999335373
I20251127 07:15:35.428553     1 MetaDaemon.cpp:150] Start http service
I20251127 07:15:35.428953     1 MetaDaemonInit.cpp:226] Starting Meta HTTP Service
I20251127 07:15:35.436959    96 WebService.cpp:124] Web service started on HTTP[19559]
I20251127 07:15:35.437078     1 MetaDaemonInit.cpp:192] Check root user
I20251127 07:15:35.437163     1 RootUserMan.h:40] God user is not exists
I20251127 07:15:35.437227     1 RootUserMan.h:58] Init root user
I20251127 07:15:35.440313     1 MetaDaemon.cpp:193] The meta daemon start on "nebula-metad":9559
I20251127 07:15:35.440680     1 JobManager.cpp:64] JobManager initialized
I20251127 07:15:35.440747   102 JobManager.cpp:150] JobManager::scheduleThread enter
I20251127 07:18:44.575883     1 MetaDaemon.cpp:230] Signal 15(Terminated) received, stopping this server
I20251127 07:18:44.600348     1 JobManager.cpp:138] JobManager::shutDown() begin
I20251127 07:18:44.603166   102 JobManager.cpp:155] Detect shutdown called, exit
I20251127 07:18:44.604079   102 JobDescription.cpp:113] Loading job description failed, error: E_JOB_NOT_IN_SPACE
I20251127 07:18:44.605290   102 JobManager.cpp:175] Load an invalid job from space 0 jodId 0
I20251127 07:18:44.606573     1 JobManager.cpp:146] JobManager::shutDown() end
I20251127 07:18:44.606974     1 NebulaStore.cpp:343] Stop the raft service...
I20251127 07:18:44.607906     1 RaftexService.cpp:67] Stopping the raftex service on port 9560
I20251127 07:18:44.608835     1 RaftexService.cpp:77] All partitions have stopped
I20251127 07:18:44.609002     1 NebulaStore.cpp:346] Stop kv engine...
I20251127 07:18:44.609894     1 NebulaStore.cpp:343] Stop the raft service...
I20251127 07:18:44.610097     1 RaftexService.cpp:67] Stopping the raftex service on port 9560
I20251127 07:18:44.610198     1 RaftexService.cpp:77] All partitions have stopped
I20251127 07:18:44.610307     1 NebulaStore.cpp:346] Stop kv engine...
I20251127 07:18:44.610661     1 NebulaStore.cpp:36] Cut off the relationship with meta client
I20251127 07:18:44.615718     1 Part.h:59] [Port: 9560, Space: 0, Part: 0] ~Part()
I20251127 07:18:44.617061     1 RocksEngine.h:247] Release rocksdb on /data/meta/nebula/0
I20251127 07:18:44.623450     1 NebulaStore.cpp:44] ~NebulaStore()
I20251127 07:18:44.624079     1 MetaDaemon.cpp:215] The meta Daemon stopped
I20251127 07:18:44.626818     1 JobManager.cpp:138] JobManager::shutDown() begin
I20251127 07:18:44.626996     1 JobManager.cpp:141] JobManager not running, exit
I20251127 07:18:45.428321     1 MetaDaemon.cpp:137] localhost = "nebula-metad":9559
I20251127 07:18:45.451829     1 NebulaStore.cpp:48] Start the raft service...
I20251127 07:18:45.455686     1 NebulaSnapshotManager.cpp:25] Send snapshot is rate limited to 10485760 for each part by default
I20251127 07:18:45.551086     1 RaftexService.cpp:46] Start raft service on 9560
I20251127 07:18:45.551519     1 NebulaStore.cpp:82] Scan the local path, and init the spaces_
I20251127 07:18:45.552294     1 NebulaStore.cpp:90] Scan path "/data/meta/nebula/0"
I20251127 07:18:45.552657     1 NebulaStore.cpp:292] Init data from partManager for "nebula-metad":9559
I20251127 07:18:45.552784     1 NebulaStore.cpp:417] Create data space 0
I20251127 07:18:45.575451    74 RocksEngine.cpp:107] open rocksdb on /data/meta/nebula/0/data
I20251127 07:18:45.576938     1 NebulaStore.cpp:480] Space 0, part 0 has been added, asLearner 0
I20251127 07:18:45.577019     1 NebulaStore.cpp:75] Register handler...
I20251127 07:18:45.577118     1 MetaDaemonInit.cpp:106] Waiting for the leader elected...
I20251127 07:18:45.577167     1 MetaDaemonInit.cpp:118] Leader has not been elected, sleep 1s
I20251127 07:18:46.584695     1 MetaDaemonInit.cpp:153] Get meta version is 4
I20251127 07:18:46.586989     1 MetaDaemonInit.cpp:169] Nebula store init succeeded, clusterId 1306074664999335373
I20251127 07:18:46.587159     1 MetaDaemon.cpp:150] Start http service
I20251127 07:18:46.589146     1 MetaDaemonInit.cpp:226] Starting Meta HTTP Service
I20251127 07:18:46.610049    96 WebService.cpp:124] Web service started on HTTP[19559]
I20251127 07:18:46.610414     1 MetaDaemonInit.cpp:192] Check root user
I20251127 07:18:46.610623     1 RootUserMan.h:35] God user exists
I20251127 07:18:46.615064     1 MetaDaemon.cpp:193] The meta daemon start on "nebula-metad":9559
I20251127 07:18:46.615726     1 JobManager.cpp:64] JobManager initialized
I20251127 07:18:46.615779   102 JobManager.cpp:150] JobManager::scheduleThread enter
I20251127 07:19:39.665459   116 HBProcessor.cpp:33] Receive heartbeat from "nebula-storaged":9779, role = STORAGE
I20251127 07:19:39.666242   116 HBProcessor.cpp:41] Machine "nebula-storaged":9779 is not registered
I20251127 07:19:39.805811   116 HBProcessor.cpp:33] Receive heartbeat from "nebula-graphd":9669, role = GRAPH
I20251127 07:19:39.805936   116 HBProcessor.cpp:89] Update host "nebula-graphd":9669 dir info, root path: /usr/local/nebula, data path size: 0
I20251127 07:19:40.653981   116 HBProcessor.cpp:33] Receive heartbeat from "nebula-storaged":9779, role = STORAGE
I20251127 07:19:40.654604   116 HBProcessor.cpp:41] Machine "nebula-storaged":9779 is not registered
I20251127 07:19:41.664366   116 HBProcessor.cpp:33] Receive heartbeat from "nebula-storaged":9779, role = STORAGE
I20251127 07:19:41.664745   116 HBProcessor.cpp:41] Machine "nebula-storaged":9779 is not registered
I20251127 07:19:42.671829   116 HBProcessor.cpp:33] Receive heartbeat from "nebula-storaged":9779, role = STORAGE
I20251127 07:19:42.676936   116 HBProcessor.cpp:41] Machine "nebula-storaged":9779 is not registered
I20251127 07:19:49.869932   116 SessionManagerProcessor.cpp:136] resp session size: 0
I20251127 07:19:49.889880   116 SessionManagerProcessor.cpp:136] resp session size: 0
I20251127 07:19:52.707794   116 HBProcessor.cpp:33] Receive heartbeat from "nebula-storaged":9779, role = STORAGE
I20251127 07:19:52.708235   116 HBProcessor.cpp:41] Machine "nebula-storaged":9779 is not registered
I20251127 07:19:53.715611   116 HBProcessor.cpp:33] Receive heartbeat from "nebula-storaged":9779, role = STORAGE
I20251127 07:19:53.716014   116 HBProcessor.cpp:41] Machine "nebula-storaged":9779 is not registered
I20251127 07:19:54.724485   116 HBProcessor.cpp:33] Receive heartbeat from "nebula-storaged":9779, role = STORAGE
I20251127 07:19:54.725591   116 HBProcessor.cpp:41] Machine "nebula-storaged":9779 is not registered
I20251127 07:19:55.732488   116 HBProcessor.cpp:33] Receive heartbeat from "nebula-storaged":9779, role = STORAGE
I20251127 07:19:55.733135   116 HBProcessor.cpp:41] Machine "nebula-storaged":9779 is not registered
I20251127 07:20:00.026355   116 HBProcessor.cpp:33] Receive heartbeat from "nebula-graphd":9669, role = GRAPH
I20251127 07:20:05.755345   116 HBProcessor.cpp:33] Receive heartbeat from "nebula-storaged":9779, role = STORAGE
I20251127 07:20:05.755687   116 HBProcessor.cpp:41] Machine "nebula-storaged":9779 is not registered
I20251127 07:20:06.789871   116 HBProcessor.cpp:33] Receive heartbeat from "nebula-storaged":9779, role = STORAGE
I20251127 07:20:06.792863   116 HBProcessor.cpp:41] Machine "nebula-storaged":9779 is not registered
I20251127 07:20:07.801414   116 HBProcessor.cpp:33] Receive heartbeat from "nebula-storaged":9779, role = STORAGE
I20251127 07:20:07.801947   116 HBProcessor.cpp:41] Machine "nebula-storaged":9779 is not registered
I20251127 07:20:08.814033   116 HBProcessor.cpp:33] Receive heartbeat from "nebula-storaged":9779, role = STORAGE
I20251127 07:20:08.814648   116 HBProcessor.cpp:41] Machine "nebula-storaged":9779 is not registered
I20251127 07:20:10.031982   116 HBProcessor.cpp:33] Receive heartbeat from "nebula-graphd":9669, role = GRAPH
I20251127 07:20:18.825757   116 HBProcessor.cpp:33] Receive heartbeat from "nebula-storaged":9779, role = STORAGE
I20251127 07:20:18.826504   116 HBProcessor.cpp:41] Machine "nebula-storaged":9779 is not registered
I20251127 07:20:19.845839   116 HBProcessor.cpp:33] Receive heartbeat from "nebula-storaged":9779, role = STORAGE
I20251127 07:20:19.846602   116 HBProcessor.cpp:41] Machine "nebula-storaged":9779 is not registered
I20251127 07:20:20.033015   116 HBProcessor.cpp:33] Receive heartbeat from "nebula-graphd":9669, role = GRAPH
I20251127 07:20:20.856715   116 HBProcessor.cpp:33] Receive heartbeat from "nebula-storaged":9779, role = STORAGE
I20251127 07:20:20.857561   116 HBProcessor.cpp:41] Machine "nebula-storaged":9779 is not registered
I20251127 07:20:21.863936   116 HBProcessor.cpp:33] Receive heartbeat from "nebula-storaged":9779, role = STORAGE
I20251127 07:20:21.864187   116 HBProcessor.cpp:41] Machine "nebula-storaged":9779 is not registered
I20251127 07:20:30.040769   116 HBProcessor.cpp:33] Receive heartbeat from "nebula-graphd":9669, role = GRAPH
I20251127 07:20:31.882745   116 HBProcessor.cpp:33] Receive heartbeat from "nebula-storaged":9779, role = STORAGE
I20251127 07:20:31.883369   116 HBProcessor.cpp:41] Machine "nebula-storaged":9779 is not registered
I20251127 07:20:32.885489   116 HBProcessor.cpp:33] Receive heartbeat from "nebula-storaged":9779, role = STORAGE
I20251127 07:20:32.885962   116 HBProcessor.cpp:41] Machine "nebula-storaged":9779 is not registered
I20251127 07:20:33.888922   116 HBProcessor.cpp:33] Receive heartbeat from "nebula-storaged":9779, role = STORAGE
I20251127 07:20:33.889338   116 HBProcessor.cpp:41] Machine "nebula-storaged":9779 is not registered
I20251127 07:20:34.893429   116 HBProcessor.cpp:33] Receive heartbeat from "nebula-storaged":9779, role = STORAGE
I20251127 07:20:34.894485   116 HBProcessor.cpp:41] Machine "nebula-storaged":9779 is not registered
I20251127 07:20:40.060884   116 HBProcessor.cpp:33] Receive heartbeat from "nebula-graphd":9669, role = GRAPH
I20251127 07:20:49.915942   116 HBProcessor.cpp:33] Receive heartbeat from "nebula-storaged":9779, role = STORAGE
I20251127 07:20:49.917583   116 HBProcessor.cpp:41] Machine "nebula-storaged":9779 is not registered
I20251127 07:20:50.073171   116 HBProcessor.cpp:33] Receive heartbeat from "nebula-graphd":9669, role = GRAPH
I20251127 07:20:50.925423   116 HBProcessor.cpp:33] Receive heartbeat from "nebula-storaged":9779, role = STORAGE
I20251127 07:20:50.926198   116 HBProcessor.cpp:41] Machine "nebula-storaged":9779 is not registered
I20251127 07:20:51.931350   116 HBProcessor.cpp:33] Receive heartbeat from "nebula-storaged":9779, role = STORAGE
I20251127 07:20:51.932098   116 HBProcessor.cpp:41] Machine "nebula-storaged":9779 is not registered
I20251127 07:20:52.939484   116 HBProcessor.cpp:33] Receive heartbeat from "nebula-storaged":9779, role = STORAGE
I20251127 07:20:52.940399   116 HBProcessor.cpp:41] Machine "nebula-storaged":9779 is not registered
I20251127 07:21:00.080957   116 HBProcessor.cpp:33] Receive heartbeat from "nebula-graphd":9669, role = GRAPH
I20251127 07:21:07.970677   116 HBProcessor.cpp:33] Receive heartbeat from "nebula-storaged":9779, role = STORAGE
I20251127 07:21:07.971843   116 HBProcessor.cpp:41] Machine "nebula-storaged":9779 is not registered
I20251127 07:21:08.976437   116 HBProcessor.cpp:33] Receive heartbeat from "nebula-storaged":9779, role = STORAGE
I20251127 07:21:08.980506   116 HBProcessor.cpp:41] Machine "nebula-storaged":9779 is not registered
I20251127 07:21:09.986554   116 HBProcessor.cpp:33] Receive heartbeat from "nebula-storaged":9779, role = STORAGE
I20251127 07:21:09.986953   116 HBProcessor.cpp:41] Machine "nebula-storaged":9779 is not registered
I20251127 07:21:10.096911   116 HBProcessor.cpp:33] Receive heartbeat from "nebula-graphd":9669, role = GRAPH
I20251127 07:21:10.990545   116 HBProcessor.cpp:33] Receive heartbeat from "nebula-storaged":9779, role = STORAGE
I20251127 07:21:10.991140   116 HBProcessor.cpp:41] Machine "nebula-storaged":9779 is not registered
I20251127 07:21:20.116012   116 HBProcessor.cpp:33] Receive heartbeat from "nebula-graphd":9669, role = GRAPH
I20251127 07:21:21.006244   116 HBProcessor.cpp:33] Receive heartbeat from "nebula-storaged":9779, role = STORAGE
I20251127 07:21:21.006615   116 HBProcessor.cpp:41] Machine "nebula-storaged":9779 is not registered
I20251127 07:21:22.010697   116 HBProcessor.cpp:33] Receive heartbeat from "nebula-storaged":9779, role = STORAGE
I20251127 07:21:22.011106   116 HBProcessor.cpp:41] Machine "nebula-storaged":9779 is not registered
I20251127 07:21:23.014997   116 HBProcessor.cpp:33] Receive heartbeat from "nebula-storaged":9779, role = STORAGE
I20251127 07:21:23.015586   116 HBProcessor.cpp:41] Machine "nebula-storaged":9779 is not registered
I20251127 07:21:24.020932   116 HBProcessor.cpp:33] Receive heartbeat from "nebula-storaged":9779, role = STORAGE
I20251127 07:21:24.021624   116 HBProcessor.cpp:41] Machine "nebula-storaged":9779 is not registered
I20251127 07:21:30.129485   116 HBProcessor.cpp:33] Receive heartbeat from "nebula-graphd":9669, role = GRAPH
I20251127 07:21:34.036834   116 HBProcessor.cpp:33] Receive heartbeat from "nebula-storaged":9779, role = STORAGE
I20251127 07:21:34.037241   116 HBProcessor.cpp:41] Machine "nebula-storaged":9779 is not registered
I20251127 07:21:35.040786   116 HBProcessor.cpp:33] Receive heartbeat from "nebula-storaged":9779, role = STORAGE
I20251127 07:21:35.041128   116 HBProcessor.cpp:41] Machine "nebula-storaged":9779 is not registered
I20251127 07:21:36.048240   116 HBProcessor.cpp:33] Receive heartbeat from "nebula-storaged":9779, role = STORAGE
I20251127 07:21:36.048838   116 HBProcessor.cpp:41] Machine "nebula-storaged":9779 is not registered
I20251127 07:21:37.052444   116 HBProcessor.cpp:33] Receive heartbeat from "nebula-storaged":9779, role = STORAGE
I20251127 07:21:37.053573   116 HBProcessor.cpp:41] Machine "nebula-storaged":9779 is not registered
I20251127 07:21:40.145514   116 HBProcessor.cpp:33] Receive heartbeat from "nebula-graphd":9669, role = GRAPH
I20251127 07:21:47.070112   116 HBProcessor.cpp:33] Receive heartbeat from "nebula-storaged":9779, role = STORAGE
I20251127 07:21:47.070564   116 HBProcessor.cpp:41] Machine "nebula-storaged":9779 is not registered
I20251127 07:21:48.074733   116 HBProcessor.cpp:33] Receive heartbeat from "nebula-storaged":9779, role = STORAGE
I20251127 07:21:48.075480   116 HBProcessor.cpp:41] Machine "nebula-storaged":9779 is not registered
I20251127 07:21:49.078487   116 HBProcessor.cpp:33] Receive heartbeat from "nebula-storaged":9779, role = STORAGE
I20251127 07:21:49.079027   116 HBProcessor.cpp:41] Machine "nebula-storaged":9779 is not registered
I20251127 07:21:50.083099   116 HBProcessor.cpp:33] Receive heartbeat from "nebula-storaged":9779, role = STORAGE
I20251127 07:21:50.083547   116 HBProcessor.cpp:41] Machine "nebula-storaged":9779 is not registered
I20251127 07:21:50.165529   116 HBProcessor.cpp:33] Receive heartbeat from "nebula-graphd":9669, role = GRAPH
I20251127 07:22:00.095081   116 HBProcessor.cpp:33] Receive heartbeat from "nebula-storaged":9779, role = STORAGE
I20251127 07:22:00.096403   116 HBProcessor.cpp:41] Machine "nebula-storaged":9779 is not registered
I20251127 07:22:00.175194   116 HBProcessor.cpp:33] Receive heartbeat from "nebula-graphd":9669, role = GRAPH
I20251127 07:22:01.104619   116 HBProcessor.cpp:33] Receive heartbeat from "nebula-storaged":9779, role = STORAGE
I20251127 07:22:01.105361   116 HBProcessor.cpp:41] Machine "nebula-storaged":9779 is not registered
I20251127 07:22:02.114679   116 HBProcessor.cpp:33] Receive heartbeat from "nebula-storaged":9779, role = STORAGE
I20251127 07:22:02.115438   116 HBProcessor.cpp:41] Machine "nebula-storaged":9779 is not registered
I20251127 07:22:03.117684   116 HBProcessor.cpp:33] Receive heartbeat from "nebula-storaged":9779, role = STORAGE
I20251127 07:22:03.117877   116 HBProcessor.cpp:41] Machine "nebula-storaged":9779 is not registered
I20251127 07:22:10.184190   116 HBProcessor.cpp:33] Receive heartbeat from "nebula-graphd":9669, role = GRAPH
I20251127 07:22:18.137120   116 HBProcessor.cpp:33] Receive heartbeat from "nebula-storaged":9779, role = STORAGE
I20251127 07:22:18.138700   116 HBProcessor.cpp:41] Machine "nebula-storaged":9779 is not registered
I20251127 07:22:19.146466   116 HBProcessor.cpp:33] Receive heartbeat from "nebula-storaged":9779, role = STORAGE
I20251127 07:22:19.146759   116 HBProcessor.cpp:41] Machine "nebula-storaged":9779 is not registered
I20251127 07:22:20.153129   116 HBProcessor.cpp:33] Receive heartbeat from "nebula-storaged":9779, role = STORAGE
I20251127 07:22:20.153978   116 HBProcessor.cpp:41] Machine "nebula-storaged":9779 is not registered
I20251127 07:22:20.197430   116 HBProcessor.cpp:33] Receive heartbeat from "nebula-graphd":9669, role = GRAPH
I20251127 07:22:21.161360   116 HBProcessor.cpp:33] Receive heartbeat from "nebula-storaged":9779, role = STORAGE
I20251127 07:22:21.161741   116 HBProcessor.cpp:41] Machine "nebula-storaged":9779 is not registered
I20251127 07:22:30.213449   116 HBProcessor.cpp:33] Receive heartbeat from "nebula-graphd":9669, role = GRAPH
I20251127 07:22:36.182526   116 HBProcessor.cpp:33] Receive heartbeat from "nebula-storaged":9779, role = STORAGE
I20251127 07:22:36.185333   116 HBProcessor.cpp:41] Machine "nebula-storaged":9779 is not registered
I20251127 07:22:37.189535   116 HBProcessor.cpp:33] Receive heartbeat from "nebula-storaged":9779, role = STORAGE
I20251127 07:22:37.189894   116 HBProcessor.cpp:41] Machine "nebula-storaged":9779 is not registered
I20251127 07:22:38.193397   116 HBProcessor.cpp:33] Receive heartbeat from "nebula-storaged":9779, role = STORAGE
I20251127 07:22:38.196703   116 HBProcessor.cpp:41] Machine "nebula-storaged":9779 is not registered
I20251127 07:22:39.199070   116 HBProcessor.cpp:33] Receive heartbeat from "nebula-storaged":9779, role = STORAGE
I20251127 07:22:39.199642   116 HBProcessor.cpp:41] Machine "nebula-storaged":9779 is not registered
I20251127 07:22:40.231088   116 HBProcessor.cpp:33] Receive heartbeat from "nebula-graphd":9669, role = GRAPH
I20251127 07:22:49.231830   116 HBProcessor.cpp:33] Receive heartbeat from "nebula-storaged":9779, role = STORAGE
I20251127 07:22:49.234282   116 HBProcessor.cpp:41] Machine "nebula-storaged":9779 is not registered
I20251127 07:22:50.239746   116 HBProcessor.cpp:33] Receive heartbeat from "nebula-storaged":9779, role = STORAGE
I20251127 07:22:50.240638   116 HBProcessor.cpp:41] Machine "nebula-storaged":9779 is not registered
I20251127 07:22:50.242501   116 HBProcessor.cpp:33] Receive heartbeat from "nebula-graphd":9669, role = GRAPH
I20251127 07:22:51.244112   116 HBProcessor.cpp:33] Receive heartbeat from "nebula-storaged":9779, role = STORAGE
I20251127 07:22:51.244593   116 HBProcessor.cpp:41] Machine "nebula-storaged":9779 is not registered
I20251127 07:22:52.251036   116 HBProcessor.cpp:33] Receive heartbeat from "nebula-storaged":9779, role = STORAGE
I20251127 07:22:52.252116   116 HBProcessor.cpp:41] Machine "nebula-storaged":9779 is not registered
I20251127 07:23:00.251998   116 HBProcessor.cpp:33] Receive heartbeat from "nebula-graphd":9669, role = GRAPH
I20251127 07:23:07.287089   116 HBProcessor.cpp:33] Receive heartbeat from "nebula-storaged":9779, role = STORAGE
I20251127 07:23:07.288838   116 HBProcessor.cpp:41] Machine "nebula-storaged":9779 is not registered
I20251127 07:23:08.294922   116 HBProcessor.cpp:33] Receive heartbeat from "nebula-storaged":9779, role = STORAGE
I20251127 07:23:08.295600   116 HBProcessor.cpp:41] Machine "nebula-storaged":9779 is not registered
I20251127 07:23:09.306358   116 HBProcessor.cpp:33] Receive heartbeat from "nebula-storaged":9779, role = STORAGE
I20251127 07:23:09.307003   116 HBProcessor.cpp:41] Machine "nebula-storaged":9779 is not registered
I20251127 07:23:10.272711   116 HBProcessor.cpp:33] Receive heartbeat from "nebula-graphd":9669, role = GRAPH
I20251127 07:23:10.313588   116 HBProcessor.cpp:33] Receive heartbeat from "nebula-storaged":9779, role = STORAGE
I20251127 07:23:10.314426   116 HBProcessor.cpp:41] Machine "nebula-storaged":9779 is not registered
I20251127 07:23:20.281702   116 HBProcessor.cpp:33] Receive heartbeat from "nebula-graphd":9669, role = GRAPH
I20251127 07:23:20.334816   116 HBProcessor.cpp:33] Receive heartbeat from "nebula-storaged":9779, role = STORAGE
I20251127 07:23:20.335232   116 HBProcessor.cpp:41] Machine "nebula-storaged":9779 is not registered
I20251127 07:23:21.342510   116 HBProcessor.cpp:33] Receive heartbeat from "nebula-storaged":9779, role = STORAGE
I20251127 07:23:21.343343   116 HBProcessor.cpp:41] Machine "nebula-storaged":9779 is not registered
I20251127 07:23:22.346233   116 HBProcessor.cpp:33] Receive heartbeat from "nebula-storaged":9779, role = STORAGE
I20251127 07:23:22.346688   116 HBProcessor.cpp:41] Machine "nebula-storaged":9779 is not registered
I20251127 07:23:23.351576   116 HBProcessor.cpp:33] Receive heartbeat from "nebula-storaged":9779, role = STORAGE
I20251127 07:23:23.352136   116 HBProcessor.cpp:41] Machine "nebula-storaged":9779 is not registered
I20251127 07:23:30.304471   116 HBProcessor.cpp:33] Receive heartbeat from "nebula-graphd":9669, role = GRAPH
I20251127 07:23:33.358484   116 HBProcessor.cpp:33] Receive heartbeat from "nebula-storaged":9779, role = STORAGE
I20251127 07:23:33.358747   116 HBProcessor.cpp:41] Machine "nebula-storaged":9779 is not registered
I20251127 07:23:34.361502   116 HBProcessor.cpp:33] Receive heartbeat from "nebula-storaged":9779, role = STORAGE
I20251127 07:23:34.361686   116 HBProcessor.cpp:41] Machine "nebula-storaged":9779 is not registered
I20251127 07:23:35.365105   116 HBProcessor.cpp:33] Receive heartbeat from "nebula-storaged":9779, role = STORAGE
I20251127 07:23:35.366156   116 HBProcessor.cpp:41] Machine "nebula-storaged":9779 is not registered
I20251127 07:23:36.368705   116 HBProcessor.cpp:33] Receive heartbeat from "nebula-storaged":9779, role = STORAGE
I20251127 07:23:36.369108   116 HBProcessor.cpp:41] Machine "nebula-storaged":9779 is not registered
I20251127 07:23:40.326646   116 HBProcessor.cpp:33] Receive heartbeat from "nebula-graphd":9669, role = GRAPH
I20251127 07:23:46.378603   116 HBProcessor.cpp:33] Receive heartbeat from "nebula-storaged":9779, role = STORAGE
I20251127 07:23:46.380120   116 HBProcessor.cpp:41] Machine "nebula-storaged":9779 is not registered
I20251127 07:23:47.382795   116 HBProcessor.cpp:33] Receive heartbeat from "nebula-storaged":9779, role = STORAGE
I20251127 07:23:47.383213   116 HBProcessor.cpp:41] Machine "nebula-storaged":9779 is not registered
I20251127 07:23:48.387634   116 HBProcessor.cpp:33] Receive heartbeat from "nebula-storaged":9779, role = STORAGE
I20251127 07:23:48.388612   116 HBProcessor.cpp:41] Machine "nebula-storaged":9779 is not registered
I20251127 07:23:49.395841   116 HBProcessor.cpp:33] Receive heartbeat from "nebula-storaged":9779, role = STORAGE
I20251127 07:23:49.396478   116 HBProcessor.cpp:41] Machine "nebula-storaged":9779 is not registered
I20251127 07:23:50.333320   116 HBProcessor.cpp:33] Receive heartbeat from "nebula-graphd":9669, role = GRAPH
I20251127 07:23:59.402626   116 HBProcessor.cpp:33] Receive heartbeat from "nebula-storaged":9779, role = STORAGE
I20251127 07:23:59.403538   116 HBProcessor.cpp:41] Machine "nebula-storaged":9779 is not registered
I20251127 07:24:00.345732   116 HBProcessor.cpp:33] Receive heartbeat from "nebula-graphd":9669, role = GRAPH
I20251127 07:24:00.410581   116 HBProcessor.cpp:33] Receive heartbeat from "nebula-storaged":9779, role = STORAGE
I20251127 07:24:00.411537   116 HBProcessor.cpp:41] Machine "nebula-storaged":9779 is not registered
I20251127 07:24:01.419727   116 HBProcessor.cpp:33] Receive heartbeat from "nebula-storaged":9779, role = STORAGE
I20251127 07:24:01.420652   116 HBProcessor.cpp:41] Machine "nebula-storaged":9779 is not registered
I20251127 07:24:02.425719   116 HBProcessor.cpp:33] Receive heartbeat from "nebula-storaged":9779, role = STORAGE
I20251127 07:24:02.426319   116 HBProcessor.cpp:41] Machine "nebula-storaged":9779 is not registered
I20251127 07:24:10.363569   116 HBProcessor.cpp:33] Receive heartbeat from "nebula-graphd":9669, role = GRAPH
I20251127 07:24:12.437284   116 HBProcessor.cpp:33] Receive heartbeat from "nebula-storaged":9779, role = STORAGE
I20251127 07:24:12.438130   116 HBProcessor.cpp:41] Machine "nebula-storaged":9779 is not registered
I20251127 07:24:13.444141   116 HBProcessor.cpp:33] Receive heartbeat from "nebula-storaged":9779, role = STORAGE
I20251127 07:24:13.444789   116 HBProcessor.cpp:41] Machine "nebula-storaged":9779 is not registered
I20251127 07:24:14.449635   116 HBProcessor.cpp:33] Receive heartbeat from "nebula-storaged":9779, role = STORAGE
I20251127 07:24:14.449894   116 HBProcessor.cpp:41] Machine "nebula-storaged":9779 is not registered
I20251127 07:24:15.512564   116 HBProcessor.cpp:33] Receive heartbeat from "nebula-storaged":9779, role = STORAGE
I20251127 07:24:15.514461   116 HBProcessor.cpp:41] Machine "nebula-storaged":9779 is not registered
I20251127 07:24:20.370687   116 HBProcessor.cpp:33] Receive heartbeat from "nebula-graphd":9669, role = GRAPH
I20251127 07:24:25.526032   116 HBProcessor.cpp:33] Receive heartbeat from "nebula-storaged":9779, role = STORAGE
I20251127 07:24:25.528568   116 HBProcessor.cpp:41] Machine "nebula-storaged":9779 is not registered
I20251127 07:24:26.534855   116 HBProcessor.cpp:33] Receive heartbeat from "nebula-storaged":9779, role = STORAGE
I20251127 07:24:26.535699   116 HBProcessor.cpp:41] Machine "nebula-storaged":9779 is not registered
I20251127 07:24:27.539098   116 HBProcessor.cpp:33] Receive heartbeat from "nebula-storaged":9779, role = STORAGE
I20251127 07:24:27.540032   116 HBProcessor.cpp:41] Machine "nebula-storaged":9779 is not registered
I20251127 07:24:28.548091   116 HBProcessor.cpp:33] Receive heartbeat from "nebula-storaged":9779, role = STORAGE
I20251127 07:24:28.548892   116 HBProcessor.cpp:41] Machine "nebula-storaged":9779 is not registered
I20251127 07:24:30.383167   116 HBProcessor.cpp:33] Receive heartbeat from "nebula-graphd":9669, role = GRAPH
I20251127 07:24:38.558110   116 HBProcessor.cpp:33] Receive heartbeat from "nebula-storaged":9779, role = STORAGE
I20251127 07:24:38.562101   116 HBProcessor.cpp:41] Machine "nebula-storaged":9779 is not registered
I20251127 07:24:39.578725   116 HBProcessor.cpp:33] Receive heartbeat from "nebula-storaged":9779, role = STORAGE
I20251127 07:24:39.579653   116 HBProcessor.cpp:41] Machine "nebula-storaged":9779 is not registered
I20251127 07:24:40.397521   116 HBProcessor.cpp:33] Receive heartbeat from "nebula-graphd":9669, role = GRAPH
I20251127 07:24:40.581748   116 HBProcessor.cpp:33] Receive heartbeat from "nebula-storaged":9779, role = STORAGE
I20251127 07:24:40.582599   116 HBProcessor.cpp:41] Machine "nebula-storaged":9779 is not registered
I20251127 07:24:41.586724   116 HBProcessor.cpp:33] Receive heartbeat from "nebula-storaged":9779, role = STORAGE
I20251127 07:24:41.587791   116 HBProcessor.cpp:41] Machine "nebula-storaged":9779 is not registered
I20251127 07:24:50.413020   116 HBProcessor.cpp:33] Receive heartbeat from "nebula-graphd":9669, role = GRAPH
I20251127 07:24:51.598034   116 HBProcessor.cpp:33] Receive heartbeat from "nebula-storaged":9779, role = STORAGE
I20251127 07:24:51.598809   116 HBProcessor.cpp:41] Machine "nebula-storaged":9779 is not registered
I20251127 07:24:52.607589   116 HBProcessor.cpp:33] Receive heartbeat from "nebula-storaged":9779, role = STORAGE
I20251127 07:24:52.608515   116 HBProcessor.cpp:41] Machine "nebula-storaged":9779 is not registered
I20251127 07:24:53.611439   116 HBProcessor.cpp:33] Receive heartbeat from "nebula-storaged":9779, role = STORAGE
I20251127 07:24:53.611812   116 HBProcessor.cpp:41] Machine "nebula-storaged":9779 is not registered
I20251127 07:24:54.614547   116 HBProcessor.cpp:33] Receive heartbeat from "nebula-storaged":9779, role = STORAGE
I20251127 07:24:54.615221   116 HBProcessor.cpp:41] Machine "nebula-storaged":9779 is not registered
I20251127 07:25:00.431717   116 HBProcessor.cpp:33] Receive heartbeat from "nebula-graphd":9669, role = GRAPH
I20251127 07:25:04.619408   116 HBProcessor.cpp:33] Receive heartbeat from "nebula-storaged":9779, role = STORAGE
I20251127 07:25:04.619865   116 HBProcessor.cpp:41] Machine "nebula-storaged":9779 is not registered
I20251127 07:25:05.627614   116 HBProcessor.cpp:33] Receive heartbeat from "nebula-storaged":9779, role = STORAGE
I20251127 07:25:05.628798   116 HBProcessor.cpp:41] Machine "nebula-storaged":9779 is not registered
I20251127 07:25:06.633224   116 HBProcessor.cpp:33] Receive heartbeat from "nebula-storaged":9779, role = STORAGE
I20251127 07:25:06.634021   116 HBProcessor.cpp:41] Machine "nebula-storaged":9779 is not registered
I20251127 07:25:07.639340   116 HBProcessor.cpp:33] Receive heartbeat from "nebula-storaged":9779, role = STORAGE
I20251127 07:25:07.640192   116 HBProcessor.cpp:41] Machine "nebula-storaged":9779 is not registered
I20251127 07:25:10.439023   116 HBProcessor.cpp:33] Receive heartbeat from "nebula-graphd":9669, role = GRAPH
I20251127 07:25:17.648976   116 HBProcessor.cpp:33] Receive heartbeat from "nebula-storaged":9779, role = STORAGE
I20251127 07:25:17.650604   116 HBProcessor.cpp:41] Machine "nebula-storaged":9779 is not registered
I20251127 07:25:18.653861   116 HBProcessor.cpp:33] Receive heartbeat from "nebula-storaged":9779, role = STORAGE
I20251127 07:25:18.654196   116 HBProcessor.cpp:41] Machine "nebula-storaged":9779 is not registered
I20251127 07:25:19.655944   116 HBProcessor.cpp:33] Receive heartbeat from "nebula-storaged":9779, role = STORAGE
I20251127 07:25:19.656390   116 HBProcessor.cpp:41] Machine "nebula-storaged":9779 is not registered
I20251127 07:25:20.454177   116 HBProcessor.cpp:33] Receive heartbeat from "nebula-graphd":9669, role = GRAPH
I20251127 07:25:20.658747   116 HBProcessor.cpp:33] Receive heartbeat from "nebula-storaged":9779, role = STORAGE
I20251127 07:25:20.659088   116 HBProcessor.cpp:41] Machine "nebula-storaged":9779 is not registered
I20251127 07:25:30.458964   116 HBProcessor.cpp:33] Receive heartbeat from "nebula-graphd":9669, role = GRAPH
I20251127 07:25:30.664434   116 HBProcessor.cpp:33] Receive heartbeat from "nebula-storaged":9779, role = STORAGE
I20251127 07:25:30.664822   116 HBProcessor.cpp:41] Machine "nebula-storaged":9779 is not registered
I20251127 07:25:31.673271   116 HBProcessor.cpp:33] Receive heartbeat from "nebula-storaged":9779, role = STORAGE
I20251127 07:25:31.675118   116 HBProcessor.cpp:41] Machine "nebula-storaged":9779 is not registered
I20251127 07:25:32.677945   116 HBProcessor.cpp:33] Receive heartbeat from "nebula-storaged":9779, role = STORAGE
I20251127 07:25:32.678732   116 HBProcessor.cpp:41] Machine "nebula-storaged":9779 is not registered
I20251127 07:25:33.682101   116 HBProcessor.cpp:33] Receive heartbeat from "nebula-storaged":9779, role = STORAGE
I20251127 07:25:33.684194   116 HBProcessor.cpp:41] Machine "nebula-storaged":9779 is not registered
I20251127 07:25:40.472622   116 HBProcessor.cpp:33] Receive heartbeat from "nebula-graphd":9669, role = GRAPH
I20251127 07:25:43.691789   116 HBProcessor.cpp:33] Receive heartbeat from "nebula-storaged":9779, role = STORAGE
I20251127 07:25:43.692399   116 HBProcessor.cpp:41] Machine "nebula-storaged":9779 is not registered
I20251127 07:25:44.695322   116 HBProcessor.cpp:33] Receive heartbeat from "nebula-storaged":9779, role = STORAGE
I20251127 07:25:44.695950   116 HBProcessor.cpp:41] Machine "nebula-storaged":9779 is not registered
I20251127 07:25:45.697813   116 HBProcessor.cpp:33] Receive heartbeat from "nebula-storaged":9779, role = STORAGE
I20251127 07:25:45.698668   116 HBProcessor.cpp:41] Machine "nebula-storaged":9779 is not registered
I20251127 07:25:46.704010   116 HBProcessor.cpp:33] Receive heartbeat from "nebula-storaged":9779, role = STORAGE
I20251127 07:25:46.705240   116 HBProcessor.cpp:41] Machine "nebula-storaged":9779 is not registered
I20251127 07:25:50.478776   116 HBProcessor.cpp:33] Receive heartbeat from "nebula-graphd":9669, role = GRAPH
I20251127 07:25:56.714363   116 HBProcessor.cpp:33] Receive heartbeat from "nebula-storaged":9779, role = STORAGE
I20251127 07:25:56.715188   116 HBProcessor.cpp:41] Machine "nebula-storaged":9779 is not registered
I20251127 07:25:57.719640   116 HBProcessor.cpp:33] Receive heartbeat from "nebula-storaged":9779, role = STORAGE
I20251127 07:25:57.721566   116 HBProcessor.cpp:41] Machine "nebula-storaged":9779 is not registered
I20251127 07:25:58.724776   116 HBProcessor.cpp:33] Receive heartbeat from "nebula-storaged":9779, role = STORAGE
I20251127 07:25:58.725594   116 HBProcessor.cpp:41] Machine "nebula-storaged":9779 is not registered
I20251127 07:25:59.730165   116 HBProcessor.cpp:33] Receive heartbeat from "nebula-storaged":9779, role = STORAGE
I20251127 07:25:59.731902   116 HBProcessor.cpp:41] Machine "nebula-storaged":9779 is not registered
I20251127 07:26:00.482700   116 HBProcessor.cpp:33] Receive heartbeat from "nebula-graphd":9669, role = GRAPH
I20251127 07:26:09.743373   116 HBProcessor.cpp:33] Receive heartbeat from "nebula-storaged":9779, role = STORAGE
I20251127 07:26:09.745687   116 HBProcessor.cpp:41] Machine "nebula-storaged":9779 is not registered
I20251127 07:26:10.497067   116 HBProcessor.cpp:33] Receive heartbeat from "nebula-graphd":9669, role = GRAPH
I20251127 07:26:10.755336   116 HBProcessor.cpp:33] Receive heartbeat from "nebula-storaged":9779, role = STORAGE
I20251127 07:26:10.755940   116 HBProcessor.cpp:41] Machine "nebula-storaged":9779 is not registered
I20251127 07:26:11.762821   116 HBProcessor.cpp:33] Receive heartbeat from "nebula-storaged":9779, role = STORAGE
I20251127 07:26:11.763855   116 HBProcessor.cpp:41] Machine "nebula-storaged":9779 is not registered
I20251127 07:26:12.766475   116 HBProcessor.cpp:33] Receive heartbeat from "nebula-storaged":9779, role = STORAGE
I20251127 07:26:12.767223   116 HBProcessor.cpp:41] Machine "nebula-storaged":9779 is not registered
I20251127 07:26:20.503609   116 HBProcessor.cpp:33] Receive heartbeat from "nebula-graphd":9669, role = GRAPH
I20251127 07:26:22.776417   116 HBProcessor.cpp:33] Receive heartbeat from "nebula-storaged":9779, role = STORAGE
I20251127 07:26:22.776837   116 HBProcessor.cpp:41] Machine "nebula-storaged":9779 is not registered
I20251127 07:26:23.781108   116 HBProcessor.cpp:33] Receive heartbeat from "nebula-storaged":9779, role = STORAGE
I20251127 07:26:23.781958   116 HBProcessor.cpp:41] Machine "nebula-storaged":9779 is not registered
I20251127 07:26:24.785053   116 HBProcessor.cpp:33] Receive heartbeat from "nebula-storaged":9779, role = STORAGE
I20251127 07:26:24.785715   116 HBProcessor.cpp:41] Machine "nebula-storaged":9779 is not registered
I20251127 07:26:25.788844   116 HBProcessor.cpp:33] Receive heartbeat from "nebula-storaged":9779, role = STORAGE
I20251127 07:26:25.790045   116 HBProcessor.cpp:41] Machine "nebula-storaged":9779 is not registered
I20251127 07:26:30.515198   116 HBProcessor.cpp:33] Receive heartbeat from "nebula-graphd":9669, role = GRAPH
I20251127 07:26:35.810575   116 HBProcessor.cpp:33] Receive heartbeat from "nebula-storaged":9779, role = STORAGE
I20251127 07:26:35.811477   116 HBProcessor.cpp:41] Machine "nebula-storaged":9779 is not registered
I20251127 07:26:36.818670   116 HBProcessor.cpp:33] Receive heartbeat from "nebula-storaged":9779, role = STORAGE
I20251127 07:26:36.819535   116 HBProcessor.cpp:41] Machine "nebula-storaged":9779 is not registered
I20251127 07:26:37.823033   116 HBProcessor.cpp:33] Receive heartbeat from "nebula-storaged":9779, role = STORAGE
I20251127 07:26:37.831734   116 HBProcessor.cpp:41] Machine "nebula-storaged":9779 is not registered
I20251127 07:26:38.840045   116 HBProcessor.cpp:33] Receive heartbeat from "nebula-storaged":9779, role = STORAGE
I20251127 07:26:38.841054   116 HBProcessor.cpp:41] Machine "nebula-storaged":9779 is not registered
I20251127 07:26:40.532773   116 HBProcessor.cpp:33] Receive heartbeat from "nebula-graphd":9669, role = GRAPH
I20251127 07:26:48.851202   116 HBProcessor.cpp:33] Receive heartbeat from "nebula-storaged":9779, role = STORAGE
I20251127 07:26:48.853714   116 HBProcessor.cpp:41] Machine "nebula-storaged":9779 is not registered
I20251127 07:26:49.857815   116 HBProcessor.cpp:33] Receive heartbeat from "nebula-storaged":9779, role = STORAGE
I20251127 07:26:49.858613   116 HBProcessor.cpp:41] Machine "nebula-storaged":9779 is not registered
I20251127 07:26:50.539117   116 HBProcessor.cpp:33] Receive heartbeat from "nebula-graphd":9669, role = GRAPH
I20251127 07:26:50.864305   116 HBProcessor.cpp:33] Receive heartbeat from "nebula-storaged":9779, role = STORAGE
I20251127 07:26:50.864900   116 HBProcessor.cpp:41] Machine "nebula-storaged":9779 is not registered
I20251127 07:26:51.871255   116 HBProcessor.cpp:33] Receive heartbeat from "nebula-storaged":9779, role = STORAGE
I20251127 07:26:51.871825   116 HBProcessor.cpp:41] Machine "nebula-storaged":9779 is not registered
I20251127 07:27:00.555537   116 HBProcessor.cpp:33] Receive heartbeat from "nebula-graphd":9669, role = GRAPH
I20251127 07:27:01.881131   116 HBProcessor.cpp:33] Receive heartbeat from "nebula-storaged":9779, role = STORAGE
I20251127 07:27:01.881655   116 HBProcessor.cpp:41] Machine "nebula-storaged":9779 is not registered
I20251127 07:27:02.889205   116 HBProcessor.cpp:33] Receive heartbeat from "nebula-storaged":9779, role = STORAGE
I20251127 07:27:02.889631   116 HBProcessor.cpp:41] Machine "nebula-storaged":9779 is not registered
I20251127 07:27:03.894591   116 HBProcessor.cpp:33] Receive heartbeat from "nebula-storaged":9779, role = STORAGE
I20251127 07:27:03.895325   116 HBProcessor.cpp:41] Machine "nebula-storaged":9779 is not registered
I20251127 07:27:04.899567   116 HBProcessor.cpp:33] Receive heartbeat from "nebula-storaged":9779, role = STORAGE
I20251127 07:27:04.900422   116 HBProcessor.cpp:41] Machine "nebula-storaged":9779 is not registered
I20251127 07:27:10.567497   116 HBProcessor.cpp:33] Receive heartbeat from "nebula-graphd":9669, role = GRAPH
I20251127 07:27:14.909794   116 HBProcessor.cpp:33] Receive heartbeat from "nebula-storaged":9779, role = STORAGE
I20251127 07:27:14.910567   116 HBProcessor.cpp:41] Machine "nebula-storaged":9779 is not registered
I20251127 07:27:15.912021   116 HBProcessor.cpp:33] Receive heartbeat from "nebula-storaged":9779, role = STORAGE
I20251127 07:27:15.912283   116 HBProcessor.cpp:41] Machine "nebula-storaged":9779 is not registered
I20251127 07:27:16.914816   116 HBProcessor.cpp:33] Receive heartbeat from "nebula-storaged":9779, role = STORAGE
I20251127 07:27:16.915697   116 HBProcessor.cpp:41] Machine "nebula-storaged":9779 is not registered
I20251127 07:27:17.918707   116 HBProcessor.cpp:33] Receive heartbeat from "nebula-storaged":9779, role = STORAGE
I20251127 07:27:17.919533   116 HBProcessor.cpp:41] Machine "nebula-storaged":9779 is not registered
I20251127 07:27:20.583691   116 HBProcessor.cpp:33] Receive heartbeat from "nebula-graphd":9669, role = GRAPH
I20251127 07:27:27.927979   116 HBProcessor.cpp:33] Receive heartbeat from "nebula-storaged":9779, role = STORAGE
I20251127 07:27:27.929244   116 HBProcessor.cpp:41] Machine "nebula-storaged":9779 is not registered
I20251127 07:27:28.932934   116 HBProcessor.cpp:33] Receive heartbeat from "nebula-storaged":9779, role = STORAGE
I20251127 07:27:28.933640   116 HBProcessor.cpp:41] Machine "nebula-storaged":9779 is not registered
I20251127 07:27:29.937433   116 HBProcessor.cpp:33] Receive heartbeat from "nebula-storaged":9779, role = STORAGE
I20251127 07:27:29.940243   116 HBProcessor.cpp:41] Machine "nebula-storaged":9779 is not registered
I20251127 07:27:30.595830   116 HBProcessor.cpp:33] Receive heartbeat from "nebula-graphd":9669, role = GRAPH
I20251127 07:27:30.945075   116 HBProcessor.cpp:33] Receive heartbeat from "nebula-storaged":9779, role = STORAGE
I20251127 07:27:30.945921   116 HBProcessor.cpp:41] Machine "nebula-storaged":9779 is not registered
I20251127 07:27:40.614044   116 HBProcessor.cpp:33] Receive heartbeat from "nebula-graphd":9669, role = GRAPH
I20251127 07:27:40.954061   116 HBProcessor.cpp:33] Receive heartbeat from "nebula-storaged":9779, role = STORAGE
I20251127 07:27:40.954471   116 HBProcessor.cpp:41] Machine "nebula-storaged":9779 is not registered
I20251127 07:27:41.959528   116 HBProcessor.cpp:33] Receive heartbeat from "nebula-storaged":9779, role = STORAGE
I20251127 07:27:41.960371   116 HBProcessor.cpp:41] Machine "nebula-storaged":9779 is not registered
I20251127 07:27:42.963711   116 HBProcessor.cpp:33] Receive heartbeat from "nebula-storaged":9779, role = STORAGE
I20251127 07:27:42.964393   116 HBProcessor.cpp:41] Machine "nebula-storaged":9779 is not registered
I20251127 07:27:43.968304   116 HBProcessor.cpp:33] Receive heartbeat from "nebula-storaged":9779, role = STORAGE
I20251127 07:27:43.969842   116 HBProcessor.cpp:41] Machine "nebula-storaged":9779 is not registered
I20251127 07:27:50.631403   116 HBProcessor.cpp:33] Receive heartbeat from "nebula-graphd":9669, role = GRAPH
I20251127 07:27:53.976794   116 HBProcessor.cpp:33] Receive heartbeat from "nebula-storaged":9779, role = STORAGE
I20251127 07:27:53.977190   116 HBProcessor.cpp:41] Machine "nebula-storaged":9779 is not registered
I20251127 07:27:54.980525   116 HBProcessor.cpp:33] Receive heartbeat from "nebula-storaged":9779, role = STORAGE
I20251127 07:27:54.981129   116 HBProcessor.cpp:41] Machine "nebula-storaged":9779 is not registered
I20251127 07:27:55.983812   116 HBProcessor.cpp:33] Receive heartbeat from "nebula-storaged":9779, role = STORAGE
I20251127 07:27:55.984043   116 HBProcessor.cpp:41] Machine "nebula-storaged":9779 is not registered
I20251127 07:27:56.987869   116 HBProcessor.cpp:33] Receive heartbeat from "nebula-storaged":9779, role = STORAGE
I20251127 07:27:56.990007   116 HBProcessor.cpp:41] Machine "nebula-storaged":9779 is not registered
I20251127 07:28:00.653961   116 HBProcessor.cpp:33] Receive heartbeat from "nebula-graphd":9669, role = GRAPH
I20251127 07:28:06.998823   116 HBProcessor.cpp:33] Receive heartbeat from "nebula-storaged":9779, role = STORAGE
I20251127 07:28:06.999971   116 HBProcessor.cpp:41] Machine "nebula-storaged":9779 is not registered
I20251127 07:28:08.008607   116 HBProcessor.cpp:33] Receive heartbeat from "nebula-storaged":9779, role = STORAGE
I20251127 07:28:08.009563   116 HBProcessor.cpp:41] Machine "nebula-storaged":9779 is not registered
I20251127 07:28:09.013849   116 HBProcessor.cpp:33] Receive heartbeat from "nebula-storaged":9779, role = STORAGE
I20251127 07:28:09.014706   116 HBProcessor.cpp:41] Machine "nebula-storaged":9779 is not registered
I20251127 07:28:10.019472   116 HBProcessor.cpp:33] Receive heartbeat from "nebula-storaged":9779, role = STORAGE
I20251127 07:28:10.020041   116 HBProcessor.cpp:41] Machine "nebula-storaged":9779 is not registered
I20251127 07:28:10.665400   116 HBProcessor.cpp:33] Receive heartbeat from "nebula-graphd":9669, role = GRAPH
I20251127 07:28:20.028223   116 HBProcessor.cpp:33] Receive heartbeat from "nebula-storaged":9779, role = STORAGE
I20251127 07:28:20.029376   116 HBProcessor.cpp:41] Machine "nebula-storaged":9779 is not registered
I20251127 07:28:20.680968   116 HBProcessor.cpp:33] Receive heartbeat from "nebula-graphd":9669, role = GRAPH
I20251127 07:28:21.033623   116 HBProcessor.cpp:33] Receive heartbeat from "nebula-storaged":9779, role = STORAGE
I20251127 07:28:21.034577   116 HBProcessor.cpp:41] Machine "nebula-storaged":9779 is not registered
I20251127 07:28:22.038038   116 HBProcessor.cpp:33] Receive heartbeat from "nebula-storaged":9779, role = STORAGE
I20251127 07:28:22.038853   116 HBProcessor.cpp:41] Machine "nebula-storaged":9779 is not registered
I20251127 07:28:23.042894   116 HBProcessor.cpp:33] Receive heartbeat from "nebula-storaged":9779, role = STORAGE
I20251127 07:28:23.043484   116 HBProcessor.cpp:41] Machine "nebula-storaged":9779 is not registered
I20251127 07:28:30.687407   116 HBProcessor.cpp:33] Receive heartbeat from "nebula-graphd":9669, role = GRAPH
I20251127 07:28:33.052830   116 HBProcessor.cpp:33] Receive heartbeat from "nebula-storaged":9779, role = STORAGE
I20251127 07:28:33.053272   116 HBProcessor.cpp:41] Machine "nebula-storaged":9779 is not registered
I20251127 07:28:34.054947   116 HBProcessor.cpp:33] Receive heartbeat from "nebula-storaged":9779, role = STORAGE
I20251127 07:28:34.055544   116 HBProcessor.cpp:41] Machine "nebula-storaged":9779 is not registered
I20251127 07:28:35.061734   116 HBProcessor.cpp:33] Receive heartbeat from "nebula-storaged":9779, role = STORAGE
I20251127 07:28:35.062160   116 HBProcessor.cpp:41] Machine "nebula-storaged":9779 is not registered
I20251127 07:28:36.065294   116 HBProcessor.cpp:33] Receive heartbeat from "nebula-storaged":9779, role = STORAGE
I20251127 07:28:36.065989   116 HBProcessor.cpp:41] Machine "nebula-storaged":9779 is not registered
I20251127 07:28:40.705955   116 HBProcessor.cpp:33] Receive heartbeat from "nebula-graphd":9669, role = GRAPH
I20251127 07:28:46.071344   116 HBProcessor.cpp:33] Receive heartbeat from "nebula-storaged":9779, role = STORAGE
I20251127 07:28:46.071676   116 HBProcessor.cpp:41] Machine "nebula-storaged":9779 is not registered
I20251127 07:28:47.076380   116 HBProcessor.cpp:33] Receive heartbeat from "nebula-storaged":9779, role = STORAGE
I20251127 07:28:47.077255   116 HBProcessor.cpp:41] Machine "nebula-storaged":9779 is not registered
I20251127 07:28:48.080634   116 HBProcessor.cpp:33] Receive heartbeat from "nebula-storaged":9779, role = STORAGE
I20251127 07:28:48.081777   116 HBProcessor.cpp:41] Machine "nebula-storaged":9779 is not registered
I20251127 07:28:49.085088   116 HBProcessor.cpp:33] Receive heartbeat from "nebula-storaged":9779, role = STORAGE
I20251127 07:28:49.085407   116 HBProcessor.cpp:41] Machine "nebula-storaged":9779 is not registered
I20251127 07:28:50.715339   116 HBProcessor.cpp:33] Receive heartbeat from "nebula-graphd":9669, role = GRAPH
I20251127 07:28:59.101408   116 HBProcessor.cpp:33] Receive heartbeat from "nebula-storaged":9779, role = STORAGE
I20251127 07:28:59.102449   116 HBProcessor.cpp:41] Machine "nebula-storaged":9779 is not registered
I20251127 07:29:00.105897   116 HBProcessor.cpp:33] Receive heartbeat from "nebula-storaged":9779, role = STORAGE
I20251127 07:29:00.106838   116 HBProcessor.cpp:41] Machine "nebula-storaged":9779 is not registered
I20251127 07:29:00.733973   116 HBProcessor.cpp:33] Receive heartbeat from "nebula-graphd":9669, role = GRAPH
I20251127 07:29:01.110402   116 HBProcessor.cpp:33] Receive heartbeat from "nebula-storaged":9779, role = STORAGE
I20251127 07:29:01.111191   116 HBProcessor.cpp:41] Machine "nebula-storaged":9779 is not registered
I20251127 07:29:02.119835   116 HBProcessor.cpp:33] Receive heartbeat from "nebula-storaged":9779, role = STORAGE
I20251127 07:29:02.120759   116 HBProcessor.cpp:41] Machine "nebula-storaged":9779 is not registered
I20251127 07:29:10.738068   116 HBProcessor.cpp:33] Receive heartbeat from "nebula-graphd":9669, role = GRAPH
I20251127 07:29:12.127631   116 HBProcessor.cpp:33] Receive heartbeat from "nebula-storaged":9779, role = STORAGE
I20251127 07:29:12.128216   116 HBProcessor.cpp:41] Machine "nebula-storaged":9779 is not registered
I20251127 07:29:13.133985   116 HBProcessor.cpp:33] Receive heartbeat from "nebula-storaged":9779, role = STORAGE
I20251127 07:29:13.134922   116 HBProcessor.cpp:41] Machine "nebula-storaged":9779 is not registered
I20251127 07:29:14.137779   116 HBProcessor.cpp:33] Receive heartbeat from "nebula-storaged":9779, role = STORAGE
I20251127 07:29:14.138581   116 HBProcessor.cpp:41] Machine "nebula-storaged":9779 is not registered
I20251127 07:29:15.141130   116 HBProcessor.cpp:33] Receive heartbeat from "nebula-storaged":9779, role = STORAGE
I20251127 07:29:15.141798   116 HBProcessor.cpp:41] Machine "nebula-storaged":9779 is not registered
I20251127 07:29:20.755569   116 HBProcessor.cpp:33] Receive heartbeat from "nebula-graphd":9669, role = GRAPH
I20251127 07:29:25.149813   116 HBProcessor.cpp:33] Receive heartbeat from "nebula-storaged":9779, role = STORAGE
I20251127 07:29:25.150471   116 HBProcessor.cpp:41] Machine "nebula-storaged":9779 is not registered
I20251127 07:29:26.155109   116 HBProcessor.cpp:33] Receive heartbeat from "nebula-storaged":9779, role = STORAGE
I20251127 07:29:26.156348   116 HBProcessor.cpp:41] Machine "nebula-storaged":9779 is not registered
I20251127 07:29:27.162974   116 HBProcessor.cpp:33] Receive heartbeat from "nebula-storaged":9779, role = STORAGE
I20251127 07:29:27.164286   116 HBProcessor.cpp:41] Machine "nebula-storaged":9779 is not registered
I20251127 07:29:28.168167   116 HBProcessor.cpp:33] Receive heartbeat from "nebula-storaged":9779, role = STORAGE
I20251127 07:29:28.169296   116 HBProcessor.cpp:41] Machine "nebula-storaged":9779 is not registered
I20251127 07:29:30.766000   116 HBProcessor.cpp:33] Receive heartbeat from "nebula-graphd":9669, role = GRAPH
I20251127 07:29:38.177018   116 HBProcessor.cpp:33] Receive heartbeat from "nebula-storaged":9779, role = STORAGE
I20251127 07:29:38.187561   116 HBProcessor.cpp:41] Machine "nebula-storaged":9779 is not registered
I20251127 07:29:39.194211   116 HBProcessor.cpp:33] Receive heartbeat from "nebula-storaged":9779, role = STORAGE
I20251127 07:29:39.194809   116 HBProcessor.cpp:41] Machine "nebula-storaged":9779 is not registered
I20251127 07:29:40.203143   116 HBProcessor.cpp:33] Receive heartbeat from "nebula-storaged":9779, role = STORAGE
I20251127 07:29:40.203891   116 HBProcessor.cpp:41] Machine "nebula-storaged":9779 is not registered
I20251127 07:29:40.771198   116 HBProcessor.cpp:33] Receive heartbeat from "nebula-graphd":9669, role = GRAPH
I20251127 07:29:41.212879   116 HBProcessor.cpp:33] Receive heartbeat from "nebula-storaged":9779, role = STORAGE
I20251127 07:29:41.213665   116 HBProcessor.cpp:41] Machine "nebula-storaged":9779 is not registered
I20251127 07:29:50.789701   116 HBProcessor.cpp:33] Receive heartbeat from "nebula-graphd":9669, role = GRAPH
I20251127 07:29:51.221659   116 HBProcessor.cpp:33] Receive heartbeat from "nebula-storaged":9779, role = STORAGE
I20251127 07:29:51.222014   116 HBProcessor.cpp:41] Machine "nebula-storaged":9779 is not registered
I20251127 07:29:52.225677   116 HBProcessor.cpp:33] Receive heartbeat from "nebula-storaged":9779, role = STORAGE
I20251127 07:29:52.226423   116 HBProcessor.cpp:41] Machine "nebula-storaged":9779 is not registered
I20251127 07:29:53.228478   116 HBProcessor.cpp:33] Receive heartbeat from "nebula-storaged":9779, role = STORAGE
I20251127 07:29:53.228657   116 HBProcessor.cpp:41] Machine "nebula-storaged":9779 is not registered
I20251127 07:29:54.232131   116 HBProcessor.cpp:33] Receive heartbeat from "nebula-storaged":9779, role = STORAGE
I20251127 07:29:54.233034   116 HBProcessor.cpp:41] Machine "nebula-storaged":9779 is not registered
I20251127 07:30:00.806198   116 HBProcessor.cpp:33] Receive heartbeat from "nebula-graphd":9669, role = GRAPH
I20251127 07:30:04.238483   116 HBProcessor.cpp:33] Receive heartbeat from "nebula-storaged":9779, role = STORAGE
I20251127 07:30:04.238737   116 HBProcessor.cpp:41] Machine "nebula-storaged":9779 is not registered
I20251127 07:30:05.246135   116 HBProcessor.cpp:33] Receive heartbeat from "nebula-storaged":9779, role = STORAGE
I20251127 07:30:05.247037   116 HBProcessor.cpp:41] Machine "nebula-storaged":9779 is not registered
I20251127 07:30:06.250381   116 HBProcessor.cpp:33] Receive heartbeat from "nebula-storaged":9779, role = STORAGE
I20251127 07:30:06.251685   116 HBProcessor.cpp:41] Machine "nebula-storaged":9779 is not registered
I20251127 07:30:07.259958   116 HBProcessor.cpp:33] Receive heartbeat from "nebula-storaged":9779, role = STORAGE
I20251127 07:30:07.260762   116 HBProcessor.cpp:41] Machine "nebula-storaged":9779 is not registered
I20251127 07:30:10.814620   116 HBProcessor.cpp:33] Receive heartbeat from "nebula-graphd":9669, role = GRAPH
I20251127 07:30:17.271296   116 HBProcessor.cpp:33] Receive heartbeat from "nebula-storaged":9779, role = STORAGE
I20251127 07:30:17.272907   116 HBProcessor.cpp:41] Machine "nebula-storaged":9779 is not registered
I20251127 07:30:18.277518   116 HBProcessor.cpp:33] Receive heartbeat from "nebula-storaged":9779, role = STORAGE
I20251127 07:30:18.278882   116 HBProcessor.cpp:41] Machine "nebula-storaged":9779 is not registered
I20251127 07:30:19.285202   116 HBProcessor.cpp:33] Receive heartbeat from "nebula-storaged":9779, role = STORAGE
I20251127 07:30:19.285871   116 HBProcessor.cpp:41] Machine "nebula-storaged":9779 is not registered
I20251127 07:30:20.291838   116 HBProcessor.cpp:33] Receive heartbeat from "nebula-storaged":9779, role = STORAGE
I20251127 07:30:20.292501   116 HBProcessor.cpp:41] Machine "nebula-storaged":9779 is not registered
I20251127 07:30:20.836278   116 HBProcessor.cpp:33] Receive heartbeat from "nebula-graphd":9669, role = GRAPH
I20251127 07:30:30.300415   116 HBProcessor.cpp:33] Receive heartbeat from "nebula-storaged":9779, role = STORAGE
I20251127 07:30:30.301229   116 HBProcessor.cpp:41] Machine "nebula-storaged":9779 is not registered
I20251127 07:30:30.854427   116 HBProcessor.cpp:33] Receive heartbeat from "nebula-graphd":9669, role = GRAPH
I20251127 07:30:31.306942   116 HBProcessor.cpp:33] Receive heartbeat from "nebula-storaged":9779, role = STORAGE
I20251127 07:30:31.307719   116 HBProcessor.cpp:41] Machine "nebula-storaged":9779 is not registered
I20251127 07:30:32.311949   116 HBProcessor.cpp:33] Receive heartbeat from "nebula-storaged":9779, role = STORAGE
I20251127 07:30:32.312594   116 HBProcessor.cpp:41] Machine "nebula-storaged":9779 is not registered
I20251127 07:30:33.316040   116 HBProcessor.cpp:33] Receive heartbeat from "nebula-storaged":9779, role = STORAGE
I20251127 07:30:33.316421   116 HBProcessor.cpp:41] Machine "nebula-storaged":9779 is not registered
I20251127 07:30:40.874334   116 HBProcessor.cpp:33] Receive heartbeat from "nebula-graphd":9669, role = GRAPH
I20251127 07:30:43.321933   116 HBProcessor.cpp:33] Receive heartbeat from "nebula-storaged":9779, role = STORAGE
I20251127 07:30:43.322079   116 HBProcessor.cpp:41] Machine "nebula-storaged":9779 is not registered
I20251127 07:30:44.328192   116 HBProcessor.cpp:33] Receive heartbeat from "nebula-storaged":9779, role = STORAGE
I20251127 07:30:44.328688   116 HBProcessor.cpp:41] Machine "nebula-storaged":9779 is not registered
I20251127 07:30:45.330567   116 HBProcessor.cpp:33] Receive heartbeat from "nebula-storaged":9779, role = STORAGE
I20251127 07:30:45.330870   116 HBProcessor.cpp:41] Machine "nebula-storaged":9779 is not registered
I20251127 07:30:46.332916   116 HBProcessor.cpp:33] Receive heartbeat from "nebula-storaged":9779, role = STORAGE
I20251127 07:30:46.333105   116 HBProcessor.cpp:41] Machine "nebula-storaged":9779 is not registered
I20251127 07:30:50.881381   116 HBProcessor.cpp:33] Receive heartbeat from "nebula-graphd":9669, role = GRAPH
I20251127 07:30:56.336453   116 HBProcessor.cpp:33] Receive heartbeat from "nebula-storaged":9779, role = STORAGE
I20251127 07:30:56.336797   116 HBProcessor.cpp:41] Machine "nebula-storaged":9779 is not registered
I20251127 07:30:57.342308   116 HBProcessor.cpp:33] Receive heartbeat from "nebula-storaged":9779, role = STORAGE
I20251127 07:30:57.343079   116 HBProcessor.cpp:41] Machine "nebula-storaged":9779 is not registered
I20251127 07:30:58.347594   116 HBProcessor.cpp:33] Receive heartbeat from "nebula-storaged":9779, role = STORAGE
I20251127 07:30:58.348359   116 HBProcessor.cpp:41] Machine "nebula-storaged":9779 is not registered
I20251127 07:30:59.352922   116 HBProcessor.cpp:33] Receive heartbeat from "nebula-storaged":9779, role = STORAGE
I20251127 07:30:59.353717   116 HBProcessor.cpp:41] Machine "nebula-storaged":9779 is not registered
I20251127 07:31:00.899416   116 HBProcessor.cpp:33] Receive heartbeat from "nebula-graphd":9669, role = GRAPH
I20251127 07:31:09.366788   116 HBProcessor.cpp:33] Receive heartbeat from "nebula-storaged":9779, role = STORAGE
I20251127 07:31:09.368396   116 HBProcessor.cpp:41] Machine "nebula-storaged":9779 is not registered
I20251127 07:31:10.372020   116 HBProcessor.cpp:33] Receive heartbeat from "nebula-storaged":9779, role = STORAGE
I20251127 07:31:10.372459   116 HBProcessor.cpp:41] Machine "nebula-storaged":9779 is not registered
I20251127 07:31:10.914336   116 HBProcessor.cpp:33] Receive heartbeat from "nebula-graphd":9669, role = GRAPH
I20251127 07:31:11.376103   116 HBProcessor.cpp:33] Receive heartbeat from "nebula-storaged":9779, role = STORAGE
I20251127 07:31:11.376452   116 HBProcessor.cpp:41] Machine "nebula-storaged":9779 is not registered
I20251127 07:31:12.379463   116 HBProcessor.cpp:33] Receive heartbeat from "nebula-storaged":9779, role = STORAGE
I20251127 07:31:12.380239   116 HBProcessor.cpp:41] Machine "nebula-storaged":9779 is not registered
I20251127 07:31:20.932897   116 HBProcessor.cpp:33] Receive heartbeat from "nebula-graphd":9669, role = GRAPH
I20251127 07:31:22.388747   116 HBProcessor.cpp:33] Receive heartbeat from "nebula-storaged":9779, role = STORAGE
I20251127 07:31:22.389030   116 HBProcessor.cpp:41] Machine "nebula-storaged":9779 is not registered
I20251127 07:31:23.394603   116 HBProcessor.cpp:33] Receive heartbeat from "nebula-storaged":9779, role = STORAGE
I20251127 07:31:23.395597   116 HBProcessor.cpp:41] Machine "nebula-storaged":9779 is not registered
I20251127 07:31:24.401818   116 HBProcessor.cpp:33] Receive heartbeat from "nebula-storaged":9779, role = STORAGE
I20251127 07:31:24.402294   116 HBProcessor.cpp:41] Machine "nebula-storaged":9779 is not registered
I20251127 07:31:25.404667   116 HBProcessor.cpp:33] Receive heartbeat from "nebula-storaged":9779, role = STORAGE
I20251127 07:31:25.404938   116 HBProcessor.cpp:41] Machine "nebula-storaged":9779 is not registered
I20251127 07:31:30.951769   116 HBProcessor.cpp:33] Receive heartbeat from "nebula-graphd":9669, role = GRAPH
I20251127 07:31:35.416538   116 HBProcessor.cpp:33] Receive heartbeat from "nebula-storaged":9779, role = STORAGE
I20251127 07:31:35.417047   116 HBProcessor.cpp:41] Machine "nebula-storaged":9779 is not registered
I20251127 07:31:36.421393   116 HBProcessor.cpp:33] Receive heartbeat from "nebula-storaged":9779, role = STORAGE
I20251127 07:31:36.421895   116 HBProcessor.cpp:41] Machine "nebula-storaged":9779 is not registered
I20251127 07:31:37.425907   116 HBProcessor.cpp:33] Receive heartbeat from "nebula-storaged":9779, role = STORAGE
I20251127 07:31:37.427088   116 HBProcessor.cpp:41] Machine "nebula-storaged":9779 is not registered
I20251127 07:31:38.431203   116 HBProcessor.cpp:33] Receive heartbeat from "nebula-storaged":9779, role = STORAGE
I20251127 07:31:38.432189   116 HBProcessor.cpp:41] Machine "nebula-storaged":9779 is not registered
I20251127 07:31:40.961504   116 HBProcessor.cpp:33] Receive heartbeat from "nebula-graphd":9669, role = GRAPH
I20251127 07:31:48.443045   116 HBProcessor.cpp:33] Receive heartbeat from "nebula-storaged":9779, role = STORAGE
I20251127 07:31:48.443719   116 HBProcessor.cpp:41] Machine "nebula-storaged":9779 is not registered
I20251127 07:31:49.448426   116 HBProcessor.cpp:33] Receive heartbeat from "nebula-storaged":9779, role = STORAGE
I20251127 07:31:49.449352   116 HBProcessor.cpp:41] Machine "nebula-storaged":9779 is not registered
I20251127 07:31:50.453699   116 HBProcessor.cpp:33] Receive heartbeat from "nebula-storaged":9779, role = STORAGE
I20251127 07:31:50.454921   116 HBProcessor.cpp:41] Machine "nebula-storaged":9779 is not registered
I20251127 07:31:50.979737   116 HBProcessor.cpp:33] Receive heartbeat from "nebula-graphd":9669, role = GRAPH
I20251127 07:31:51.458240   116 HBProcessor.cpp:33] Receive heartbeat from "nebula-storaged":9779, role = STORAGE
I20251127 07:31:51.458913   116 HBProcessor.cpp:41] Machine "nebula-storaged":9779 is not registered
I20251127 07:32:00.983834   116 HBProcessor.cpp:33] Receive heartbeat from "nebula-graphd":9669, role = GRAPH
I20251127 07:32:01.467905   116 HBProcessor.cpp:33] Receive heartbeat from "nebula-storaged":9779, role = STORAGE
I20251127 07:32:01.468335   116 HBProcessor.cpp:41] Machine "nebula-storaged":9779 is not registered
I20251127 07:32:02.470860   116 HBProcessor.cpp:33] Receive heartbeat from "nebula-storaged":9779, role = STORAGE
I20251127 07:32:02.471376   116 HBProcessor.cpp:41] Machine "nebula-storaged":9779 is not registered
I20251127 07:32:03.478981   116 HBProcessor.cpp:33] Receive heartbeat from "nebula-storaged":9779, role = STORAGE
I20251127 07:32:03.479712   116 HBProcessor.cpp:41] Machine "nebula-storaged":9779 is not registered
I20251127 07:32:04.483830   116 HBProcessor.cpp:33] Receive heartbeat from "nebula-storaged":9779, role = STORAGE
I20251127 07:32:04.484606   116 HBProcessor.cpp:41] Machine "nebula-storaged":9779 is not registered
I20251127 07:32:11.004703   116 HBProcessor.cpp:33] Receive heartbeat from "nebula-graphd":9669, role = GRAPH
I20251127 07:32:14.495910   116 HBProcessor.cpp:33] Receive heartbeat from "nebula-storaged":9779, role = STORAGE
I20251127 07:32:14.496403   116 HBProcessor.cpp:41] Machine "nebula-storaged":9779 is not registered
I20251127 07:32:15.500434   116 HBProcessor.cpp:33] Receive heartbeat from "nebula-storaged":9779, role = STORAGE
I20251127 07:32:15.501195   116 HBProcessor.cpp:41] Machine "nebula-storaged":9779 is not registered
I20251127 07:32:16.504525   116 HBProcessor.cpp:33] Receive heartbeat from "nebula-storaged":9779, role = STORAGE
I20251127 07:32:16.505398   116 HBProcessor.cpp:41] Machine "nebula-storaged":9779 is not registered
I20251127 07:32:17.511351   116 HBProcessor.cpp:33] Receive heartbeat from "nebula-storaged":9779, role = STORAGE
I20251127 07:32:17.512791   116 HBProcessor.cpp:41] Machine "nebula-storaged":9779 is not registered
I20251127 07:32:21.017346   116 HBProcessor.cpp:33] Receive heartbeat from "nebula-graphd":9669, role = GRAPH
I20251127 07:32:27.518618   116 HBProcessor.cpp:33] Receive heartbeat from "nebula-storaged":9779, role = STORAGE
I20251127 07:32:27.519727   116 HBProcessor.cpp:41] Machine "nebula-storaged":9779 is not registered
I20251127 07:32:28.523056   116 HBProcessor.cpp:33] Receive heartbeat from "nebula-storaged":9779, role = STORAGE
I20251127 07:32:28.523674   116 HBProcessor.cpp:41] Machine "nebula-storaged":9779 is not registered
I20251127 07:32:29.527272   116 HBProcessor.cpp:33] Receive heartbeat from "nebula-storaged":9779, role = STORAGE
I20251127 07:32:29.528040   116 HBProcessor.cpp:41] Machine "nebula-storaged":9779 is not registered
I20251127 07:32:30.531082   116 HBProcessor.cpp:33] Receive heartbeat from "nebula-storaged":9779, role = STORAGE
I20251127 07:32:30.532048   116 HBProcessor.cpp:41] Machine "nebula-storaged":9779 is not registered
I20251127 07:32:31.065452   116 HBProcessor.cpp:33] Receive heartbeat from "nebula-graphd":9669, role = GRAPH
I20251127 07:32:40.540537   116 HBProcessor.cpp:33] Receive heartbeat from "nebula-storaged":9779, role = STORAGE
I20251127 07:32:40.541543   116 HBProcessor.cpp:41] Machine "nebula-storaged":9779 is not registered
I20251127 07:32:41.086108   116 HBProcessor.cpp:33] Receive heartbeat from "nebula-graphd":9669, role = GRAPH
I20251127 07:32:41.545691   116 HBProcessor.cpp:33] Receive heartbeat from "nebula-storaged":9779, role = STORAGE
I20251127 07:32:41.546044   116 HBProcessor.cpp:41] Machine "nebula-storaged":9779 is not registered
I20251127 07:32:42.549435   116 HBProcessor.cpp:33] Receive heartbeat from "nebula-storaged":9779, role = STORAGE
I20251127 07:32:42.550249   116 HBProcessor.cpp:41] Machine "nebula-storaged":9779 is not registered
I20251127 07:32:43.553539   116 HBProcessor.cpp:33] Receive heartbeat from "nebula-storaged":9779, role = STORAGE
I20251127 07:32:43.554498   116 HBProcessor.cpp:41] Machine "nebula-storaged":9779 is not registered
I20251127 07:32:51.104494   116 HBProcessor.cpp:33] Receive heartbeat from "nebula-graphd":9669, role = GRAPH
I20251127 07:32:53.562881   116 HBProcessor.cpp:33] Receive heartbeat from "nebula-storaged":9779, role = STORAGE
I20251127 07:32:53.563230   116 HBProcessor.cpp:41] Machine "nebula-storaged":9779 is not registered
I20251127 07:32:54.567296   116 HBProcessor.cpp:33] Receive heartbeat from "nebula-storaged":9779, role = STORAGE
I20251127 07:32:54.568275   116 HBProcessor.cpp:41] Machine "nebula-storaged":9779 is not registered
I20251127 07:32:55.570407   116 HBProcessor.cpp:33] Receive heartbeat from "nebula-storaged":9779, role = STORAGE
I20251127 07:32:55.570681   116 HBProcessor.cpp:41] Machine "nebula-storaged":9779 is not registered
I20251127 07:32:56.575968   116 HBProcessor.cpp:33] Receive heartbeat from "nebula-storaged":9779, role = STORAGE
I20251127 07:32:56.576687   116 HBProcessor.cpp:41] Machine "nebula-storaged":9779 is not registered
I20251127 07:33:01.124480   116 HBProcessor.cpp:33] Receive heartbeat from "nebula-graphd":9669, role = GRAPH
I20251127 07:33:06.585273   116 HBProcessor.cpp:33] Receive heartbeat from "nebula-storaged":9779, role = STORAGE
I20251127 07:33:06.586397   116 HBProcessor.cpp:41] Machine "nebula-storaged":9779 is not registered
I20251127 07:33:07.590553   116 HBProcessor.cpp:33] Receive heartbeat from "nebula-storaged":9779, role = STORAGE
I20251127 07:33:07.590922   116 HBProcessor.cpp:41] Machine "nebula-storaged":9779 is not registered
I20251127 07:33:08.599699   116 HBProcessor.cpp:33] Receive heartbeat from "nebula-storaged":9779, role = STORAGE
I20251127 07:33:08.600984   116 HBProcessor.cpp:41] Machine "nebula-storaged":9779 is not registered
I20251127 07:33:09.608994   116 HBProcessor.cpp:33] Receive heartbeat from "nebula-storaged":9779, role = STORAGE
I20251127 07:33:09.609369   116 HBProcessor.cpp:41] Machine "nebula-storaged":9779 is not registered
I20251127 07:33:11.132402   116 HBProcessor.cpp:33] Receive heartbeat from "nebula-graphd":9669, role = GRAPH
I20251127 07:33:19.621681   116 HBProcessor.cpp:33] Receive heartbeat from "nebula-storaged":9779, role = STORAGE
I20251127 07:33:19.623030   116 HBProcessor.cpp:41] Machine "nebula-storaged":9779 is not registered
I20251127 07:33:20.628425   116 HBProcessor.cpp:33] Receive heartbeat from "nebula-storaged":9779, role = STORAGE
I20251127 07:33:20.629422   116 HBProcessor.cpp:41] Machine "nebula-storaged":9779 is not registered
I20251127 07:33:21.149572   116 HBProcessor.cpp:33] Receive heartbeat from "nebula-graphd":9669, role = GRAPH
I20251127 07:33:21.635986   116 HBProcessor.cpp:33] Receive heartbeat from "nebula-storaged":9779, role = STORAGE
I20251127 07:33:21.636905   116 HBProcessor.cpp:41] Machine "nebula-storaged":9779 is not registered
I20251127 07:33:22.639161   116 HBProcessor.cpp:33] Receive heartbeat from "nebula-storaged":9779, role = STORAGE
I20251127 07:33:22.639923   116 HBProcessor.cpp:41] Machine "nebula-storaged":9779 is not registered
I20251127 07:33:31.168627   116 HBProcessor.cpp:33] Receive heartbeat from "nebula-graphd":9669, role = GRAPH
I20251127 07:33:32.713732   116 HBProcessor.cpp:33] Receive heartbeat from "nebula-storaged":9779, role = STORAGE
I20251127 07:33:32.714249   116 HBProcessor.cpp:41] Machine "nebula-storaged":9779 is not registered
I20251127 07:33:33.718117   116 HBProcessor.cpp:33] Receive heartbeat from "nebula-storaged":9779, role = STORAGE
I20251127 07:33:33.718788   116 HBProcessor.cpp:41] Machine "nebula-storaged":9779 is not registered
I20251127 07:33:34.723582   116 HBProcessor.cpp:33] Receive heartbeat from "nebula-storaged":9779, role = STORAGE
I20251127 07:33:34.723891   116 HBProcessor.cpp:41] Machine "nebula-storaged":9779 is not registered
I20251127 07:33:35.727675   116 HBProcessor.cpp:33] Receive heartbeat from "nebula-storaged":9779, role = STORAGE
I20251127 07:33:35.728616   116 HBProcessor.cpp:41] Machine "nebula-storaged":9779 is not registered
I20251127 07:33:41.188580   116 HBProcessor.cpp:33] Receive heartbeat from "nebula-graphd":9669, role = GRAPH
I20251127 07:33:45.741793   116 HBProcessor.cpp:33] Receive heartbeat from "nebula-storaged":9779, role = STORAGE
I20251127 07:33:45.742206   116 HBProcessor.cpp:41] Machine "nebula-storaged":9779 is not registered
I20251127 07:33:46.745160   116 HBProcessor.cpp:33] Receive heartbeat from "nebula-storaged":9779, role = STORAGE
I20251127 07:33:46.746162   116 HBProcessor.cpp:41] Machine "nebula-storaged":9779 is not registered
I20251127 07:33:47.750577   116 HBProcessor.cpp:33] Receive heartbeat from "nebula-storaged":9779, role = STORAGE
I20251127 07:33:47.751156   116 HBProcessor.cpp:41] Machine "nebula-storaged":9779 is not registered
I20251127 07:33:48.753837   116 HBProcessor.cpp:33] Receive heartbeat from "nebula-storaged":9779, role = STORAGE
I20251127 07:33:48.754515   116 HBProcessor.cpp:41] Machine "nebula-storaged":9779 is not registered
I20251127 07:33:51.206485   116 HBProcessor.cpp:33] Receive heartbeat from "nebula-graphd":9669, role = GRAPH
I20251127 07:33:58.761826   116 HBProcessor.cpp:33] Receive heartbeat from "nebula-storaged":9779, role = STORAGE
I20251127 07:33:58.763216   116 HBProcessor.cpp:41] Machine "nebula-storaged":9779 is not registered
I20251127 07:33:59.768023   116 HBProcessor.cpp:33] Receive heartbeat from "nebula-storaged":9779, role = STORAGE
I20251127 07:33:59.768463   116 HBProcessor.cpp:41] Machine "nebula-storaged":9779 is not registered
I20251127 07:34:00.770901   116 HBProcessor.cpp:33] Receive heartbeat from "nebula-storaged":9779, role = STORAGE
I20251127 07:34:00.771303   116 HBProcessor.cpp:41] Machine "nebula-storaged":9779 is not registered
I20251127 07:34:01.217509   116 HBProcessor.cpp:33] Receive heartbeat from "nebula-graphd":9669, role = GRAPH
I20251127 07:34:01.774353   116 HBProcessor.cpp:33] Receive heartbeat from "nebula-storaged":9779, role = STORAGE
I20251127 07:34:01.775225   116 HBProcessor.cpp:41] Machine "nebula-storaged":9779 is not registered
I20251127 07:34:11.242120   116 HBProcessor.cpp:33] Receive heartbeat from "nebula-graphd":9669, role = GRAPH
I20251127 07:34:11.784559   116 HBProcessor.cpp:33] Receive heartbeat from "nebula-storaged":9779, role = STORAGE
I20251127 07:34:11.784744   116 HBProcessor.cpp:41] Machine "nebula-storaged":9779 is not registered
I20251127 07:34:12.787865   116 HBProcessor.cpp:33] Receive heartbeat from "nebula-storaged":9779, role = STORAGE
I20251127 07:34:12.788244   116 HBProcessor.cpp:41] Machine "nebula-storaged":9779 is not registered
I20251127 07:34:13.794109   116 HBProcessor.cpp:33] Receive heartbeat from "nebula-storaged":9779, role = STORAGE
I20251127 07:34:13.794633   116 HBProcessor.cpp:41] Machine "nebula-storaged":9779 is not registered
I20251127 07:34:14.798139   116 HBProcessor.cpp:33] Receive heartbeat from "nebula-storaged":9779, role = STORAGE
I20251127 07:34:14.798498   116 HBProcessor.cpp:41] Machine "nebula-storaged":9779 is not registered
I20251127 07:34:21.262959   116 HBProcessor.cpp:33] Receive heartbeat from "nebula-graphd":9669, role = GRAPH
I20251127 07:34:24.810431   116 HBProcessor.cpp:33] Receive heartbeat from "nebula-storaged":9779, role = STORAGE
I20251127 07:34:24.810914   116 HBProcessor.cpp:41] Machine "nebula-storaged":9779 is not registered
I20251127 07:34:25.813411   116 HBProcessor.cpp:33] Receive heartbeat from "nebula-storaged":9779, role = STORAGE
I20251127 07:34:25.813684   116 HBProcessor.cpp:41] Machine "nebula-storaged":9779 is not registered
I20251127 07:34:26.817030   116 HBProcessor.cpp:33] Receive heartbeat from "nebula-storaged":9779, role = STORAGE
I20251127 07:34:26.817814   116 HBProcessor.cpp:41] Machine "nebula-storaged":9779 is not registered
I20251127 07:34:27.822846   116 HBProcessor.cpp:33] Receive heartbeat from "nebula-storaged":9779, role = STORAGE
I20251127 07:34:27.824692   116 HBProcessor.cpp:41] Machine "nebula-storaged":9779 is not registered
I20251127 07:34:31.285036   116 HBProcessor.cpp:33] Receive heartbeat from "nebula-graphd":9669, role = GRAPH
I20251127 07:34:37.835523   116 HBProcessor.cpp:33] Receive heartbeat from "nebula-storaged":9779, role = STORAGE
I20251127 07:34:37.836458   116 HBProcessor.cpp:41] Machine "nebula-storaged":9779 is not registered
I20251127 07:34:38.844400   116 HBProcessor.cpp:33] Receive heartbeat from "nebula-storaged":9779, role = STORAGE
I20251127 07:34:38.845229   116 HBProcessor.cpp:41] Machine "nebula-storaged":9779 is not registered
I20251127 07:34:39.849622   116 HBProcessor.cpp:33] Receive heartbeat from "nebula-storaged":9779, role = STORAGE
I20251127 07:34:39.850601   116 HBProcessor.cpp:41] Machine "nebula-storaged":9779 is not registered
I20251127 07:34:40.858523   116 HBProcessor.cpp:33] Receive heartbeat from "nebula-storaged":9779, role = STORAGE
I20251127 07:34:40.859860   116 HBProcessor.cpp:41] Machine "nebula-storaged":9779 is not registered
I20251127 07:34:41.303273   116 HBProcessor.cpp:33] Receive heartbeat from "nebula-graphd":9669, role = GRAPH
I20251127 07:34:50.865927   116 HBProcessor.cpp:33] Receive heartbeat from "nebula-storaged":9779, role = STORAGE
I20251127 07:34:50.866503   116 HBProcessor.cpp:41] Machine "nebula-storaged":9779 is not registered
I20251127 07:34:51.311329   116 HBProcessor.cpp:33] Receive heartbeat from "nebula-graphd":9669, role = GRAPH
I20251127 07:34:51.870078   116 HBProcessor.cpp:33] Receive heartbeat from "nebula-storaged":9779, role = STORAGE
I20251127 07:34:51.870999   116 HBProcessor.cpp:41] Machine "nebula-storaged":9779 is not registered
I20251127 07:34:52.876667   116 HBProcessor.cpp:33] Receive heartbeat from "nebula-storaged":9779, role = STORAGE
I20251127 07:34:52.877004   116 HBProcessor.cpp:41] Machine "nebula-storaged":9779 is not registered
I20251127 07:34:53.881590   116 HBProcessor.cpp:33] Receive heartbeat from "nebula-storaged":9779, role = STORAGE
I20251127 07:34:53.882136   116 HBProcessor.cpp:41] Machine "nebula-storaged":9779 is not registered
I20251127 07:35:01.325116   116 HBProcessor.cpp:33] Receive heartbeat from "nebula-graphd":9669, role = GRAPH
I20251127 07:35:03.891147   116 HBProcessor.cpp:33] Receive heartbeat from "nebula-storaged":9779, role = STORAGE
I20251127 07:35:03.891561   116 HBProcessor.cpp:41] Machine "nebula-storaged":9779 is not registered
I20251127 07:35:04.895171   116 HBProcessor.cpp:33] Receive heartbeat from "nebula-storaged":9779, role = STORAGE
I20251127 07:35:04.896097   116 HBProcessor.cpp:41] Machine "nebula-storaged":9779 is not registered
I20251127 07:35:05.901595   116 HBProcessor.cpp:33] Receive heartbeat from "nebula-storaged":9779, role = STORAGE
I20251127 07:35:05.902503   116 HBProcessor.cpp:41] Machine "nebula-storaged":9779 is not registered
I20251127 07:35:06.909179   116 HBProcessor.cpp:33] Receive heartbeat from "nebula-storaged":9779, role = STORAGE
I20251127 07:35:06.909757   116 HBProcessor.cpp:41] Machine "nebula-storaged":9779 is not registered
I20251127 07:35:11.340790   116 HBProcessor.cpp:33] Receive heartbeat from "nebula-graphd":9669, role = GRAPH
I20251127 07:35:16.919025   116 HBProcessor.cpp:33] Receive heartbeat from "nebula-storaged":9779, role = STORAGE
I20251127 07:35:16.919747   116 HBProcessor.cpp:41] Machine "nebula-storaged":9779 is not registered
I20251127 07:35:17.924907   116 HBProcessor.cpp:33] Receive heartbeat from "nebula-storaged":9779, role = STORAGE
I20251127 07:35:17.925880   116 HBProcessor.cpp:41] Machine "nebula-storaged":9779 is not registered
I20251127 07:35:18.931479   116 HBProcessor.cpp:33] Receive heartbeat from "nebula-storaged":9779, role = STORAGE
I20251127 07:35:18.932080   116 HBProcessor.cpp:41] Machine "nebula-storaged":9779 is not registered
I20251127 07:35:19.937630   116 HBProcessor.cpp:33] Receive heartbeat from "nebula-storaged":9779, role = STORAGE
I20251127 07:35:19.939209   116 HBProcessor.cpp:41] Machine "nebula-storaged":9779 is not registered
I20251127 07:35:21.360850   116 HBProcessor.cpp:33] Receive heartbeat from "nebula-graphd":9669, role = GRAPH
I20251127 07:35:29.949963   116 HBProcessor.cpp:33] Receive heartbeat from "nebula-storaged":9779, role = STORAGE
I20251127 07:35:29.950552   116 HBProcessor.cpp:41] Machine "nebula-storaged":9779 is not registered
I20251127 07:35:30.954340   116 HBProcessor.cpp:33] Receive heartbeat from "nebula-storaged":9779, role = STORAGE
I20251127 07:35:30.955467   116 HBProcessor.cpp:41] Machine "nebula-storaged":9779 is not registered
I20251127 07:35:31.372372   116 HBProcessor.cpp:33] Receive heartbeat from "nebula-graphd":9669, role = GRAPH
I20251127 07:35:31.958762   116 HBProcessor.cpp:33] Receive heartbeat from "nebula-storaged":9779, role = STORAGE
I20251127 07:35:31.959273   116 HBProcessor.cpp:41] Machine "nebula-storaged":9779 is not registered
I20251127 07:35:32.966964   116 HBProcessor.cpp:33] Receive heartbeat from "nebula-storaged":9779, role = STORAGE
I20251127 07:35:32.967777   116 HBProcessor.cpp:41] Machine "nebula-storaged":9779 is not registered
I20251127 07:35:41.377378   116 HBProcessor.cpp:33] Receive heartbeat from "nebula-graphd":9669, role = GRAPH
I20251127 07:35:42.976547   116 HBProcessor.cpp:33] Receive heartbeat from "nebula-storaged":9779, role = STORAGE
I20251127 07:35:42.976928   116 HBProcessor.cpp:41] Machine "nebula-storaged":9779 is not registered
I20251127 07:35:43.979390   116 HBProcessor.cpp:33] Receive heartbeat from "nebula-storaged":9779, role = STORAGE
I20251127 07:35:43.980145   116 HBProcessor.cpp:41] Machine "nebula-storaged":9779 is not registered
I20251127 07:35:44.983698   116 HBProcessor.cpp:33] Receive heartbeat from "nebula-storaged":9779, role = STORAGE
I20251127 07:35:44.984357   116 HBProcessor.cpp:41] Machine "nebula-storaged":9779 is not registered
I20251127 07:35:45.988166   116 HBProcessor.cpp:33] Receive heartbeat from "nebula-storaged":9779, role = STORAGE
I20251127 07:35:45.988462   116 HBProcessor.cpp:41] Machine "nebula-storaged":9779 is not registered
I20251127 07:35:51.398237   116 HBProcessor.cpp:33] Receive heartbeat from "nebula-graphd":9669, role = GRAPH
I20251127 07:35:55.991869   116 HBProcessor.cpp:33] Receive heartbeat from "nebula-storaged":9779, role = STORAGE
I20251127 07:35:55.992049   116 HBProcessor.cpp:41] Machine "nebula-storaged":9779 is not registered
I20251127 07:35:56.995388   116 HBProcessor.cpp:33] Receive heartbeat from "nebula-storaged":9779, role = STORAGE
I20251127 07:35:56.995841   116 HBProcessor.cpp:41] Machine "nebula-storaged":9779 is not registered
I20251127 07:35:58.001425   116 HBProcessor.cpp:33] Receive heartbeat from "nebula-storaged":9779, role = STORAGE
I20251127 07:35:58.002831   116 HBProcessor.cpp:41] Machine "nebula-storaged":9779 is not registered
I20251127 07:35:59.008592   116 HBProcessor.cpp:33] Receive heartbeat from "nebula-storaged":9779, role = STORAGE
I20251127 07:35:59.009032   116 HBProcessor.cpp:41] Machine "nebula-storaged":9779 is not registered
I20251127 07:36:01.411211   116 HBProcessor.cpp:33] Receive heartbeat from "nebula-graphd":9669, role = GRAPH
I20251127 07:36:09.021873   116 HBProcessor.cpp:33] Receive heartbeat from "nebula-storaged":9779, role = STORAGE
I20251127 07:36:09.025569   116 HBProcessor.cpp:41] Machine "nebula-storaged":9779 is not registered
I20251127 07:36:10.032780   116 HBProcessor.cpp:33] Receive heartbeat from "nebula-storaged":9779, role = STORAGE
I20251127 07:36:10.034178   116 HBProcessor.cpp:41] Machine "nebula-storaged":9779 is not registered
I20251127 07:36:11.041679   116 HBProcessor.cpp:33] Receive heartbeat from "nebula-storaged":9779, role = STORAGE
I20251127 07:36:11.042366   116 HBProcessor.cpp:41] Machine "nebula-storaged":9779 is not registered
I20251127 07:36:11.420653   116 HBProcessor.cpp:33] Receive heartbeat from "nebula-graphd":9669, role = GRAPH
I20251127 07:36:12.047484   116 HBProcessor.cpp:33] Receive heartbeat from "nebula-storaged":9779, role = STORAGE
I20251127 07:36:12.048820   116 HBProcessor.cpp:41] Machine "nebula-storaged":9779 is not registered
I20251127 07:36:21.436338   116 HBProcessor.cpp:33] Receive heartbeat from "nebula-graphd":9669, role = GRAPH
I20251127 07:36:22.056988   116 HBProcessor.cpp:33] Receive heartbeat from "nebula-storaged":9779, role = STORAGE
I20251127 07:36:22.057299   116 HBProcessor.cpp:41] Machine "nebula-storaged":9779 is not registered
I20251127 07:36:23.058835   116 HBProcessor.cpp:33] Receive heartbeat from "nebula-storaged":9779, role = STORAGE
I20251127 07:36:23.059619   116 HBProcessor.cpp:41] Machine "nebula-storaged":9779 is not registered
I20251127 07:36:24.065917   116 HBProcessor.cpp:33] Receive heartbeat from "nebula-storaged":9779, role = STORAGE
I20251127 07:36:24.066756   116 HBProcessor.cpp:41] Machine "nebula-storaged":9779 is not registered
I20251127 07:36:25.070487   116 HBProcessor.cpp:33] Receive heartbeat from "nebula-storaged":9779, role = STORAGE
I20251127 07:36:25.071081   116 HBProcessor.cpp:41] Machine "nebula-storaged":9779 is not registered
I20251127 07:36:31.446712   116 HBProcessor.cpp:33] Receive heartbeat from "nebula-graphd":9669, role = GRAPH
I20251127 07:36:35.075400   116 HBProcessor.cpp:33] Receive heartbeat from "nebula-storaged":9779, role = STORAGE
I20251127 07:36:35.075742   116 HBProcessor.cpp:41] Machine "nebula-storaged":9779 is not registered
I20251127 07:36:36.082199   116 HBProcessor.cpp:33] Receive heartbeat from "nebula-storaged":9779, role = STORAGE
I20251127 07:36:36.082399   116 HBProcessor.cpp:41] Machine "nebula-storaged":9779 is not registered
I20251127 07:36:37.085776   116 HBProcessor.cpp:33] Receive heartbeat from "nebula-storaged":9779, role = STORAGE
I20251127 07:36:37.086764   116 HBProcessor.cpp:41] Machine "nebula-storaged":9779 is not registered
I20251127 07:36:38.091048   116 HBProcessor.cpp:33] Receive heartbeat from "nebula-storaged":9779, role = STORAGE
I20251127 07:36:38.091986   116 HBProcessor.cpp:41] Machine "nebula-storaged":9779 is not registered
I20251127 07:36:41.469650   116 HBProcessor.cpp:33] Receive heartbeat from "nebula-graphd":9669, role = GRAPH
I20251127 07:36:48.109447   116 HBProcessor.cpp:33] Receive heartbeat from "nebula-storaged":9779, role = STORAGE
I20251127 07:36:48.110188   116 HBProcessor.cpp:41] Machine "nebula-storaged":9779 is not registered
I20251127 07:36:49.113952   116 HBProcessor.cpp:33] Receive heartbeat from "nebula-storaged":9779, role = STORAGE
I20251127 07:36:49.114514   116 HBProcessor.cpp:41] Machine "nebula-storaged":9779 is not registered
I20251127 07:36:50.118069   116 HBProcessor.cpp:33] Receive heartbeat from "nebula-storaged":9779, role = STORAGE
I20251127 07:36:50.119375   116 HBProcessor.cpp:41] Machine "nebula-storaged":9779 is not registered
I20251127 07:36:51.123196   116 HBProcessor.cpp:33] Receive heartbeat from "nebula-storaged":9779, role = STORAGE
I20251127 07:36:51.123773   116 HBProcessor.cpp:41] Machine "nebula-storaged":9779 is not registered
I20251127 07:36:51.489472   116 HBProcessor.cpp:33] Receive heartbeat from "nebula-graphd":9669, role = GRAPH
I20251127 07:37:01.133939   116 HBProcessor.cpp:33] Receive heartbeat from "nebula-storaged":9779, role = STORAGE
I20251127 07:37:01.136627   116 HBProcessor.cpp:41] Machine "nebula-storaged":9779 is not registered
I20251127 07:37:01.506927   116 HBProcessor.cpp:33] Receive heartbeat from "nebula-graphd":9669, role = GRAPH
I20251127 07:37:02.142261   116 HBProcessor.cpp:33] Receive heartbeat from "nebula-storaged":9779, role = STORAGE
I20251127 07:37:02.143150   116 HBProcessor.cpp:41] Machine "nebula-storaged":9779 is not registered
I20251127 07:37:03.150730   116 HBProcessor.cpp:33] Receive heartbeat from "nebula-storaged":9779, role = STORAGE
I20251127 07:37:03.152159   116 HBProcessor.cpp:41] Machine "nebula-storaged":9779 is not registered
I20251127 07:37:04.156975   116 HBProcessor.cpp:33] Receive heartbeat from "nebula-storaged":9779, role = STORAGE
I20251127 07:37:04.157701   116 HBProcessor.cpp:41] Machine "nebula-storaged":9779 is not registered
I20251127 07:37:11.512332   116 HBProcessor.cpp:33] Receive heartbeat from "nebula-graphd":9669, role = GRAPH
I20251127 07:37:14.168505   116 HBProcessor.cpp:33] Receive heartbeat from "nebula-storaged":9779, role = STORAGE
I20251127 07:37:14.168840   116 HBProcessor.cpp:41] Machine "nebula-storaged":9779 is not registered
I20251127 07:37:15.172336   116 HBProcessor.cpp:33] Receive heartbeat from "nebula-storaged":9779, role = STORAGE
I20251127 07:37:15.173146   116 HBProcessor.cpp:41] Machine "nebula-storaged":9779 is not registered
I20251127 07:37:16.177091   116 HBProcessor.cpp:33] Receive heartbeat from "nebula-storaged":9779, role = STORAGE
I20251127 07:37:16.177465   116 HBProcessor.cpp:41] Machine "nebula-storaged":9779 is not registered
I20251127 07:37:17.179070   116 HBProcessor.cpp:33] Receive heartbeat from "nebula-storaged":9779, role = STORAGE
I20251127 07:37:17.179713   116 HBProcessor.cpp:41] Machine "nebula-storaged":9779 is not registered
I20251127 07:37:21.525485   116 HBProcessor.cpp:33] Receive heartbeat from "nebula-graphd":9669, role = GRAPH
I20251127 07:37:27.187748   116 HBProcessor.cpp:33] Receive heartbeat from "nebula-storaged":9779, role = STORAGE
I20251127 07:37:27.188498   116 HBProcessor.cpp:41] Machine "nebula-storaged":9779 is not registered
I20251127 07:37:28.192768   116 HBProcessor.cpp:33] Receive heartbeat from "nebula-storaged":9779, role = STORAGE
I20251127 07:37:28.194037   116 HBProcessor.cpp:41] Machine "nebula-storaged":9779 is not registered
I20251127 07:37:29.199226   116 HBProcessor.cpp:33] Receive heartbeat from "nebula-storaged":9779, role = STORAGE
I20251127 07:37:29.200119   116 HBProcessor.cpp:41] Machine "nebula-storaged":9779 is not registered
I20251127 07:37:30.205765   116 HBProcessor.cpp:33] Receive heartbeat from "nebula-storaged":9779, role = STORAGE
I20251127 07:37:30.206112   116 HBProcessor.cpp:41] Machine "nebula-storaged":9779 is not registered
I20251127 07:37:31.546693   116 HBProcessor.cpp:33] Receive heartbeat from "nebula-graphd":9669, role = GRAPH
I20251127 07:37:40.213200   116 HBProcessor.cpp:33] Receive heartbeat from "nebula-storaged":9779, role = STORAGE
I20251127 07:37:40.213896   116 HBProcessor.cpp:41] Machine "nebula-storaged":9779 is not registered
I20251127 07:37:41.221743   116 HBProcessor.cpp:33] Receive heartbeat from "nebula-storaged":9779, role = STORAGE
I20251127 07:37:41.222667   116 HBProcessor.cpp:41] Machine "nebula-storaged":9779 is not registered
I20251127 07:37:41.554945   116 HBProcessor.cpp:33] Receive heartbeat from "nebula-graphd":9669, role = GRAPH
I20251127 07:37:42.226470   116 HBProcessor.cpp:33] Receive heartbeat from "nebula-storaged":9779, role = STORAGE
I20251127 07:37:42.227339   116 HBProcessor.cpp:41] Machine "nebula-storaged":9779 is not registered
I20251127 07:37:43.232087   116 HBProcessor.cpp:33] Receive heartbeat from "nebula-storaged":9779, role = STORAGE
I20251127 07:37:43.232868   116 HBProcessor.cpp:41] Machine "nebula-storaged":9779 is not registered
I20251127 07:37:51.564060   116 HBProcessor.cpp:33] Receive heartbeat from "nebula-graphd":9669, role = GRAPH
I20251127 07:37:53.240479   116 HBProcessor.cpp:33] Receive heartbeat from "nebula-storaged":9779, role = STORAGE
I20251127 07:37:53.240882   116 HBProcessor.cpp:41] Machine "nebula-storaged":9779 is not registered
I20251127 07:37:54.247583   116 HBProcessor.cpp:33] Receive heartbeat from "nebula-storaged":9779, role = STORAGE
I20251127 07:37:54.248056   116 HBProcessor.cpp:41] Machine "nebula-storaged":9779 is not registered
I20251127 07:37:55.258021   116 HBProcessor.cpp:33] Receive heartbeat from "nebula-storaged":9779, role = STORAGE
I20251127 07:37:55.258575   116 HBProcessor.cpp:41] Machine "nebula-storaged":9779 is not registered
I20251127 07:37:56.262305   116 HBProcessor.cpp:33] Receive heartbeat from "nebula-storaged":9779, role = STORAGE
I20251127 07:37:56.262722   116 HBProcessor.cpp:41] Machine "nebula-storaged":9779 is not registered
I20251127 07:38:01.585664   116 HBProcessor.cpp:33] Receive heartbeat from "nebula-graphd":9669, role = GRAPH
I20251127 07:38:06.268290   116 HBProcessor.cpp:33] Receive heartbeat from "nebula-storaged":9779, role = STORAGE
I20251127 07:38:06.268736   116 HBProcessor.cpp:41] Machine "nebula-storaged":9779 is not registered
I20251127 07:38:07.270753   116 HBProcessor.cpp:33] Receive heartbeat from "nebula-storaged":9779, role = STORAGE
I20251127 07:38:07.271557   116 HBProcessor.cpp:41] Machine "nebula-storaged":9779 is not registered
I20251127 07:38:08.279920   116 HBProcessor.cpp:33] Receive heartbeat from "nebula-storaged":9779, role = STORAGE
I20251127 07:38:08.281005   116 HBProcessor.cpp:41] Machine "nebula-storaged":9779 is not registered
I20251127 07:38:09.283895   116 HBProcessor.cpp:33] Receive heartbeat from "nebula-storaged":9779, role = STORAGE
I20251127 07:38:09.284466   116 HBProcessor.cpp:41] Machine "nebula-storaged":9779 is not registered
I20251127 07:38:11.594369   116 HBProcessor.cpp:33] Receive heartbeat from "nebula-graphd":9669, role = GRAPH
I20251127 07:38:19.292637   116 HBProcessor.cpp:33] Receive heartbeat from "nebula-storaged":9779, role = STORAGE
I20251127 07:38:19.293452   116 HBProcessor.cpp:41] Machine "nebula-storaged":9779 is not registered
I20251127 07:38:20.298276   116 HBProcessor.cpp:33] Receive heartbeat from "nebula-storaged":9779, role = STORAGE
I20251127 07:38:20.299250   116 HBProcessor.cpp:41] Machine "nebula-storaged":9779 is not registered
I20251127 07:38:21.304853   116 HBProcessor.cpp:33] Receive heartbeat from "nebula-storaged":9779, role = STORAGE
I20251127 07:38:21.305804   116 HBProcessor.cpp:41] Machine "nebula-storaged":9779 is not registered
I20251127 07:38:21.601413   116 HBProcessor.cpp:33] Receive heartbeat from "nebula-graphd":9669, role = GRAPH
I20251127 07:38:22.311511   116 HBProcessor.cpp:33] Receive heartbeat from "nebula-storaged":9779, role = STORAGE
I20251127 07:38:22.312480   116 HBProcessor.cpp:41] Machine "nebula-storaged":9779 is not registered
I20251127 07:38:31.613952   116 HBProcessor.cpp:33] Receive heartbeat from "nebula-graphd":9669, role = GRAPH
I20251127 07:38:32.320184   116 HBProcessor.cpp:33] Receive heartbeat from "nebula-storaged":9779, role = STORAGE
I20251127 07:38:32.320617   116 HBProcessor.cpp:41] Machine "nebula-storaged":9779 is not registered
I20251127 07:38:33.323778   116 HBProcessor.cpp:33] Receive heartbeat from "nebula-storaged":9779, role = STORAGE
I20251127 07:38:33.324687   116 HBProcessor.cpp:41] Machine "nebula-storaged":9779 is not registered
I20251127 07:38:34.331887   116 HBProcessor.cpp:33] Receive heartbeat from "nebula-storaged":9779, role = STORAGE
I20251127 07:38:34.332545   116 HBProcessor.cpp:41] Machine "nebula-storaged":9779 is not registered
I20251127 07:38:35.336233   116 HBProcessor.cpp:33] Receive heartbeat from "nebula-storaged":9779, role = STORAGE
I20251127 07:38:35.336798   116 HBProcessor.cpp:41] Machine "nebula-storaged":9779 is not registered
I20251127 07:38:41.630740   116 HBProcessor.cpp:33] Receive heartbeat from "nebula-graphd":9669, role = GRAPH
I20251127 07:38:45.341331   116 HBProcessor.cpp:33] Receive heartbeat from "nebula-storaged":9779, role = STORAGE
I20251127 07:38:45.341605   116 HBProcessor.cpp:41] Machine "nebula-storaged":9779 is not registered
I20251127 07:38:46.345228   116 HBProcessor.cpp:33] Receive heartbeat from "nebula-storaged":9779, role = STORAGE
I20251127 07:38:46.345883   116 HBProcessor.cpp:41] Machine "nebula-storaged":9779 is not registered
I20251127 07:38:47.349967   116 HBProcessor.cpp:33] Receive heartbeat from "nebula-storaged":9779, role = STORAGE
I20251127 07:38:47.350795   116 HBProcessor.cpp:41] Machine "nebula-storaged":9779 is not registered
I20251127 07:38:48.352880   116 HBProcessor.cpp:33] Receive heartbeat from "nebula-storaged":9779, role = STORAGE
I20251127 07:38:48.353758   116 HBProcessor.cpp:41] Machine "nebula-storaged":9779 is not registered
I20251127 07:38:51.651672   116 HBProcessor.cpp:33] Receive heartbeat from "nebula-graphd":9669, role = GRAPH
I20251127 07:38:58.362677   116 HBProcessor.cpp:33] Receive heartbeat from "nebula-storaged":9779, role = STORAGE
I20251127 07:38:58.363260   116 HBProcessor.cpp:41] Machine "nebula-storaged":9779 is not registered
I20251127 07:38:59.365744   116 HBProcessor.cpp:33] Receive heartbeat from "nebula-storaged":9779, role = STORAGE
I20251127 07:38:59.367259   116 HBProcessor.cpp:41] Machine "nebula-storaged":9779 is not registered
I20251127 07:39:00.370482   116 HBProcessor.cpp:33] Receive heartbeat from "nebula-storaged":9779, role = STORAGE
I20251127 07:39:00.371788   116 HBProcessor.cpp:41] Machine "nebula-storaged":9779 is not registered
I20251127 07:39:01.376262   116 HBProcessor.cpp:33] Receive heartbeat from "nebula-storaged":9779, role = STORAGE
I20251127 07:39:01.377182   116 HBProcessor.cpp:41] Machine "nebula-storaged":9779 is not registered
I20251127 07:39:01.668380   116 HBProcessor.cpp:33] Receive heartbeat from "nebula-graphd":9669, role = GRAPH
I20251127 07:39:11.394877   116 HBProcessor.cpp:33] Receive heartbeat from "nebula-storaged":9779, role = STORAGE
I20251127 07:39:11.395408   116 HBProcessor.cpp:41] Machine "nebula-storaged":9779 is not registered
I20251127 07:39:11.683068   116 HBProcessor.cpp:33] Receive heartbeat from "nebula-graphd":9669, role = GRAPH
I20251127 07:39:12.401103   116 HBProcessor.cpp:33] Receive heartbeat from "nebula-storaged":9779, role = STORAGE
I20251127 07:39:12.401798   116 HBProcessor.cpp:41] Machine "nebula-storaged":9779 is not registered
I20251127 07:39:13.405414   116 HBProcessor.cpp:33] Receive heartbeat from "nebula-storaged":9779, role = STORAGE
I20251127 07:39:13.405846   116 HBProcessor.cpp:41] Machine "nebula-storaged":9779 is not registered
I20251127 07:39:14.410135   116 HBProcessor.cpp:33] Receive heartbeat from "nebula-storaged":9779, role = STORAGE
I20251127 07:39:14.410899   116 HBProcessor.cpp:41] Machine "nebula-storaged":9779 is not registered
I20251127 07:39:21.700645   116 HBProcessor.cpp:33] Receive heartbeat from "nebula-graphd":9669, role = GRAPH
I20251127 07:39:24.418814   116 HBProcessor.cpp:33] Receive heartbeat from "nebula-storaged":9779, role = STORAGE
I20251127 07:39:24.419263   116 HBProcessor.cpp:41] Machine "nebula-storaged":9779 is not registered
I20251127 07:39:25.422474   116 HBProcessor.cpp:33] Receive heartbeat from "nebula-storaged":9779, role = STORAGE
I20251127 07:39:25.423328   116 HBProcessor.cpp:41] Machine "nebula-storaged":9779 is not registered
I20251127 07:39:26.428651   116 HBProcessor.cpp:33] Receive heartbeat from "nebula-storaged":9779, role = STORAGE
I20251127 07:39:26.429603   116 HBProcessor.cpp:41] Machine "nebula-storaged":9779 is not registered
I20251127 07:39:27.432282   116 HBProcessor.cpp:33] Receive heartbeat from "nebula-storaged":9779, role = STORAGE
I20251127 07:39:27.433523   116 HBProcessor.cpp:41] Machine "nebula-storaged":9779 is not registered
I20251127 07:39:31.712574   116 HBProcessor.cpp:33] Receive heartbeat from "nebula-graphd":9669, role = GRAPH
I20251127 07:39:37.440147   116 HBProcessor.cpp:33] Receive heartbeat from "nebula-storaged":9779, role = STORAGE
I20251127 07:39:37.440604   116 HBProcessor.cpp:41] Machine "nebula-storaged":9779 is not registered
I20251127 07:39:38.449456   116 HBProcessor.cpp:33] Receive heartbeat from "nebula-storaged":9779, role = STORAGE
I20251127 07:39:38.450305   116 HBProcessor.cpp:41] Machine "nebula-storaged":9779 is not registered
I20251127 07:39:39.453801   116 HBProcessor.cpp:33] Receive heartbeat from "nebula-storaged":9779, role = STORAGE
I20251127 07:39:39.455199   116 HBProcessor.cpp:41] Machine "nebula-storaged":9779 is not registered
I20251127 07:39:40.458650   116 HBProcessor.cpp:33] Receive heartbeat from "nebula-storaged":9779, role = STORAGE
I20251127 07:39:40.459306   116 HBProcessor.cpp:41] Machine "nebula-storaged":9779 is not registered
I20251127 07:39:41.717406   116 HBProcessor.cpp:33] Receive heartbeat from "nebula-graphd":9669, role = GRAPH
I20251127 07:39:50.466331   116 HBProcessor.cpp:33] Receive heartbeat from "nebula-storaged":9779, role = STORAGE
I20251127 07:39:50.466742   116 HBProcessor.cpp:41] Machine "nebula-storaged":9779 is not registered
I20251127 07:39:51.468744   116 HBProcessor.cpp:33] Receive heartbeat from "nebula-storaged":9779, role = STORAGE
I20251127 07:39:51.469846   116 HBProcessor.cpp:41] Machine "nebula-storaged":9779 is not registered
I20251127 07:39:51.724136   116 HBProcessor.cpp:33] Receive heartbeat from "nebula-graphd":9669, role = GRAPH
I20251127 07:39:52.473521   116 HBProcessor.cpp:33] Receive heartbeat from "nebula-storaged":9779, role = STORAGE
I20251127 07:39:52.474237   116 HBProcessor.cpp:41] Machine "nebula-storaged":9779 is not registered
I20251127 07:39:53.478971   116 HBProcessor.cpp:33] Receive heartbeat from "nebula-storaged":9779, role = STORAGE
I20251127 07:39:53.479287   116 HBProcessor.cpp:41] Machine "nebula-storaged":9779 is not registered
I20251127 07:40:01.729738   116 HBProcessor.cpp:33] Receive heartbeat from "nebula-graphd":9669, role = GRAPH
I20251127 07:40:03.481535   116 HBProcessor.cpp:33] Receive heartbeat from "nebula-storaged":9779, role = STORAGE
I20251127 07:40:03.481665   116 HBProcessor.cpp:41] Machine "nebula-storaged":9779 is not registered
I20251127 07:40:04.486591   116 HBProcessor.cpp:33] Receive heartbeat from "nebula-storaged":9779, role = STORAGE
I20251127 07:40:04.487740   116 HBProcessor.cpp:41] Machine "nebula-storaged":9779 is not registered
I20251127 07:40:05.495085   116 HBProcessor.cpp:33] Receive heartbeat from "nebula-storaged":9779, role = STORAGE
I20251127 07:40:05.495465   116 HBProcessor.cpp:41] Machine "nebula-storaged":9779 is not registered
I20251127 07:40:06.498354   116 HBProcessor.cpp:33] Receive heartbeat from "nebula-storaged":9779, role = STORAGE
I20251127 07:40:06.498981   116 HBProcessor.cpp:41] Machine "nebula-storaged":9779 is not registered
I20251127 07:40:11.744758   116 HBProcessor.cpp:33] Receive heartbeat from "nebula-graphd":9669, role = GRAPH
I20251127 07:40:16.517827   116 HBProcessor.cpp:33] Receive heartbeat from "nebula-storaged":9779, role = STORAGE
I20251127 07:40:16.519158   116 HBProcessor.cpp:41] Machine "nebula-storaged":9779 is not registered
I20251127 07:40:17.523268   116 HBProcessor.cpp:33] Receive heartbeat from "nebula-storaged":9779, role = STORAGE
I20251127 07:40:17.524252   116 HBProcessor.cpp:41] Machine "nebula-storaged":9779 is not registered
I20251127 07:40:18.526799   116 HBProcessor.cpp:33] Receive heartbeat from "nebula-storaged":9779, role = STORAGE
I20251127 07:40:18.527194   116 HBProcessor.cpp:41] Machine "nebula-storaged":9779 is not registered
I20251127 07:40:19.530615   116 HBProcessor.cpp:33] Receive heartbeat from "nebula-storaged":9779, role = STORAGE
I20251127 07:40:19.531371   116 HBProcessor.cpp:41] Machine "nebula-storaged":9779 is not registered
I20251127 07:40:21.753264   116 HBProcessor.cpp:33] Receive heartbeat from "nebula-graphd":9669, role = GRAPH
I20251127 07:40:29.541613   116 HBProcessor.cpp:33] Receive heartbeat from "nebula-storaged":9779, role = STORAGE
I20251127 07:40:29.542361   116 HBProcessor.cpp:41] Machine "nebula-storaged":9779 is not registered
I20251127 07:40:30.548205   116 HBProcessor.cpp:33] Receive heartbeat from "nebula-storaged":9779, role = STORAGE
I20251127 07:40:30.549163   116 HBProcessor.cpp:41] Machine "nebula-storaged":9779 is not registered
I20251127 07:40:31.556416   116 HBProcessor.cpp:33] Receive heartbeat from "nebula-storaged":9779, role = STORAGE
I20251127 07:40:31.557099   116 HBProcessor.cpp:41] Machine "nebula-storaged":9779 is not registered
I20251127 07:40:31.774151   116 HBProcessor.cpp:33] Receive heartbeat from "nebula-graphd":9669, role = GRAPH
I20251127 07:40:32.563870   116 HBProcessor.cpp:33] Receive heartbeat from "nebula-storaged":9779, role = STORAGE
I20251127 07:40:32.564433   116 HBProcessor.cpp:41] Machine "nebula-storaged":9779 is not registered
I20251127 07:40:41.782840   116 HBProcessor.cpp:33] Receive heartbeat from "nebula-graphd":9669, role = GRAPH
I20251127 07:40:42.600068   116 HBProcessor.cpp:33] Receive heartbeat from "nebula-storaged":9779, role = STORAGE
I20251127 07:40:42.600551   116 HBProcessor.cpp:41] Machine "nebula-storaged":9779 is not registered
I20251127 07:40:43.605209   116 HBProcessor.cpp:33] Receive heartbeat from "nebula-storaged":9779, role = STORAGE
I20251127 07:40:43.605748   116 HBProcessor.cpp:41] Machine "nebula-storaged":9779 is not registered
I20251127 07:40:44.608551   116 HBProcessor.cpp:33] Receive heartbeat from "nebula-storaged":9779, role = STORAGE
I20251127 07:40:44.608999   116 HBProcessor.cpp:41] Machine "nebula-storaged":9779 is not registered
I20251127 07:40:45.611668   116 HBProcessor.cpp:33] Receive heartbeat from "nebula-storaged":9779, role = STORAGE
I20251127 07:40:45.611963   116 HBProcessor.cpp:41] Machine "nebula-storaged":9779 is not registered
I20251127 07:40:51.798697   116 HBProcessor.cpp:33] Receive heartbeat from "nebula-graphd":9669, role = GRAPH
I20251127 07:40:55.619649   116 HBProcessor.cpp:33] Receive heartbeat from "nebula-storaged":9779, role = STORAGE
I20251127 07:40:55.619904   116 HBProcessor.cpp:41] Machine "nebula-storaged":9779 is not registered
I20251127 07:40:56.622038   116 HBProcessor.cpp:33] Receive heartbeat from "nebula-storaged":9779, role = STORAGE
I20251127 07:40:56.622404   116 HBProcessor.cpp:41] Machine "nebula-storaged":9779 is not registered
I20251127 07:40:57.627295   116 HBProcessor.cpp:33] Receive heartbeat from "nebula-storaged":9779, role = STORAGE
I20251127 07:40:57.628198   116 HBProcessor.cpp:41] Machine "nebula-storaged":9779 is not registered
I20251127 07:40:58.631623   116 HBProcessor.cpp:33] Receive heartbeat from "nebula-storaged":9779, role = STORAGE
I20251127 07:40:58.631839   116 HBProcessor.cpp:41] Machine "nebula-storaged":9779 is not registered
I20251127 07:41:01.812703   116 HBProcessor.cpp:33] Receive heartbeat from "nebula-graphd":9669, role = GRAPH
I20251127 07:41:08.641499   116 HBProcessor.cpp:33] Receive heartbeat from "nebula-storaged":9779, role = STORAGE
I20251127 07:41:08.641950   116 HBProcessor.cpp:41] Machine "nebula-storaged":9779 is not registered
I20251127 07:41:09.650743   116 HBProcessor.cpp:33] Receive heartbeat from "nebula-storaged":9779, role = STORAGE
I20251127 07:41:09.651672   116 HBProcessor.cpp:41] Machine "nebula-storaged":9779 is not registered
I20251127 07:41:10.656656   116 HBProcessor.cpp:33] Receive heartbeat from "nebula-storaged":9779, role = STORAGE
I20251127 07:41:10.657217   116 HBProcessor.cpp:41] Machine "nebula-storaged":9779 is not registered
I20251127 07:41:11.664134   116 HBProcessor.cpp:33] Receive heartbeat from "nebula-storaged":9779, role = STORAGE
I20251127 07:41:11.665135   116 HBProcessor.cpp:41] Machine "nebula-storaged":9779 is not registered
I20251127 07:41:11.829063   116 HBProcessor.cpp:33] Receive heartbeat from "nebula-graphd":9669, role = GRAPH
I20251127 07:41:21.680215   116 HBProcessor.cpp:33] Receive heartbeat from "nebula-storaged":9779, role = STORAGE
I20251127 07:41:21.681550   116 HBProcessor.cpp:41] Machine "nebula-storaged":9779 is not registered
I20251127 07:41:21.847836   116 HBProcessor.cpp:33] Receive heartbeat from "nebula-graphd":9669, role = GRAPH
I20251127 07:41:22.685405   116 HBProcessor.cpp:33] Receive heartbeat from "nebula-storaged":9779, role = STORAGE
I20251127 07:41:22.685885   116 HBProcessor.cpp:41] Machine "nebula-storaged":9779 is not registered
I20251127 07:41:23.688462   116 HBProcessor.cpp:33] Receive heartbeat from "nebula-storaged":9779, role = STORAGE
I20251127 07:41:23.688653   116 HBProcessor.cpp:41] Machine "nebula-storaged":9779 is not registered
I20251127 07:41:24.690835   116 HBProcessor.cpp:33] Receive heartbeat from "nebula-storaged":9779, role = STORAGE
I20251127 07:41:24.691304   116 HBProcessor.cpp:41] Machine "nebula-storaged":9779 is not registered
I20251127 07:41:31.862426   116 HBProcessor.cpp:33] Receive heartbeat from "nebula-graphd":9669, role = GRAPH
I20251127 07:41:34.699211   116 HBProcessor.cpp:33] Receive heartbeat from "nebula-storaged":9779, role = STORAGE
I20251127 07:41:34.699710   116 HBProcessor.cpp:41] Machine "nebula-storaged":9779 is not registered
I20251127 07:41:35.703681   116 HBProcessor.cpp:33] Receive heartbeat from "nebula-storaged":9779, role = STORAGE
I20251127 07:41:35.704350   116 HBProcessor.cpp:41] Machine "nebula-storaged":9779 is not registered
I20251127 07:41:36.711082   116 HBProcessor.cpp:33] Receive heartbeat from "nebula-storaged":9779, role = STORAGE
I20251127 07:41:36.711490   116 HBProcessor.cpp:41] Machine "nebula-storaged":9779 is not registered
I20251127 07:41:37.714380   116 HBProcessor.cpp:33] Receive heartbeat from "nebula-storaged":9779, role = STORAGE
I20251127 07:41:37.715338   116 HBProcessor.cpp:41] Machine "nebula-storaged":9779 is not registered
I20251127 07:41:41.870272   116 HBProcessor.cpp:33] Receive heartbeat from "nebula-graphd":9669, role = GRAPH
I20251127 07:41:47.721557   116 HBProcessor.cpp:33] Receive heartbeat from "nebula-storaged":9779, role = STORAGE
I20251127 07:41:47.722013   116 HBProcessor.cpp:41] Machine "nebula-storaged":9779 is not registered
I20251127 07:41:48.725044   116 HBProcessor.cpp:33] Receive heartbeat from "nebula-storaged":9779, role = STORAGE
I20251127 07:41:48.725569   116 HBProcessor.cpp:41] Machine "nebula-storaged":9779 is not registered
I20251127 07:41:49.728116   116 HBProcessor.cpp:33] Receive heartbeat from "nebula-storaged":9779, role = STORAGE
I20251127 07:41:49.728719   116 HBProcessor.cpp:41] Machine "nebula-storaged":9779 is not registered
I20251127 07:41:50.732812   116 HBProcessor.cpp:33] Receive heartbeat from "nebula-storaged":9779, role = STORAGE
I20251127 07:41:50.733727   116 HBProcessor.cpp:41] Machine "nebula-storaged":9779 is not registered
I20251127 07:41:51.886021   116 HBProcessor.cpp:33] Receive heartbeat from "nebula-graphd":9669, role = GRAPH
I20251127 07:42:00.742147   116 HBProcessor.cpp:33] Receive heartbeat from "nebula-storaged":9779, role = STORAGE
I20251127 07:42:00.742750   116 HBProcessor.cpp:41] Machine "nebula-storaged":9779 is not registered
I20251127 07:42:01.751045   116 HBProcessor.cpp:33] Receive heartbeat from "nebula-storaged":9779, role = STORAGE
I20251127 07:42:01.751780   116 HBProcessor.cpp:41] Machine "nebula-storaged":9779 is not registered
I20251127 07:42:01.902585   116 HBProcessor.cpp:33] Receive heartbeat from "nebula-graphd":9669, role = GRAPH
I20251127 07:42:02.755096   116 HBProcessor.cpp:33] Receive heartbeat from "nebula-storaged":9779, role = STORAGE
I20251127 07:42:02.755702   116 HBProcessor.cpp:41] Machine "nebula-storaged":9779 is not registered
I20251127 07:42:03.760056   116 HBProcessor.cpp:33] Receive heartbeat from "nebula-storaged":9779, role = STORAGE
I20251127 07:42:03.760665   116 HBProcessor.cpp:41] Machine "nebula-storaged":9779 is not registered
I20251127 07:42:11.908144   116 HBProcessor.cpp:33] Receive heartbeat from "nebula-graphd":9669, role = GRAPH
I20251127 07:42:13.766237   116 HBProcessor.cpp:33] Receive heartbeat from "nebula-storaged":9779, role = STORAGE
I20251127 07:42:13.766870   116 HBProcessor.cpp:41] Machine "nebula-storaged":9779 is not registered
I20251127 07:42:14.768643   116 HBProcessor.cpp:33] Receive heartbeat from "nebula-storaged":9779, role = STORAGE
I20251127 07:42:14.769273   116 HBProcessor.cpp:41] Machine "nebula-storaged":9779 is not registered
I20251127 07:42:15.773223   116 HBProcessor.cpp:33] Receive heartbeat from "nebula-storaged":9779, role = STORAGE
I20251127 07:42:15.773651   116 HBProcessor.cpp:41] Machine "nebula-storaged":9779 is not registered
I20251127 07:42:16.776706   116 HBProcessor.cpp:33] Receive heartbeat from "nebula-storaged":9779, role = STORAGE
I20251127 07:42:16.777523   116 HBProcessor.cpp:41] Machine "nebula-storaged":9779 is not registered
I20251127 07:42:21.922788   116 HBProcessor.cpp:33] Receive heartbeat from "nebula-graphd":9669, role = GRAPH
I20251127 07:42:26.785336   116 HBProcessor.cpp:33] Receive heartbeat from "nebula-storaged":9779, role = STORAGE
I20251127 07:42:26.786084   116 HBProcessor.cpp:41] Machine "nebula-storaged":9779 is not registered
I20251127 07:42:27.794569   116 HBProcessor.cpp:33] Receive heartbeat from "nebula-storaged":9779, role = STORAGE
I20251127 07:42:27.795275   116 HBProcessor.cpp:41] Machine "nebula-storaged":9779 is not registered
I20251127 07:42:28.801474   116 HBProcessor.cpp:33] Receive heartbeat from "nebula-storaged":9779, role = STORAGE
I20251127 07:42:28.802009   116 HBProcessor.cpp:41] Machine "nebula-storaged":9779 is not registered
I20251127 07:42:29.807325   116 HBProcessor.cpp:33] Receive heartbeat from "nebula-storaged":9779, role = STORAGE
I20251127 07:42:29.808247   116 HBProcessor.cpp:41] Machine "nebula-storaged":9779 is not registered
I20251127 07:42:31.929033   116 HBProcessor.cpp:33] Receive heartbeat from "nebula-graphd":9669, role = GRAPH
I20251127 07:42:39.823282   116 HBProcessor.cpp:33] Receive heartbeat from "nebula-storaged":9779, role = STORAGE
I20251127 07:42:39.824091   116 HBProcessor.cpp:41] Machine "nebula-storaged":9779 is not registered
I20251127 07:42:40.826748   116 HBProcessor.cpp:33] Receive heartbeat from "nebula-storaged":9779, role = STORAGE
I20251127 07:42:40.827621   116 HBProcessor.cpp:41] Machine "nebula-storaged":9779 is not registered
I20251127 07:42:41.831792   116 HBProcessor.cpp:33] Receive heartbeat from "nebula-storaged":9779, role = STORAGE
I20251127 07:42:41.832666   116 HBProcessor.cpp:41] Machine "nebula-storaged":9779 is not registered
I20251127 07:42:41.945142   116 HBProcessor.cpp:33] Receive heartbeat from "nebula-graphd":9669, role = GRAPH
I20251127 07:42:42.835403   116 HBProcessor.cpp:33] Receive heartbeat from "nebula-storaged":9779, role = STORAGE
I20251127 07:42:42.835906   116 HBProcessor.cpp:41] Machine "nebula-storaged":9779 is not registered
I20251127 07:42:51.961323   116 HBProcessor.cpp:33] Receive heartbeat from "nebula-graphd":9669, role = GRAPH
I20251127 07:42:52.840360   116 HBProcessor.cpp:33] Receive heartbeat from "nebula-storaged":9779, role = STORAGE
I20251127 07:42:52.840548   116 HBProcessor.cpp:41] Machine "nebula-storaged":9779 is not registered
I20251127 07:42:53.844420   116 HBProcessor.cpp:33] Receive heartbeat from "nebula-storaged":9779, role = STORAGE
I20251127 07:42:53.845032   116 HBProcessor.cpp:41] Machine "nebula-storaged":9779 is not registered
I20251127 07:42:54.850473   116 HBProcessor.cpp:33] Receive heartbeat from "nebula-storaged":9779, role = STORAGE
I20251127 07:42:54.850811   116 HBProcessor.cpp:41] Machine "nebula-storaged":9779 is not registered
I20251127 07:42:55.857352   116 HBProcessor.cpp:33] Receive heartbeat from "nebula-storaged":9779, role = STORAGE
I20251127 07:42:55.858212   116 HBProcessor.cpp:41] Machine "nebula-storaged":9779 is not registered
I20251127 07:43:01.978766   116 HBProcessor.cpp:33] Receive heartbeat from "nebula-graphd":9669, role = GRAPH
I20251127 07:43:05.869087   116 HBProcessor.cpp:33] Receive heartbeat from "nebula-storaged":9779, role = STORAGE
I20251127 07:43:05.870249   116 HBProcessor.cpp:41] Machine "nebula-storaged":9779 is not registered
I20251127 07:43:06.874887   116 HBProcessor.cpp:33] Receive heartbeat from "nebula-storaged":9779, role = STORAGE
I20251127 07:43:06.875895   116 HBProcessor.cpp:41] Machine "nebula-storaged":9779 is not registered
I20251127 07:43:07.878186   116 HBProcessor.cpp:33] Receive heartbeat from "nebula-storaged":9779, role = STORAGE
I20251127 07:43:07.878916   116 HBProcessor.cpp:41] Machine "nebula-storaged":9779 is not registered
I20251127 07:43:09.082718   116 HBProcessor.cpp:33] Receive heartbeat from "nebula-storaged":9779, role = STORAGE
I20251127 07:43:09.088537   116 HBProcessor.cpp:41] Machine "nebula-storaged":9779 is not registered
I20251127 07:43:12.009151   116 HBProcessor.cpp:33] Receive heartbeat from "nebula-graphd":9669, role = GRAPH
I20251127 07:43:19.090438   116 HBProcessor.cpp:33] Receive heartbeat from "nebula-storaged":9779, role = STORAGE
I20251127 07:43:19.090878   116 HBProcessor.cpp:41] Machine "nebula-storaged":9779 is not registered
I20251127 07:43:20.097016   116 HBProcessor.cpp:33] Receive heartbeat from "nebula-storaged":9779, role = STORAGE
I20251127 07:43:20.097461   116 HBProcessor.cpp:41] Machine "nebula-storaged":9779 is not registered
I20251127 07:43:21.105170   116 HBProcessor.cpp:33] Receive heartbeat from "nebula-storaged":9779, role = STORAGE
I20251127 07:43:21.105973   116 HBProcessor.cpp:41] Machine "nebula-storaged":9779 is not registered
I20251127 07:43:22.024192   116 HBProcessor.cpp:33] Receive heartbeat from "nebula-graphd":9669, role = GRAPH
I20251127 07:43:22.107364   116 HBProcessor.cpp:33] Receive heartbeat from "nebula-storaged":9779, role = STORAGE
I20251127 07:43:22.108028   116 HBProcessor.cpp:41] Machine "nebula-storaged":9779 is not registered
I20251127 07:43:32.042486   116 HBProcessor.cpp:33] Receive heartbeat from "nebula-graphd":9669, role = GRAPH
I20251127 07:43:32.114318   116 HBProcessor.cpp:33] Receive heartbeat from "nebula-storaged":9779, role = STORAGE
I20251127 07:43:32.114776   116 HBProcessor.cpp:41] Machine "nebula-storaged":9779 is not registered
I20251127 07:43:33.122275   116 HBProcessor.cpp:33] Receive heartbeat from "nebula-storaged":9779, role = STORAGE
I20251127 07:43:33.123190   116 HBProcessor.cpp:41] Machine "nebula-storaged":9779 is not registered
I20251127 07:43:34.128212   116 HBProcessor.cpp:33] Receive heartbeat from "nebula-storaged":9779, role = STORAGE
I20251127 07:43:34.128480   116 HBProcessor.cpp:41] Machine "nebula-storaged":9779 is not registered
I20251127 07:43:35.136543   116 HBProcessor.cpp:33] Receive heartbeat from "nebula-storaged":9779, role = STORAGE
I20251127 07:43:35.136968   116 HBProcessor.cpp:41] Machine "nebula-storaged":9779 is not registered
I20251127 07:43:42.058454   116 HBProcessor.cpp:33] Receive heartbeat from "nebula-graphd":9669, role = GRAPH
I20251127 07:43:45.148389   116 HBProcessor.cpp:33] Receive heartbeat from "nebula-storaged":9779, role = STORAGE
I20251127 07:43:45.148743   116 HBProcessor.cpp:41] Machine "nebula-storaged":9779 is not registered
I20251127 07:43:46.152776   116 HBProcessor.cpp:33] Receive heartbeat from "nebula-storaged":9779, role = STORAGE
I20251127 07:43:46.153156   116 HBProcessor.cpp:41] Machine "nebula-storaged":9779 is not registered
I20251127 07:43:47.155887   116 HBProcessor.cpp:33] Receive heartbeat from "nebula-storaged":9779, role = STORAGE
I20251127 07:43:47.156365   116 HBProcessor.cpp:41] Machine "nebula-storaged":9779 is not registered
I20251127 07:43:48.159360   116 HBProcessor.cpp:33] Receive heartbeat from "nebula-storaged":9779, role = STORAGE
I20251127 07:43:48.160653   116 HBProcessor.cpp:41] Machine "nebula-storaged":9779 is not registered
I20251127 07:43:52.073534   116 HBProcessor.cpp:33] Receive heartbeat from "nebula-graphd":9669, role = GRAPH
I20251127 07:43:58.168881   116 HBProcessor.cpp:33] Receive heartbeat from "nebula-storaged":9779, role = STORAGE
I20251127 07:43:58.170171   116 HBProcessor.cpp:41] Machine "nebula-storaged":9779 is not registered
I20251127 07:43:59.173161   116 HBProcessor.cpp:33] Receive heartbeat from "nebula-storaged":9779, role = STORAGE
I20251127 07:43:59.173492   116 HBProcessor.cpp:41] Machine "nebula-storaged":9779 is not registered
I20251127 07:44:00.200469   116 HBProcessor.cpp:33] Receive heartbeat from "nebula-storaged":9779, role = STORAGE
I20251127 07:44:00.200830   116 HBProcessor.cpp:41] Machine "nebula-storaged":9779 is not registered
I20251127 07:44:01.206012   116 HBProcessor.cpp:33] Receive heartbeat from "nebula-storaged":9779, role = STORAGE
I20251127 07:44:01.206635   116 HBProcessor.cpp:41] Machine "nebula-storaged":9779 is not registered
I20251127 07:44:02.089239   116 HBProcessor.cpp:33] Receive heartbeat from "nebula-graphd":9669, role = GRAPH
I20251127 07:44:11.219972   116 HBProcessor.cpp:33] Receive heartbeat from "nebula-storaged":9779, role = STORAGE
I20251127 07:44:11.221985   116 HBProcessor.cpp:41] Machine "nebula-storaged":9779 is not registered
I20251127 07:44:12.094410   116 HBProcessor.cpp:33] Receive heartbeat from "nebula-graphd":9669, role = GRAPH
I20251127 07:44:12.227591   116 HBProcessor.cpp:33] Receive heartbeat from "nebula-storaged":9779, role = STORAGE
I20251127 07:44:12.228582   116 HBProcessor.cpp:41] Machine "nebula-storaged":9779 is not registered
I20251127 07:44:13.231741   116 HBProcessor.cpp:33] Receive heartbeat from "nebula-storaged":9779, role = STORAGE
I20251127 07:44:13.232718   116 HBProcessor.cpp:41] Machine "nebula-storaged":9779 is not registered
I20251127 07:44:14.236685   116 HBProcessor.cpp:33] Receive heartbeat from "nebula-storaged":9779, role = STORAGE
I20251127 07:44:14.237351   116 HBProcessor.cpp:41] Machine "nebula-storaged":9779 is not registered
I20251127 07:44:22.121137   116 HBProcessor.cpp:33] Receive heartbeat from "nebula-graphd":9669, role = GRAPH
I20251127 07:44:24.246507   116 HBProcessor.cpp:33] Receive heartbeat from "nebula-storaged":9779, role = STORAGE
I20251127 07:44:24.246944   116 HBProcessor.cpp:41] Machine "nebula-storaged":9779 is not registered
I20251127 07:44:25.250787   116 HBProcessor.cpp:33] Receive heartbeat from "nebula-storaged":9779, role = STORAGE
I20251127 07:44:25.251324   116 HBProcessor.cpp:41] Machine "nebula-storaged":9779 is not registered
I20251127 07:44:26.252229   116 HBProcessor.cpp:33] Receive heartbeat from "nebula-storaged":9779, role = STORAGE
I20251127 07:44:26.252403   116 HBProcessor.cpp:41] Machine "nebula-storaged":9779 is not registered
I20251127 07:44:27.255226   116 HBProcessor.cpp:33] Receive heartbeat from "nebula-storaged":9779, role = STORAGE
I20251127 07:44:27.256031   116 HBProcessor.cpp:41] Machine "nebula-storaged":9779 is not registered
I20251127 07:44:32.134415   116 HBProcessor.cpp:33] Receive heartbeat from "nebula-graphd":9669, role = GRAPH
I20251127 07:44:37.263403   116 HBProcessor.cpp:33] Receive heartbeat from "nebula-storaged":9779, role = STORAGE
I20251127 07:44:37.263712   116 HBProcessor.cpp:41] Machine "nebula-storaged":9779 is not registered
I20251127 07:44:38.268595   116 HBProcessor.cpp:33] Receive heartbeat from "nebula-storaged":9779, role = STORAGE
I20251127 07:44:38.270325   116 HBProcessor.cpp:41] Machine "nebula-storaged":9779 is not registered
I20251127 07:44:39.281147   116 HBProcessor.cpp:33] Receive heartbeat from "nebula-storaged":9779, role = STORAGE
I20251127 07:44:39.282342   116 HBProcessor.cpp:41] Machine "nebula-storaged":9779 is not registered
I20251127 07:44:40.288173   116 HBProcessor.cpp:33] Receive heartbeat from "nebula-storaged":9779, role = STORAGE
I20251127 07:44:40.288378   116 HBProcessor.cpp:41] Machine "nebula-storaged":9779 is not registered
I20251127 07:44:42.182569   116 HBProcessor.cpp:33] Receive heartbeat from "nebula-graphd":9669, role = GRAPH
I20251127 07:44:50.296034   116 HBProcessor.cpp:33] Receive heartbeat from "nebula-storaged":9779, role = STORAGE
I20251127 07:44:50.297360   116 HBProcessor.cpp:41] Machine "nebula-storaged":9779 is not registered
I20251127 07:44:51.301155   116 HBProcessor.cpp:33] Receive heartbeat from "nebula-storaged":9779, role = STORAGE
I20251127 07:44:51.302091   116 HBProcessor.cpp:41] Machine "nebula-storaged":9779 is not registered
I20251127 07:44:52.192533   116 HBProcessor.cpp:33] Receive heartbeat from "nebula-graphd":9669, role = GRAPH
I20251127 07:44:52.304747   116 HBProcessor.cpp:33] Receive heartbeat from "nebula-storaged":9779, role = STORAGE
I20251127 07:44:52.305063   116 HBProcessor.cpp:41] Machine "nebula-storaged":9779 is not registered
I20251127 07:44:53.309126   116 HBProcessor.cpp:33] Receive heartbeat from "nebula-storaged":9779, role = STORAGE
I20251127 07:44:53.310019   116 HBProcessor.cpp:41] Machine "nebula-storaged":9779 is not registered
I20251127 07:45:02.208612   116 HBProcessor.cpp:33] Receive heartbeat from "nebula-graphd":9669, role = GRAPH
I20251127 07:45:03.317576   116 HBProcessor.cpp:33] Receive heartbeat from "nebula-storaged":9779, role = STORAGE
I20251127 07:45:03.317943   116 HBProcessor.cpp:41] Machine "nebula-storaged":9779 is not registered
I20251127 07:45:04.325132   116 HBProcessor.cpp:33] Receive heartbeat from "nebula-storaged":9779, role = STORAGE
I20251127 07:45:04.325559   116 HBProcessor.cpp:41] Machine "nebula-storaged":9779 is not registered
I20251127 07:45:05.329079   116 HBProcessor.cpp:33] Receive heartbeat from "nebula-storaged":9779, role = STORAGE
I20251127 07:45:05.329260   116 HBProcessor.cpp:41] Machine "nebula-storaged":9779 is not registered
I20251127 07:45:06.332300   116 HBProcessor.cpp:33] Receive heartbeat from "nebula-storaged":9779, role = STORAGE
I20251127 07:45:06.332541   116 HBProcessor.cpp:41] Machine "nebula-storaged":9779 is not registered
I20251127 07:45:12.225755   116 HBProcessor.cpp:33] Receive heartbeat from "nebula-graphd":9669, role = GRAPH
I20251127 07:45:16.337599   116 HBProcessor.cpp:33] Receive heartbeat from "nebula-storaged":9779, role = STORAGE
I20251127 07:45:16.337778   116 HBProcessor.cpp:41] Machine "nebula-storaged":9779 is not registered
I20251127 07:45:17.339504   116 HBProcessor.cpp:33] Receive heartbeat from "nebula-storaged":9779, role = STORAGE
I20251127 07:45:17.339757   116 HBProcessor.cpp:41] Machine "nebula-storaged":9779 is not registered
I20251127 07:45:18.344632   116 HBProcessor.cpp:33] Receive heartbeat from "nebula-storaged":9779, role = STORAGE
I20251127 07:45:18.345698   116 HBProcessor.cpp:41] Machine "nebula-storaged":9779 is not registered
I20251127 07:45:19.356547   116 HBProcessor.cpp:33] Receive heartbeat from "nebula-storaged":9779, role = STORAGE
I20251127 07:45:19.357823   116 HBProcessor.cpp:41] Machine "nebula-storaged":9779 is not registered
I20251127 07:45:22.243500   116 HBProcessor.cpp:33] Receive heartbeat from "nebula-graphd":9669, role = GRAPH
I20251127 07:45:29.364822   116 HBProcessor.cpp:33] Receive heartbeat from "nebula-storaged":9779, role = STORAGE
I20251127 07:45:29.365728   116 HBProcessor.cpp:41] Machine "nebula-storaged":9779 is not registered
I20251127 07:45:30.372205   116 HBProcessor.cpp:33] Receive heartbeat from "nebula-storaged":9779, role = STORAGE
I20251127 07:45:30.372823   116 HBProcessor.cpp:41] Machine "nebula-storaged":9779 is not registered
I20251127 07:45:31.376580   116 HBProcessor.cpp:33] Receive heartbeat from "nebula-storaged":9779, role = STORAGE
I20251127 07:45:31.376935   116 HBProcessor.cpp:41] Machine "nebula-storaged":9779 is not registered
I20251127 07:45:32.259017   116 HBProcessor.cpp:33] Receive heartbeat from "nebula-graphd":9669, role = GRAPH
I20251127 07:45:32.378762   116 HBProcessor.cpp:33] Receive heartbeat from "nebula-storaged":9779, role = STORAGE
I20251127 07:45:32.379478   116 HBProcessor.cpp:41] Machine "nebula-storaged":9779 is not registered
I20251127 07:45:42.264459   116 HBProcessor.cpp:33] Receive heartbeat from "nebula-graphd":9669, role = GRAPH
I20251127 07:45:42.387619   116 HBProcessor.cpp:33] Receive heartbeat from "nebula-storaged":9779, role = STORAGE
I20251127 07:45:42.388109   116 HBProcessor.cpp:41] Machine "nebula-storaged":9779 is not registered
I20251127 07:45:43.392509   116 HBProcessor.cpp:33] Receive heartbeat from "nebula-storaged":9779, role = STORAGE
I20251127 07:45:43.393393   116 HBProcessor.cpp:41] Machine "nebula-storaged":9779 is not registered
I20251127 07:45:44.403383   116 HBProcessor.cpp:33] Receive heartbeat from "nebula-storaged":9779, role = STORAGE
I20251127 07:45:44.403853   116 HBProcessor.cpp:41] Machine "nebula-storaged":9779 is not registered
I20251127 07:45:45.410159   116 HBProcessor.cpp:33] Receive heartbeat from "nebula-storaged":9779, role = STORAGE
I20251127 07:45:45.411093   116 HBProcessor.cpp:41] Machine "nebula-storaged":9779 is not registered
I20251127 07:45:52.270924   116 HBProcessor.cpp:33] Receive heartbeat from "nebula-graphd":9669, role = GRAPH
I20251127 07:45:55.418780   116 HBProcessor.cpp:33] Receive heartbeat from "nebula-storaged":9779, role = STORAGE
I20251127 07:45:55.419106   116 HBProcessor.cpp:41] Machine "nebula-storaged":9779 is not registered
I20251127 07:45:56.422705   116 HBProcessor.cpp:33] Receive heartbeat from "nebula-storaged":9779, role = STORAGE
I20251127 07:45:56.423018   116 HBProcessor.cpp:41] Machine "nebula-storaged":9779 is not registered
I20251127 07:45:57.428201   116 HBProcessor.cpp:33] Receive heartbeat from "nebula-storaged":9779, role = STORAGE
I20251127 07:45:57.428920   116 HBProcessor.cpp:41] Machine "nebula-storaged":9779 is not registered
I20251127 07:45:58.430156   116 HBProcessor.cpp:33] Receive heartbeat from "nebula-storaged":9779, role = STORAGE
I20251127 07:45:58.431574   116 HBProcessor.cpp:41] Machine "nebula-storaged":9779 is not registered
I20251127 07:46:02.290110   116 HBProcessor.cpp:33] Receive heartbeat from "nebula-graphd":9669, role = GRAPH
I20251127 07:46:08.443836   116 HBProcessor.cpp:33] Receive heartbeat from "nebula-storaged":9779, role = STORAGE
I20251127 07:46:08.444702   116 HBProcessor.cpp:41] Machine "nebula-storaged":9779 is not registered
I20251127 07:46:09.448148   116 HBProcessor.cpp:33] Receive heartbeat from "nebula-storaged":9779, role = STORAGE
I20251127 07:46:09.448832   116 HBProcessor.cpp:41] Machine "nebula-storaged":9779 is not registered
I20251127 07:46:10.452733   116 HBProcessor.cpp:33] Receive heartbeat from "nebula-storaged":9779, role = STORAGE
I20251127 07:46:10.453323   116 HBProcessor.cpp:41] Machine "nebula-storaged":9779 is not registered
I20251127 07:46:11.454488   116 HBProcessor.cpp:33] Receive heartbeat from "nebula-storaged":9779, role = STORAGE
I20251127 07:46:11.455193   116 HBProcessor.cpp:41] Machine "nebula-storaged":9779 is not registered
I20251127 07:46:12.306808   116 HBProcessor.cpp:33] Receive heartbeat from "nebula-graphd":9669, role = GRAPH
I20251127 07:46:21.466996   116 HBProcessor.cpp:33] Receive heartbeat from "nebula-storaged":9779, role = STORAGE
I20251127 07:46:21.468811   116 HBProcessor.cpp:41] Machine "nebula-storaged":9779 is not registered
I20251127 07:46:22.311728   116 HBProcessor.cpp:33] Receive heartbeat from "nebula-graphd":9669, role = GRAPH
I20251127 07:46:22.472744   116 HBProcessor.cpp:33] Receive heartbeat from "nebula-storaged":9779, role = STORAGE
I20251127 07:46:22.473626   116 HBProcessor.cpp:41] Machine "nebula-storaged":9779 is not registered
I20251127 07:46:23.477229   116 HBProcessor.cpp:33] Receive heartbeat from "nebula-storaged":9779, role = STORAGE
I20251127 07:46:23.477720   116 HBProcessor.cpp:41] Machine "nebula-storaged":9779 is not registered
I20251127 07:46:24.482007   116 HBProcessor.cpp:33] Receive heartbeat from "nebula-storaged":9779, role = STORAGE
I20251127 07:46:24.482908   116 HBProcessor.cpp:41] Machine "nebula-storaged":9779 is not registered
I20251127 07:46:32.318485   116 HBProcessor.cpp:33] Receive heartbeat from "nebula-graphd":9669, role = GRAPH
I20251127 07:46:34.492700   116 HBProcessor.cpp:33] Receive heartbeat from "nebula-storaged":9779, role = STORAGE
I20251127 07:46:34.493388   116 HBProcessor.cpp:41] Machine "nebula-storaged":9779 is not registered
I20251127 07:46:35.496273   116 HBProcessor.cpp:33] Receive heartbeat from "nebula-storaged":9779, role = STORAGE
I20251127 07:46:35.497542   116 HBProcessor.cpp:41] Machine "nebula-storaged":9779 is not registered
I20251127 07:46:36.505194   116 HBProcessor.cpp:33] Receive heartbeat from "nebula-storaged":9779, role = STORAGE
I20251127 07:46:36.505770   116 HBProcessor.cpp:41] Machine "nebula-storaged":9779 is not registered
I20251127 07:46:37.510036   116 HBProcessor.cpp:33] Receive heartbeat from "nebula-storaged":9779, role = STORAGE
I20251127 07:46:37.511000   116 HBProcessor.cpp:41] Machine "nebula-storaged":9779 is not registered
I20251127 07:46:42.338905   116 HBProcessor.cpp:33] Receive heartbeat from "nebula-graphd":9669, role = GRAPH
I20251127 07:46:47.518404   116 HBProcessor.cpp:33] Receive heartbeat from "nebula-storaged":9779, role = STORAGE
I20251127 07:46:47.518782   116 HBProcessor.cpp:41] Machine "nebula-storaged":9779 is not registered
I20251127 07:46:48.522629   116 HBProcessor.cpp:33] Receive heartbeat from "nebula-storaged":9779, role = STORAGE
I20251127 07:46:48.523306   116 HBProcessor.cpp:41] Machine "nebula-storaged":9779 is not registered
I20251127 07:46:49.526561   116 HBProcessor.cpp:33] Receive heartbeat from "nebula-storaged":9779, role = STORAGE
I20251127 07:46:49.527391   116 HBProcessor.cpp:41] Machine "nebula-storaged":9779 is not registered
I20251127 07:46:50.532047   116 HBProcessor.cpp:33] Receive heartbeat from "nebula-storaged":9779, role = STORAGE
I20251127 07:46:50.532740   116 HBProcessor.cpp:41] Machine "nebula-storaged":9779 is not registered
I20251127 07:46:52.348238   116 HBProcessor.cpp:33] Receive heartbeat from "nebula-graphd":9669, role = GRAPH
I20251127 07:47:00.538277   116 HBProcessor.cpp:33] Receive heartbeat from "nebula-storaged":9779, role = STORAGE
I20251127 07:47:00.538985   116 HBProcessor.cpp:41] Machine "nebula-storaged":9779 is not registered
I20251127 07:47:01.546898   116 HBProcessor.cpp:33] Receive heartbeat from "nebula-storaged":9779, role = STORAGE
I20251127 07:47:01.547549   116 HBProcessor.cpp:41] Machine "nebula-storaged":9779 is not registered
I20251127 07:47:02.354429   116 HBProcessor.cpp:33] Receive heartbeat from "nebula-graphd":9669, role = GRAPH
I20251127 07:47:02.552085   116 HBProcessor.cpp:33] Receive heartbeat from "nebula-storaged":9779, role = STORAGE
I20251127 07:47:02.552728   116 HBProcessor.cpp:41] Machine "nebula-storaged":9779 is not registered
I20251127 07:47:03.555979   116 HBProcessor.cpp:33] Receive heartbeat from "nebula-storaged":9779, role = STORAGE
I20251127 07:47:03.556614   116 HBProcessor.cpp:41] Machine "nebula-storaged":9779 is not registered
I20251127 07:47:12.359022   116 HBProcessor.cpp:33] Receive heartbeat from "nebula-graphd":9669, role = GRAPH
I20251127 07:47:13.560505   116 HBProcessor.cpp:33] Receive heartbeat from "nebula-storaged":9779, role = STORAGE
I20251127 07:47:13.560761   116 HBProcessor.cpp:41] Machine "nebula-storaged":9779 is not registered
I20251127 07:47:14.564093   116 HBProcessor.cpp:33] Receive heartbeat from "nebula-storaged":9779, role = STORAGE
I20251127 07:47:14.564677   116 HBProcessor.cpp:41] Machine "nebula-storaged":9779 is not registered
I20251127 07:47:15.568517   116 HBProcessor.cpp:33] Receive heartbeat from "nebula-storaged":9779, role = STORAGE
I20251127 07:47:15.569396   116 HBProcessor.cpp:41] Machine "nebula-storaged":9779 is not registered
I20251127 07:47:16.573125   116 HBProcessor.cpp:33] Receive heartbeat from "nebula-storaged":9779, role = STORAGE
I20251127 07:47:16.573984   116 HBProcessor.cpp:41] Machine "nebula-storaged":9779 is not registered
I20251127 07:47:22.375437   116 HBProcessor.cpp:33] Receive heartbeat from "nebula-graphd":9669, role = GRAPH
I20251127 07:47:26.581847   116 HBProcessor.cpp:33] Receive heartbeat from "nebula-storaged":9779, role = STORAGE
I20251127 07:47:26.582252   116 HBProcessor.cpp:41] Machine "nebula-storaged":9779 is not registered
I20251127 07:47:27.586282   116 HBProcessor.cpp:33] Receive heartbeat from "nebula-storaged":9779, role = STORAGE
I20251127 07:47:27.587479   116 HBProcessor.cpp:41] Machine "nebula-storaged":9779 is not registered
I20251127 07:47:28.591599   116 HBProcessor.cpp:33] Receive heartbeat from "nebula-storaged":9779, role = STORAGE
I20251127 07:47:28.592137   116 HBProcessor.cpp:41] Machine "nebula-storaged":9779 is not registered
I20251127 07:47:29.594620   116 HBProcessor.cpp:33] Receive heartbeat from "nebula-storaged":9779, role = STORAGE
I20251127 07:47:29.594941   116 HBProcessor.cpp:41] Machine "nebula-storaged":9779 is not registered
I20251127 07:47:32.394007   116 HBProcessor.cpp:33] Receive heartbeat from "nebula-graphd":9669, role = GRAPH
I20251127 07:47:39.609352   116 HBProcessor.cpp:33] Receive heartbeat from "nebula-storaged":9779, role = STORAGE
I20251127 07:47:39.610600   116 HBProcessor.cpp:41] Machine "nebula-storaged":9779 is not registered
I20251127 07:47:40.616770   116 HBProcessor.cpp:33] Receive heartbeat from "nebula-storaged":9779, role = STORAGE
I20251127 07:47:40.617288   116 HBProcessor.cpp:41] Machine "nebula-storaged":9779 is not registered
I20251127 07:47:41.611019   116 HBProcessor.cpp:33] Receive heartbeat from "nebula-storaged":9779, role = STORAGE
I20251127 07:47:41.612777   116 HBProcessor.cpp:41] Machine "nebula-storaged":9779 is not registered
I20251127 07:47:42.392287   116 HBProcessor.cpp:33] Receive heartbeat from "nebula-graphd":9669, role = GRAPH
I20251127 07:47:42.621692   116 HBProcessor.cpp:33] Receive heartbeat from "nebula-storaged":9779, role = STORAGE
I20251127 07:47:42.622149   116 HBProcessor.cpp:41] Machine "nebula-storaged":9779 is not registered
I20251127 07:47:46.566718   116 CreateSpaceProcessor.cpp:149] Replication number should less than or equal to zone number.
I20251127 07:47:52.403735   116 HBProcessor.cpp:33] Receive heartbeat from "nebula-graphd":9669, role = GRAPH
I20251127 07:47:52.630344   116 HBProcessor.cpp:33] Receive heartbeat from "nebula-storaged":9779, role = STORAGE
I20251127 07:47:52.630798   116 HBProcessor.cpp:41] Machine "nebula-storaged":9779 is not registered
I20251127 07:47:53.633406   116 HBProcessor.cpp:33] Receive heartbeat from "nebula-storaged":9779, role = STORAGE
I20251127 07:47:53.634047   116 HBProcessor.cpp:41] Machine "nebula-storaged":9779 is not registered
I20251127 07:47:54.637217   116 HBProcessor.cpp:33] Receive heartbeat from "nebula-storaged":9779, role = STORAGE
I20251127 07:47:54.637692   116 HBProcessor.cpp:41] Machine "nebula-storaged":9779 is not registered
I20251127 07:47:55.645254   116 HBProcessor.cpp:33] Receive heartbeat from "nebula-storaged":9779, role = STORAGE
I20251127 07:47:55.645665   116 HBProcessor.cpp:41] Machine "nebula-storaged":9779 is not registered
I20251127 07:48:02.425797   116 HBProcessor.cpp:33] Receive heartbeat from "nebula-graphd":9669, role = GRAPH
I20251127 07:48:05.653088   116 HBProcessor.cpp:33] Receive heartbeat from "nebula-storaged":9779, role = STORAGE
I20251127 07:48:05.656378   116 HBProcessor.cpp:41] Machine "nebula-storaged":9779 is not registered
I20251127 07:48:06.661942   116 HBProcessor.cpp:33] Receive heartbeat from "nebula-storaged":9779, role = STORAGE
I20251127 07:48:06.662667   116 HBProcessor.cpp:41] Machine "nebula-storaged":9779 is not registered
I20251127 07:48:07.665638   116 HBProcessor.cpp:33] Receive heartbeat from "nebula-storaged":9779, role = STORAGE
I20251127 07:48:07.667348   116 HBProcessor.cpp:41] Machine "nebula-storaged":9779 is not registered
I20251127 07:48:08.671720   116 HBProcessor.cpp:33] Receive heartbeat from "nebula-storaged":9779, role = STORAGE
I20251127 07:48:08.672397   116 HBProcessor.cpp:41] Machine "nebula-storaged":9779 is not registered
I20251127 07:48:12.454061   116 HBProcessor.cpp:33] Receive heartbeat from "nebula-graphd":9669, role = GRAPH
I20251127 07:48:18.687449   116 HBProcessor.cpp:33] Receive heartbeat from "nebula-storaged":9779, role = STORAGE
I20251127 07:48:18.688652   116 HBProcessor.cpp:41] Machine "nebula-storaged":9779 is not registered
I20251127 07:48:19.692037   116 HBProcessor.cpp:33] Receive heartbeat from "nebula-storaged":9779, role = STORAGE
I20251127 07:48:19.692690   116 HBProcessor.cpp:41] Machine "nebula-storaged":9779 is not registered
I20251127 07:48:20.696409   116 HBProcessor.cpp:33] Receive heartbeat from "nebula-storaged":9779, role = STORAGE
I20251127 07:48:20.697152   116 HBProcessor.cpp:41] Machine "nebula-storaged":9779 is not registered
I20251127 07:48:21.704371   116 HBProcessor.cpp:33] Receive heartbeat from "nebula-storaged":9779, role = STORAGE
I20251127 07:48:21.705816   116 HBProcessor.cpp:41] Machine "nebula-storaged":9779 is not registered
I20251127 07:48:22.470666   116 HBProcessor.cpp:33] Receive heartbeat from "nebula-graphd":9669, role = GRAPH
I20251127 07:48:31.716177   116 HBProcessor.cpp:33] Receive heartbeat from "nebula-storaged":9779, role = STORAGE
I20251127 07:48:31.718729   116 HBProcessor.cpp:41] Machine "nebula-storaged":9779 is not registered
I20251127 07:48:32.482792   116 HBProcessor.cpp:33] Receive heartbeat from "nebula-graphd":9669, role = GRAPH
I20251127 07:48:32.722698   116 HBProcessor.cpp:33] Receive heartbeat from "nebula-storaged":9779, role = STORAGE
I20251127 07:48:32.722918   116 HBProcessor.cpp:41] Machine "nebula-storaged":9779 is not registered
I20251127 07:48:33.726581   116 HBProcessor.cpp:33] Receive heartbeat from "nebula-storaged":9779, role = STORAGE
I20251127 07:48:33.726776   116 HBProcessor.cpp:41] Machine "nebula-storaged":9779 is not registered
I20251127 07:48:34.734851   116 HBProcessor.cpp:33] Receive heartbeat from "nebula-storaged":9779, role = STORAGE
I20251127 07:48:34.735626   116 HBProcessor.cpp:41] Machine "nebula-storaged":9779 is not registered
I20251127 07:48:42.503494   116 HBProcessor.cpp:33] Receive heartbeat from "nebula-graphd":9669, role = GRAPH
I20251127 07:48:44.758677   116 HBProcessor.cpp:33] Receive heartbeat from "nebula-storaged":9779, role = STORAGE
I20251127 07:48:44.759032   116 HBProcessor.cpp:41] Machine "nebula-storaged":9779 is not registered
I20251127 07:48:45.769670   116 HBProcessor.cpp:33] Receive heartbeat from "nebula-storaged":9779, role = STORAGE
I20251127 07:48:45.770255   116 HBProcessor.cpp:41] Machine "nebula-storaged":9779 is not registered
I20251127 07:48:46.774632   116 HBProcessor.cpp:33] Receive heartbeat from "nebula-storaged":9779, role = STORAGE
I20251127 07:48:46.774972   116 HBProcessor.cpp:41] Machine "nebula-storaged":9779 is not registered
I20251127 07:48:47.777930   116 HBProcessor.cpp:33] Receive heartbeat from "nebula-storaged":9779, role = STORAGE
I20251127 07:48:47.778453   116 HBProcessor.cpp:41] Machine "nebula-storaged":9779 is not registered
I20251127 07:48:52.524186   116 HBProcessor.cpp:33] Receive heartbeat from "nebula-graphd":9669, role = GRAPH
I20251127 07:48:57.728267   116 CreateSpaceProcessor.cpp:149] Replication number should less than or equal to zone number.
I20251127 07:48:57.783967   116 HBProcessor.cpp:33] Receive heartbeat from "nebula-storaged":9779, role = STORAGE
I20251127 07:48:57.784247   116 HBProcessor.cpp:41] Machine "nebula-storaged":9779 is not registered
I20251127 07:48:58.787694   116 HBProcessor.cpp:33] Receive heartbeat from "nebula-storaged":9779, role = STORAGE
I20251127 07:48:58.789059   116 HBProcessor.cpp:41] Machine "nebula-storaged":9779 is not registered
I20251127 07:48:59.792649   116 HBProcessor.cpp:33] Receive heartbeat from "nebula-storaged":9779, role = STORAGE
I20251127 07:48:59.792974   116 HBProcessor.cpp:41] Machine "nebula-storaged":9779 is not registered
I20251127 07:49:00.797075   116 HBProcessor.cpp:33] Receive heartbeat from "nebula-storaged":9779, role = STORAGE
I20251127 07:49:00.797968   116 HBProcessor.cpp:41] Machine "nebula-storaged":9779 is not registered
I20251127 07:49:02.526932   116 HBProcessor.cpp:33] Receive heartbeat from "nebula-graphd":9669, role = GRAPH
I20251127 07:49:10.807333   116 HBProcessor.cpp:33] Receive heartbeat from "nebula-storaged":9779, role = STORAGE
I20251127 07:49:10.808164   116 HBProcessor.cpp:41] Machine "nebula-storaged":9779 is not registered
I20251127 07:49:11.834610   116 HBProcessor.cpp:33] Receive heartbeat from "nebula-storaged":9779, role = STORAGE
I20251127 07:49:11.835362   116 HBProcessor.cpp:41] Machine "nebula-storaged":9779 is not registered
I20251127 07:49:12.562057   116 HBProcessor.cpp:33] Receive heartbeat from "nebula-graphd":9669, role = GRAPH
I20251127 07:49:12.839813   116 HBProcessor.cpp:33] Receive heartbeat from "nebula-storaged":9779, role = STORAGE
I20251127 07:49:12.841064   116 HBProcessor.cpp:41] Machine "nebula-storaged":9779 is not registered
I20251127 07:49:13.844475   116 HBProcessor.cpp:33] Receive heartbeat from "nebula-storaged":9779, role = STORAGE
I20251127 07:49:13.844868   116 HBProcessor.cpp:41] Machine "nebula-storaged":9779 is not registered
I20251127 07:49:22.568030   116 HBProcessor.cpp:33] Receive heartbeat from "nebula-graphd":9669, role = GRAPH
I20251127 07:49:23.851148   116 HBProcessor.cpp:33] Receive heartbeat from "nebula-storaged":9779, role = STORAGE
I20251127 07:49:23.851583   116 HBProcessor.cpp:41] Machine "nebula-storaged":9779 is not registered
I20251127 07:49:24.856137   116 HBProcessor.cpp:33] Receive heartbeat from "nebula-storaged":9779, role = STORAGE
I20251127 07:49:24.856611   116 HBProcessor.cpp:41] Machine "nebula-storaged":9779 is not registered
I20251127 07:49:25.866569   116 HBProcessor.cpp:33] Receive heartbeat from "nebula-storaged":9779, role = STORAGE
I20251127 07:49:25.868100   116 HBProcessor.cpp:41] Machine "nebula-storaged":9779 is not registered
I20251127 07:49:26.872241   116 HBProcessor.cpp:33] Receive heartbeat from "nebula-storaged":9779, role = STORAGE
I20251127 07:49:26.872771   116 HBProcessor.cpp:41] Machine "nebula-storaged":9779 is not registered
I20251127 07:49:32.585955   116 HBProcessor.cpp:33] Receive heartbeat from "nebula-graphd":9669, role = GRAPH
I20251127 07:49:36.881259   116 HBProcessor.cpp:33] Receive heartbeat from "nebula-storaged":9779, role = STORAGE
I20251127 07:49:36.881700   116 HBProcessor.cpp:41] Machine "nebula-storaged":9779 is not registered
I20251127 07:49:37.885982   116 HBProcessor.cpp:33] Receive heartbeat from "nebula-storaged":9779, role = STORAGE
I20251127 07:49:37.886667   116 HBProcessor.cpp:41] Machine "nebula-storaged":9779 is not registered
I20251127 07:49:38.889284   116 HBProcessor.cpp:33] Receive heartbeat from "nebula-storaged":9779, role = STORAGE
I20251127 07:49:38.891709   116 HBProcessor.cpp:41] Machine "nebula-storaged":9779 is not registered
I20251127 07:49:39.896803   116 HBProcessor.cpp:33] Receive heartbeat from "nebula-storaged":9779, role = STORAGE
I20251127 07:49:39.902086   116 HBProcessor.cpp:41] Machine "nebula-storaged":9779 is not registered
I20251127 07:49:42.616798   116 HBProcessor.cpp:33] Receive heartbeat from "nebula-graphd":9669, role = GRAPH
I20251127 07:49:49.933570   116 HBProcessor.cpp:33] Receive heartbeat from "nebula-storaged":9779, role = STORAGE
I20251127 07:49:49.935019   116 HBProcessor.cpp:41] Machine "nebula-storaged":9779 is not registered
I20251127 07:49:50.937883   116 HBProcessor.cpp:33] Receive heartbeat from "nebula-storaged":9779, role = STORAGE
I20251127 07:49:50.938654   116 HBProcessor.cpp:41] Machine "nebula-storaged":9779 is not registered
I20251127 07:49:51.942325   116 HBProcessor.cpp:33] Receive heartbeat from "nebula-storaged":9779, role = STORAGE
I20251127 07:49:51.943270   116 HBProcessor.cpp:41] Machine "nebula-storaged":9779 is not registered
I20251127 07:49:52.736142   116 HBProcessor.cpp:33] Receive heartbeat from "nebula-graphd":9669, role = GRAPH
I20251127 07:49:52.946130   116 HBProcessor.cpp:33] Receive heartbeat from "nebula-storaged":9779, role = STORAGE
I20251127 07:49:52.946422   116 HBProcessor.cpp:41] Machine "nebula-storaged":9779 is not registered
I20251127 07:50:02.746102   116 HBProcessor.cpp:33] Receive heartbeat from "nebula-graphd":9669, role = GRAPH
I20251127 07:50:02.957029   116 HBProcessor.cpp:33] Receive heartbeat from "nebula-storaged":9779, role = STORAGE
I20251127 07:50:02.957490   116 HBProcessor.cpp:41] Machine "nebula-storaged":9779 is not registered
I20251127 07:50:03.965488   116 HBProcessor.cpp:33] Receive heartbeat from "nebula-storaged":9779, role = STORAGE
I20251127 07:50:03.966179   116 HBProcessor.cpp:41] Machine "nebula-storaged":9779 is not registered
I20251127 07:50:04.973768   116 HBProcessor.cpp:33] Receive heartbeat from "nebula-storaged":9779, role = STORAGE
I20251127 07:50:04.974251   116 HBProcessor.cpp:41] Machine "nebula-storaged":9779 is not registered
I20251127 07:50:05.977188   116 HBProcessor.cpp:33] Receive heartbeat from "nebula-storaged":9779, role = STORAGE
I20251127 07:50:05.977893   116 HBProcessor.cpp:41] Machine "nebula-storaged":9779 is not registered
I20251127 07:50:12.779007   116 HBProcessor.cpp:33] Receive heartbeat from "nebula-graphd":9669, role = GRAPH
I20251127 07:50:15.990687   116 HBProcessor.cpp:33] Receive heartbeat from "nebula-storaged":9779, role = STORAGE
I20251127 07:50:15.991165   116 HBProcessor.cpp:41] Machine "nebula-storaged":9779 is not registered
I20251127 07:50:16.999328   116 HBProcessor.cpp:33] Receive heartbeat from "nebula-storaged":9779, role = STORAGE
I20251127 07:50:17.000095   116 HBProcessor.cpp:41] Machine "nebula-storaged":9779 is not registered
I20251127 07:50:18.004338   116 HBProcessor.cpp:33] Receive heartbeat from "nebula-storaged":9779, role = STORAGE
I20251127 07:50:18.004897   116 HBProcessor.cpp:41] Machine "nebula-storaged":9779 is not registered
I20251127 07:50:19.008340   116 HBProcessor.cpp:33] Receive heartbeat from "nebula-storaged":9779, role = STORAGE
I20251127 07:50:19.009512   116 HBProcessor.cpp:41] Machine "nebula-storaged":9779 is not registered
I20251127 07:50:22.795086   116 HBProcessor.cpp:33] Receive heartbeat from "nebula-graphd":9669, role = GRAPH
I20251127 07:50:29.017342   116 HBProcessor.cpp:33] Receive heartbeat from "nebula-storaged":9779, role = STORAGE
I20251127 07:50:29.017956   116 HBProcessor.cpp:41] Machine "nebula-storaged":9779 is not registered
I20251127 07:50:30.025292   116 HBProcessor.cpp:33] Receive heartbeat from "nebula-storaged":9779, role = STORAGE
I20251127 07:50:30.026604   116 HBProcessor.cpp:41] Machine "nebula-storaged":9779 is not registered
I20251127 07:50:31.031575   116 HBProcessor.cpp:33] Receive heartbeat from "nebula-storaged":9779, role = STORAGE
I20251127 07:50:31.032375   116 HBProcessor.cpp:41] Machine "nebula-storaged":9779 is not registered
I20251127 07:50:32.036536   116 HBProcessor.cpp:33] Receive heartbeat from "nebula-storaged":9779, role = STORAGE
I20251127 07:50:32.037299   116 HBProcessor.cpp:41] Machine "nebula-storaged":9779 is not registered
I20251127 07:50:32.801316   116 HBProcessor.cpp:33] Receive heartbeat from "nebula-graphd":9669, role = GRAPH
I20251127 07:50:42.046857   116 HBProcessor.cpp:33] Receive heartbeat from "nebula-storaged":9779, role = STORAGE
I20251127 07:50:42.047953   116 HBProcessor.cpp:41] Machine "nebula-storaged":9779 is not registered
I20251127 07:50:42.806185   116 HBProcessor.cpp:33] Receive heartbeat from "nebula-graphd":9669, role = GRAPH
I20251127 07:50:43.054015   116 HBProcessor.cpp:33] Receive heartbeat from "nebula-storaged":9779, role = STORAGE
I20251127 07:50:43.054720   116 HBProcessor.cpp:41] Machine "nebula-storaged":9779 is not registered
I20251127 07:50:44.058344   116 HBProcessor.cpp:33] Receive heartbeat from "nebula-storaged":9779, role = STORAGE
I20251127 07:50:44.059177   116 HBProcessor.cpp:41] Machine "nebula-storaged":9779 is not registered
I20251127 07:50:45.061498   116 HBProcessor.cpp:33] Receive heartbeat from "nebula-storaged":9779, role = STORAGE
I20251127 07:50:45.061669   116 HBProcessor.cpp:41] Machine "nebula-storaged":9779 is not registered
I20251127 07:50:52.819784   116 HBProcessor.cpp:33] Receive heartbeat from "nebula-graphd":9669, role = GRAPH
I20251127 07:50:55.065547   116 HBProcessor.cpp:33] Receive heartbeat from "nebula-storaged":9779, role = STORAGE
I20251127 07:50:55.065936   116 HBProcessor.cpp:41] Machine "nebula-storaged":9779 is not registered
I20251127 07:50:56.071018   116 HBProcessor.cpp:33] Receive heartbeat from "nebula-storaged":9779, role = STORAGE
I20251127 07:50:56.071790   116 HBProcessor.cpp:41] Machine "nebula-storaged":9779 is not registered
I20251127 07:50:57.077282   116 HBProcessor.cpp:33] Receive heartbeat from "nebula-storaged":9779, role = STORAGE
I20251127 07:50:57.077829   116 HBProcessor.cpp:41] Machine "nebula-storaged":9779 is not registered
I20251127 07:50:58.083740   116 HBProcessor.cpp:33] Receive heartbeat from "nebula-storaged":9779, role = STORAGE
I20251127 07:50:58.084517   116 HBProcessor.cpp:41] Machine "nebula-storaged":9779 is not registered
I20251127 07:51:02.837716   116 HBProcessor.cpp:33] Receive heartbeat from "nebula-graphd":9669, role = GRAPH
I20251127 07:51:08.091157   116 HBProcessor.cpp:33] Receive heartbeat from "nebula-storaged":9779, role = STORAGE
I20251127 07:51:08.091579   116 HBProcessor.cpp:41] Machine "nebula-storaged":9779 is not registered
I20251127 07:51:09.094937   116 HBProcessor.cpp:33] Receive heartbeat from "nebula-storaged":9779, role = STORAGE
I20251127 07:51:09.095755   116 HBProcessor.cpp:41] Machine "nebula-storaged":9779 is not registered
I20251127 07:51:10.100244   116 HBProcessor.cpp:33] Receive heartbeat from "nebula-storaged":9779, role = STORAGE
I20251127 07:51:10.100898   116 HBProcessor.cpp:41] Machine "nebula-storaged":9779 is not registered
I20251127 07:51:11.103893   116 HBProcessor.cpp:33] Receive heartbeat from "nebula-storaged":9779, role = STORAGE
I20251127 07:51:11.104559   116 HBProcessor.cpp:41] Machine "nebula-storaged":9779 is not registered
I20251127 07:51:12.845278   116 HBProcessor.cpp:33] Receive heartbeat from "nebula-graphd":9669, role = GRAPH
I20251127 07:51:21.114527   116 HBProcessor.cpp:33] Receive heartbeat from "nebula-storaged":9779, role = STORAGE
I20251127 07:51:21.115567   116 HBProcessor.cpp:41] Machine "nebula-storaged":9779 is not registered
I20251127 07:51:22.121204   116 HBProcessor.cpp:33] Receive heartbeat from "nebula-storaged":9779, role = STORAGE
I20251127 07:51:22.122123   116 HBProcessor.cpp:41] Machine "nebula-storaged":9779 is not registered
I20251127 07:51:22.854854   116 HBProcessor.cpp:33] Receive heartbeat from "nebula-graphd":9669, role = GRAPH
I20251127 07:51:23.126233   116 HBProcessor.cpp:33] Receive heartbeat from "nebula-storaged":9779, role = STORAGE
I20251127 07:51:23.127156   116 HBProcessor.cpp:41] Machine "nebula-storaged":9779 is not registered
I20251127 07:51:24.131103   116 HBProcessor.cpp:33] Receive heartbeat from "nebula-storaged":9779, role = STORAGE
I20251127 07:51:24.131896   116 HBProcessor.cpp:41] Machine "nebula-storaged":9779 is not registered
I20251127 07:51:32.862655   116 HBProcessor.cpp:33] Receive heartbeat from "nebula-graphd":9669, role = GRAPH
I20251127 07:51:34.140282   116 HBProcessor.cpp:33] Receive heartbeat from "nebula-storaged":9779, role = STORAGE
I20251127 07:51:34.140697   116 HBProcessor.cpp:41] Machine "nebula-storaged":9779 is not registered
I20251127 07:51:35.147902   116 HBProcessor.cpp:33] Receive heartbeat from "nebula-storaged":9779, role = STORAGE
I20251127 07:51:35.148144   116 HBProcessor.cpp:41] Machine "nebula-storaged":9779 is not registered
I20251127 07:51:36.151983   116 HBProcessor.cpp:33] Receive heartbeat from "nebula-storaged":9779, role = STORAGE
I20251127 07:51:36.152940   116 HBProcessor.cpp:41] Machine "nebula-storaged":9779 is not registered
I20251127 07:51:37.159826   116 HBProcessor.cpp:33] Receive heartbeat from "nebula-storaged":9779, role = STORAGE
I20251127 07:51:37.160724   116 HBProcessor.cpp:41] Machine "nebula-storaged":9779 is not registered
I20251127 07:51:42.883451   116 HBProcessor.cpp:33] Receive heartbeat from "nebula-graphd":9669, role = GRAPH
I20251127 07:51:47.173710   116 HBProcessor.cpp:33] Receive heartbeat from "nebula-storaged":9779, role = STORAGE
I20251127 07:51:47.174283   116 HBProcessor.cpp:41] Machine "nebula-storaged":9779 is not registered
I20251127 07:51:48.178149   116 HBProcessor.cpp:33] Receive heartbeat from "nebula-storaged":9779, role = STORAGE
I20251127 07:51:48.178963   116 HBProcessor.cpp:41] Machine "nebula-storaged":9779 is not registered
I20251127 07:51:49.181773   116 HBProcessor.cpp:33] Receive heartbeat from "nebula-storaged":9779, role = STORAGE
I20251127 07:51:49.182461   116 HBProcessor.cpp:41] Machine "nebula-storaged":9779 is not registered
I20251127 07:51:50.185830   116 HBProcessor.cpp:33] Receive heartbeat from "nebula-storaged":9779, role = STORAGE
I20251127 07:51:50.191216   116 HBProcessor.cpp:41] Machine "nebula-storaged":9779 is not registered
I20251127 07:51:52.901551   116 HBProcessor.cpp:33] Receive heartbeat from "nebula-graphd":9669, role = GRAPH
I20251127 07:52:00.198333   116 HBProcessor.cpp:33] Receive heartbeat from "nebula-storaged":9779, role = STORAGE
I20251127 07:52:00.199229   116 HBProcessor.cpp:41] Machine "nebula-storaged":9779 is not registered
I20251127 07:52:01.201663   116 HBProcessor.cpp:33] Receive heartbeat from "nebula-storaged":9779, role = STORAGE
I20251127 07:52:01.201979   116 HBProcessor.cpp:41] Machine "nebula-storaged":9779 is not registered
I20251127 07:52:02.204643   116 HBProcessor.cpp:33] Receive heartbeat from "nebula-storaged":9779, role = STORAGE
I20251127 07:52:02.205232   116 HBProcessor.cpp:41] Machine "nebula-storaged":9779 is not registered
I20251127 07:52:02.918429   116 HBProcessor.cpp:33] Receive heartbeat from "nebula-graphd":9669, role = GRAPH
I20251127 07:52:03.207697   116 HBProcessor.cpp:33] Receive heartbeat from "nebula-storaged":9779, role = STORAGE
I20251127 07:52:03.208348   116 HBProcessor.cpp:41] Machine "nebula-storaged":9779 is not registered
I20251127 07:52:12.937915   116 HBProcessor.cpp:33] Receive heartbeat from "nebula-graphd":9669, role = GRAPH
I20251127 07:52:13.217257   116 HBProcessor.cpp:33] Receive heartbeat from "nebula-storaged":9779, role = STORAGE
I20251127 07:52:13.223243   116 HBProcessor.cpp:41] Machine "nebula-storaged":9779 is not registered
I20251127 07:52:14.230540   116 HBProcessor.cpp:33] Receive heartbeat from "nebula-storaged":9779, role = STORAGE
I20251127 07:52:14.231021   116 HBProcessor.cpp:41] Machine "nebula-storaged":9779 is not registered
I20251127 07:52:15.237717   116 HBProcessor.cpp:33] Receive heartbeat from "nebula-storaged":9779, role = STORAGE
I20251127 07:52:15.238086   116 HBProcessor.cpp:41] Machine "nebula-storaged":9779 is not registered
I20251127 07:52:16.239650   116 HBProcessor.cpp:33] Receive heartbeat from "nebula-storaged":9779, role = STORAGE
I20251127 07:52:16.240178   116 HBProcessor.cpp:41] Machine "nebula-storaged":9779 is not registered
I20251127 07:52:21.304196   116 CreateSpaceProcessor.cpp:149] Replication number should less than or equal to zone number.
I20251127 07:52:22.944949   116 HBProcessor.cpp:33] Receive heartbeat from "nebula-graphd":9669, role = GRAPH
I20251127 07:52:23.310091   116 CreateSpaceProcessor.cpp:149] Replication number should less than or equal to zone number.
I20251127 07:52:25.345893   116 CreateSpaceProcessor.cpp:149] Replication number should less than or equal to zone number.
I20251127 07:52:26.256964   116 HBProcessor.cpp:33] Receive heartbeat from "nebula-storaged":9779, role = STORAGE
I20251127 07:52:26.257406   116 HBProcessor.cpp:41] Machine "nebula-storaged":9779 is not registered
I20251127 07:52:27.261564   116 HBProcessor.cpp:33] Receive heartbeat from "nebula-storaged":9779, role = STORAGE
I20251127 07:52:27.262596   116 HBProcessor.cpp:41] Machine "nebula-storaged":9779 is not registered
I20251127 07:52:27.353974   116 CreateSpaceProcessor.cpp:149] Replication number should less than or equal to zone number.
I20251127 07:52:28.268178   116 HBProcessor.cpp:33] Receive heartbeat from "nebula-storaged":9779, role = STORAGE
I20251127 07:52:28.269099   116 HBProcessor.cpp:41] Machine "nebula-storaged":9779 is not registered
I20251127 07:52:29.272552   116 HBProcessor.cpp:33] Receive heartbeat from "nebula-storaged":9779, role = STORAGE
I20251127 07:52:29.273536   116 HBProcessor.cpp:41] Machine "nebula-storaged":9779 is not registered
I20251127 07:52:29.363570   116 CreateSpaceProcessor.cpp:149] Replication number should less than or equal to zone number.
I20251127 07:52:32.950524   116 HBProcessor.cpp:33] Receive heartbeat from "nebula-graphd":9669, role = GRAPH
I20251127 07:52:39.280480   116 HBProcessor.cpp:33] Receive heartbeat from "nebula-storaged":9779, role = STORAGE
I20251127 07:52:39.280972   116 HBProcessor.cpp:41] Machine "nebula-storaged":9779 is not registered
I20251127 07:52:40.285522   116 HBProcessor.cpp:33] Receive heartbeat from "nebula-storaged":9779, role = STORAGE
I20251127 07:52:40.286414   116 HBProcessor.cpp:41] Machine "nebula-storaged":9779 is not registered
I20251127 07:52:41.290241   116 HBProcessor.cpp:33] Receive heartbeat from "nebula-storaged":9779, role = STORAGE
I20251127 07:52:41.291105   116 HBProcessor.cpp:41] Machine "nebula-storaged":9779 is not registered
I20251127 07:52:42.294857   116 HBProcessor.cpp:33] Receive heartbeat from "nebula-storaged":9779, role = STORAGE
I20251127 07:52:42.295822   116 HBProcessor.cpp:41] Machine "nebula-storaged":9779 is not registered
I20251127 07:52:42.968282   116 HBProcessor.cpp:33] Receive heartbeat from "nebula-graphd":9669, role = GRAPH
I20251127 07:52:52.302958   116 HBProcessor.cpp:33] Receive heartbeat from "nebula-storaged":9779, role = STORAGE
I20251127 07:52:52.303515   116 HBProcessor.cpp:41] Machine "nebula-storaged":9779 is not registered
I20251127 07:52:52.987099   116 HBProcessor.cpp:33] Receive heartbeat from "nebula-graphd":9669, role = GRAPH
I20251127 07:52:53.306849   116 HBProcessor.cpp:33] Receive heartbeat from "nebula-storaged":9779, role = STORAGE
I20251127 07:52:53.307705   116 HBProcessor.cpp:41] Machine "nebula-storaged":9779 is not registered
I20251127 07:52:54.309824   116 HBProcessor.cpp:33] Receive heartbeat from "nebula-storaged":9779, role = STORAGE
I20251127 07:52:54.310326   116 HBProcessor.cpp:41] Machine "nebula-storaged":9779 is not registered
I20251127 07:52:55.313287   116 HBProcessor.cpp:33] Receive heartbeat from "nebula-storaged":9779, role = STORAGE
I20251127 07:52:55.313975   116 HBProcessor.cpp:41] Machine "nebula-storaged":9779 is not registered
I20251127 07:53:03.004343   116 HBProcessor.cpp:33] Receive heartbeat from "nebula-graphd":9669, role = GRAPH
I20251127 07:53:05.323254   116 HBProcessor.cpp:33] Receive heartbeat from "nebula-storaged":9779, role = STORAGE
I20251127 07:53:05.323613   116 HBProcessor.cpp:41] Machine "nebula-storaged":9779 is not registered
I20251127 07:53:06.177938   116 CreateSpaceProcessor.cpp:149] Replication number should less than or equal to zone number.
I20251127 07:53:06.329311   116 HBProcessor.cpp:33] Receive heartbeat from "nebula-storaged":9779, role = STORAGE
I20251127 07:53:06.330130   116 HBProcessor.cpp:41] Machine "nebula-storaged":9779 is not registered
I20251127 07:53:07.332623   116 HBProcessor.cpp:33] Receive heartbeat from "nebula-storaged":9779, role = STORAGE
I20251127 07:53:07.333145   116 HBProcessor.cpp:41] Machine "nebula-storaged":9779 is not registered
I20251127 07:53:08.222623   116 CreateSpaceProcessor.cpp:149] Replication number should less than or equal to zone number.
I20251127 07:53:08.338203   116 HBProcessor.cpp:33] Receive heartbeat from "nebula-storaged":9779, role = STORAGE
I20251127 07:53:08.338824   116 HBProcessor.cpp:41] Machine "nebula-storaged":9779 is not registered
I20251127 07:53:10.238526   116 CreateSpaceProcessor.cpp:149] Replication number should less than or equal to zone number.
I20251127 07:53:12.240448   116 CreateSpaceProcessor.cpp:149] Replication number should less than or equal to zone number.
I20251127 07:53:13.018136   116 HBProcessor.cpp:33] Receive heartbeat from "nebula-graphd":9669, role = GRAPH
I20251127 07:53:14.248805   116 CreateSpaceProcessor.cpp:149] Replication number should less than or equal to zone number.
I20251127 07:53:18.344606   116 HBProcessor.cpp:33] Receive heartbeat from "nebula-storaged":9779, role = STORAGE
I20251127 07:53:18.345221   116 HBProcessor.cpp:41] Machine "nebula-storaged":9779 is not registered
I20251127 07:53:19.350265   116 HBProcessor.cpp:33] Receive heartbeat from "nebula-storaged":9779, role = STORAGE
I20251127 07:53:19.351176   116 HBProcessor.cpp:41] Machine "nebula-storaged":9779 is not registered
I20251127 07:53:20.354313   116 HBProcessor.cpp:33] Receive heartbeat from "nebula-storaged":9779, role = STORAGE
I20251127 07:53:20.354934   116 HBProcessor.cpp:41] Machine "nebula-storaged":9779 is not registered
I20251127 07:53:21.362905   116 HBProcessor.cpp:33] Receive heartbeat from "nebula-storaged":9779, role = STORAGE
I20251127 07:53:21.363720   116 HBProcessor.cpp:41] Machine "nebula-storaged":9779 is not registered
I20251127 07:53:23.037050   116 HBProcessor.cpp:33] Receive heartbeat from "nebula-graphd":9669, role = GRAPH
I20251127 07:53:31.375775   116 HBProcessor.cpp:33] Receive heartbeat from "nebula-storaged":9779, role = STORAGE
I20251127 07:53:31.377278   116 HBProcessor.cpp:41] Machine "nebula-storaged":9779 is not registered
I20251127 07:53:32.381769   116 HBProcessor.cpp:33] Receive heartbeat from "nebula-storaged":9779, role = STORAGE
I20251127 07:53:32.382465   116 HBProcessor.cpp:41] Machine "nebula-storaged":9779 is not registered
I20251127 07:53:33.049999   116 HBProcessor.cpp:33] Receive heartbeat from "nebula-graphd":9669, role = GRAPH
I20251127 07:53:33.386755   116 HBProcessor.cpp:33] Receive heartbeat from "nebula-storaged":9779, role = STORAGE
I20251127 07:53:33.387630   116 HBProcessor.cpp:41] Machine "nebula-storaged":9779 is not registered
I20251127 07:53:34.393798   116 HBProcessor.cpp:33] Receive heartbeat from "nebula-storaged":9779, role = STORAGE
I20251127 07:53:34.395093   116 HBProcessor.cpp:41] Machine "nebula-storaged":9779 is not registered
I20251127 07:53:43.073745   116 HBProcessor.cpp:33] Receive heartbeat from "nebula-graphd":9669, role = GRAPH
I20251127 07:53:44.409071   116 HBProcessor.cpp:33] Receive heartbeat from "nebula-storaged":9779, role = STORAGE
I20251127 07:53:44.409626   116 HBProcessor.cpp:41] Machine "nebula-storaged":9779 is not registered
I20251127 07:53:45.411269   116 HBProcessor.cpp:33] Receive heartbeat from "nebula-storaged":9779, role = STORAGE
I20251127 07:53:45.411885   116 HBProcessor.cpp:41] Machine "nebula-storaged":9779 is not registered
I20251127 07:53:46.414527   116 HBProcessor.cpp:33] Receive heartbeat from "nebula-storaged":9779, role = STORAGE
I20251127 07:53:46.414764   116 HBProcessor.cpp:41] Machine "nebula-storaged":9779 is not registered
I20251127 07:53:47.417601   116 HBProcessor.cpp:33] Receive heartbeat from "nebula-storaged":9779, role = STORAGE
I20251127 07:53:47.417959   116 HBProcessor.cpp:41] Machine "nebula-storaged":9779 is not registered
I20251127 07:53:53.092121   116 HBProcessor.cpp:33] Receive heartbeat from "nebula-graphd":9669, role = GRAPH
I20251127 07:53:57.427762   116 HBProcessor.cpp:33] Receive heartbeat from "nebula-storaged":9779, role = STORAGE
I20251127 07:53:57.428100   116 HBProcessor.cpp:41] Machine "nebula-storaged":9779 is not registered
I20251127 07:53:58.432781   116 HBProcessor.cpp:33] Receive heartbeat from "nebula-storaged":9779, role = STORAGE
I20251127 07:53:58.433641   116 HBProcessor.cpp:41] Machine "nebula-storaged":9779 is not registered
I20251127 07:53:59.440279   116 HBProcessor.cpp:33] Receive heartbeat from "nebula-storaged":9779, role = STORAGE
I20251127 07:53:59.441737   116 HBProcessor.cpp:41] Machine "nebula-storaged":9779 is not registered
I20251127 07:54:00.447926   116 HBProcessor.cpp:33] Receive heartbeat from "nebula-storaged":9779, role = STORAGE
I20251127 07:54:00.448457   116 HBProcessor.cpp:41] Machine "nebula-storaged":9779 is not registered
I20251127 07:54:03.112360   116 HBProcessor.cpp:33] Receive heartbeat from "nebula-graphd":9669, role = GRAPH
I20251127 07:54:10.457080   116 HBProcessor.cpp:33] Receive heartbeat from "nebula-storaged":9779, role = STORAGE
I20251127 07:54:10.457994   116 HBProcessor.cpp:41] Machine "nebula-storaged":9779 is not registered
I20251127 07:54:11.465075   116 HBProcessor.cpp:33] Receive heartbeat from "nebula-storaged":9779, role = STORAGE
I20251127 07:54:11.465654   116 HBProcessor.cpp:41] Machine "nebula-storaged":9779 is not registered
I20251127 07:54:12.472776   116 HBProcessor.cpp:33] Receive heartbeat from "nebula-storaged":9779, role = STORAGE
I20251127 07:54:12.473694   116 HBProcessor.cpp:41] Machine "nebula-storaged":9779 is not registered
I20251127 07:54:13.133481   116 HBProcessor.cpp:33] Receive heartbeat from "nebula-graphd":9669, role = GRAPH
I20251127 07:54:13.477070   116 HBProcessor.cpp:33] Receive heartbeat from "nebula-storaged":9779, role = STORAGE
I20251127 07:54:13.477779   116 HBProcessor.cpp:41] Machine "nebula-storaged":9779 is not registered
I20251127 07:54:23.149232   116 HBProcessor.cpp:33] Receive heartbeat from "nebula-graphd":9669, role = GRAPH
I20251127 07:54:23.490505   116 HBProcessor.cpp:33] Receive heartbeat from "nebula-storaged":9779, role = STORAGE
I20251127 07:54:23.491022   116 HBProcessor.cpp:41] Machine "nebula-storaged":9779 is not registered
I20251127 07:54:24.494556   116 HBProcessor.cpp:33] Receive heartbeat from "nebula-storaged":9779, role = STORAGE
I20251127 07:54:24.495344   116 HBProcessor.cpp:41] Machine "nebula-storaged":9779 is not registered
I20251127 07:54:25.498996   116 HBProcessor.cpp:33] Receive heartbeat from "nebula-storaged":9779, role = STORAGE
I20251127 07:54:25.499914   116 HBProcessor.cpp:41] Machine "nebula-storaged":9779 is not registered
I20251127 07:54:26.504165   116 HBProcessor.cpp:33] Receive heartbeat from "nebula-storaged":9779, role = STORAGE
I20251127 07:54:26.504384   116 HBProcessor.cpp:41] Machine "nebula-storaged":9779 is not registered
I20251127 07:54:33.166363   116 HBProcessor.cpp:33] Receive heartbeat from "nebula-graphd":9669, role = GRAPH
I20251127 07:54:36.509338   116 HBProcessor.cpp:33] Receive heartbeat from "nebula-storaged":9779, role = STORAGE
I20251127 07:54:36.509568   116 HBProcessor.cpp:41] Machine "nebula-storaged":9779 is not registered
I20251127 07:54:37.511906   116 HBProcessor.cpp:33] Receive heartbeat from "nebula-storaged":9779, role = STORAGE
I20251127 07:54:37.512177   116 HBProcessor.cpp:41] Machine "nebula-storaged":9779 is not registered
I20251127 07:54:38.515568   116 HBProcessor.cpp:33] Receive heartbeat from "nebula-storaged":9779, role = STORAGE
I20251127 07:54:38.516595   116 HBProcessor.cpp:41] Machine "nebula-storaged":9779 is not registered
I20251127 07:54:39.519872   116 HBProcessor.cpp:33] Receive heartbeat from "nebula-storaged":9779, role = STORAGE
I20251127 07:54:39.520183   116 HBProcessor.cpp:41] Machine "nebula-storaged":9779 is not registered
I20251127 07:54:43.173151   116 HBProcessor.cpp:33] Receive heartbeat from "nebula-graphd":9669, role = GRAPH
I20251127 07:54:49.527091   116 HBProcessor.cpp:33] Receive heartbeat from "nebula-storaged":9779, role = STORAGE
I20251127 07:54:49.527552   116 HBProcessor.cpp:41] Machine "nebula-storaged":9779 is not registered
I20251127 07:54:50.532595   116 HBProcessor.cpp:33] Receive heartbeat from "nebula-storaged":9779, role = STORAGE
I20251127 07:54:50.533282   116 HBProcessor.cpp:41] Machine "nebula-storaged":9779 is not registered
I20251127 07:54:51.540005   116 HBProcessor.cpp:33] Receive heartbeat from "nebula-storaged":9779, role = STORAGE
I20251127 07:54:51.540768   116 HBProcessor.cpp:41] Machine "nebula-storaged":9779 is not registered
I20251127 07:54:52.549515   116 HBProcessor.cpp:33] Receive heartbeat from "nebula-storaged":9779, role = STORAGE
I20251127 07:54:52.550357   116 HBProcessor.cpp:41] Machine "nebula-storaged":9779 is not registered
I20251127 07:54:53.188095   116 HBProcessor.cpp:33] Receive heartbeat from "nebula-graphd":9669, role = GRAPH
I20251127 07:55:02.559589   116 HBProcessor.cpp:33] Receive heartbeat from "nebula-storaged":9779, role = STORAGE
I20251127 07:55:02.560123   116 HBProcessor.cpp:41] Machine "nebula-storaged":9779 is not registered
I20251127 07:55:03.202656   116 HBProcessor.cpp:33] Receive heartbeat from "nebula-graphd":9669, role = GRAPH
I20251127 07:55:03.564141   116 HBProcessor.cpp:33] Receive heartbeat from "nebula-storaged":9779, role = STORAGE
I20251127 07:55:03.564687   116 HBProcessor.cpp:41] Machine "nebula-storaged":9779 is not registered
I20251127 07:55:04.567762   116 HBProcessor.cpp:33] Receive heartbeat from "nebula-storaged":9779, role = STORAGE
I20251127 07:55:04.568529   116 HBProcessor.cpp:41] Machine "nebula-storaged":9779 is not registered
I20251127 07:55:05.571544   116 HBProcessor.cpp:33] Receive heartbeat from "nebula-storaged":9779, role = STORAGE
I20251127 07:55:05.571992   116 HBProcessor.cpp:41] Machine "nebula-storaged":9779 is not registered
I20251127 07:55:13.221983   116 HBProcessor.cpp:33] Receive heartbeat from "nebula-graphd":9669, role = GRAPH
I20251127 07:55:15.584929   116 HBProcessor.cpp:33] Receive heartbeat from "nebula-storaged":9779, role = STORAGE
I20251127 07:55:15.585544   116 HBProcessor.cpp:41] Machine "nebula-storaged":9779 is not registered
I20251127 07:55:16.588838   116 HBProcessor.cpp:33] Receive heartbeat from "nebula-storaged":9779, role = STORAGE
I20251127 07:55:16.589213   116 HBProcessor.cpp:41] Machine "nebula-storaged":9779 is not registered
I20251127 07:55:17.591759   116 HBProcessor.cpp:33] Receive heartbeat from "nebula-storaged":9779, role = STORAGE
I20251127 07:55:17.592499   116 HBProcessor.cpp:41] Machine "nebula-storaged":9779 is not registered
I20251127 07:55:18.596627   116 HBProcessor.cpp:33] Receive heartbeat from "nebula-storaged":9779, role = STORAGE
I20251127 07:55:18.598284   116 HBProcessor.cpp:41] Machine "nebula-storaged":9779 is not registered
I20251127 07:55:23.236711   116 HBProcessor.cpp:33] Receive heartbeat from "nebula-graphd":9669, role = GRAPH
I20251127 07:55:28.612006   116 HBProcessor.cpp:33] Receive heartbeat from "nebula-storaged":9779, role = STORAGE
I20251127 07:55:28.613008   116 HBProcessor.cpp:41] Machine "nebula-storaged":9779 is not registered
I20251127 07:55:29.619104   116 HBProcessor.cpp:33] Receive heartbeat from "nebula-storaged":9779, role = STORAGE
I20251127 07:55:29.620224   116 HBProcessor.cpp:41] Machine "nebula-storaged":9779 is not registered
I20251127 07:55:30.623124   116 HBProcessor.cpp:33] Receive heartbeat from "nebula-storaged":9779, role = STORAGE
I20251127 07:55:30.623780   116 HBProcessor.cpp:41] Machine "nebula-storaged":9779 is not registered
I20251127 07:55:31.627221   116 HBProcessor.cpp:33] Receive heartbeat from "nebula-storaged":9779, role = STORAGE
I20251127 07:55:31.627962   116 HBProcessor.cpp:41] Machine "nebula-storaged":9779 is not registered
I20251127 07:55:33.242893   116 HBProcessor.cpp:33] Receive heartbeat from "nebula-graphd":9669, role = GRAPH
I20251127 07:55:41.639351   116 HBProcessor.cpp:33] Receive heartbeat from "nebula-storaged":9779, role = STORAGE
I20251127 07:55:41.640328   116 HBProcessor.cpp:41] Machine "nebula-storaged":9779 is not registered
I20251127 07:55:42.644490   116 HBProcessor.cpp:33] Receive heartbeat from "nebula-storaged":9779, role = STORAGE
I20251127 07:55:42.645141   116 HBProcessor.cpp:41] Machine "nebula-storaged":9779 is not registered
I20251127 07:55:43.246057   116 HBProcessor.cpp:33] Receive heartbeat from "nebula-graphd":9669, role = GRAPH
I20251127 07:55:43.651445   116 HBProcessor.cpp:33] Receive heartbeat from "nebula-storaged":9779, role = STORAGE
I20251127 07:55:43.651746   116 HBProcessor.cpp:41] Machine "nebula-storaged":9779 is not registered
I20251127 07:55:44.656705   116 HBProcessor.cpp:33] Receive heartbeat from "nebula-storaged":9779, role = STORAGE
I20251127 07:55:44.657572   116 HBProcessor.cpp:41] Machine "nebula-storaged":9779 is not registered
I20251127 07:55:53.263231   116 HBProcessor.cpp:33] Receive heartbeat from "nebula-graphd":9669, role = GRAPH
I20251127 07:55:54.664842   116 HBProcessor.cpp:33] Receive heartbeat from "nebula-storaged":9779, role = STORAGE
I20251127 07:55:54.665247   116 HBProcessor.cpp:41] Machine "nebula-storaged":9779 is not registered
I20251127 07:55:55.668366   116 HBProcessor.cpp:33] Receive heartbeat from "nebula-storaged":9779, role = STORAGE
I20251127 07:55:55.669040   116 HBProcessor.cpp:41] Machine "nebula-storaged":9779 is not registered
I20251127 07:55:56.673919   116 HBProcessor.cpp:33] Receive heartbeat from "nebula-storaged":9779, role = STORAGE
I20251127 07:55:56.674667   116 HBProcessor.cpp:41] Machine "nebula-storaged":9779 is not registered
I20251127 07:55:57.678936   116 HBProcessor.cpp:33] Receive heartbeat from "nebula-storaged":9779, role = STORAGE
I20251127 07:55:57.679567   116 HBProcessor.cpp:41] Machine "nebula-storaged":9779 is not registered
I20251127 07:56:03.271009   116 HBProcessor.cpp:33] Receive heartbeat from "nebula-graphd":9669, role = GRAPH
I20251127 07:56:07.689965   116 HBProcessor.cpp:33] Receive heartbeat from "nebula-storaged":9779, role = STORAGE
I20251127 07:56:07.690503   116 HBProcessor.cpp:41] Machine "nebula-storaged":9779 is not registered
I20251127 07:56:08.694303   116 HBProcessor.cpp:33] Receive heartbeat from "nebula-storaged":9779, role = STORAGE
I20251127 07:56:08.695188   116 HBProcessor.cpp:41] Machine "nebula-storaged":9779 is not registered
I20251127 07:56:09.698045   116 HBProcessor.cpp:33] Receive heartbeat from "nebula-storaged":9779, role = STORAGE
I20251127 07:56:09.698592   116 HBProcessor.cpp:41] Machine "nebula-storaged":9779 is not registered
I20251127 07:56:10.703209   116 HBProcessor.cpp:33] Receive heartbeat from "nebula-storaged":9779, role = STORAGE
I20251127 07:56:10.703884   116 HBProcessor.cpp:41] Machine "nebula-storaged":9779 is not registered
I20251127 07:56:13.285192   116 HBProcessor.cpp:33] Receive heartbeat from "nebula-graphd":9669, role = GRAPH
I20251127 07:56:20.714440   116 HBProcessor.cpp:33] Receive heartbeat from "nebula-storaged":9779, role = STORAGE
I20251127 07:56:20.715225   116 HBProcessor.cpp:41] Machine "nebula-storaged":9779 is not registered
I20251127 07:56:21.723009   116 HBProcessor.cpp:33] Receive heartbeat from "nebula-storaged":9779, role = STORAGE
I20251127 07:56:21.724211   116 HBProcessor.cpp:41] Machine "nebula-storaged":9779 is not registered
I20251127 07:56:22.727941   116 HBProcessor.cpp:33] Receive heartbeat from "nebula-storaged":9779, role = STORAGE
I20251127 07:56:22.728837   116 HBProcessor.cpp:41] Machine "nebula-storaged":9779 is not registered
I20251127 07:56:23.301426   116 HBProcessor.cpp:33] Receive heartbeat from "nebula-graphd":9669, role = GRAPH
I20251127 07:56:23.732185   116 HBProcessor.cpp:33] Receive heartbeat from "nebula-storaged":9779, role = STORAGE
I20251127 07:56:23.732913   116 HBProcessor.cpp:41] Machine "nebula-storaged":9779 is not registered
I20251127 07:56:33.315795   116 HBProcessor.cpp:33] Receive heartbeat from "nebula-graphd":9669, role = GRAPH
I20251127 07:56:33.741832   116 HBProcessor.cpp:33] Receive heartbeat from "nebula-storaged":9779, role = STORAGE
I20251127 07:56:33.742139   116 HBProcessor.cpp:41] Machine "nebula-storaged":9779 is not registered
I20251127 07:56:34.747763   116 HBProcessor.cpp:33] Receive heartbeat from "nebula-storaged":9779, role = STORAGE
I20251127 07:56:34.749006   116 HBProcessor.cpp:41] Machine "nebula-storaged":9779 is not registered
I20251127 07:56:35.752902   116 HBProcessor.cpp:33] Receive heartbeat from "nebula-storaged":9779, role = STORAGE
I20251127 07:56:35.753839   116 HBProcessor.cpp:41] Machine "nebula-storaged":9779 is not registered
I20251127 07:56:36.761615   116 HBProcessor.cpp:33] Receive heartbeat from "nebula-storaged":9779, role = STORAGE
I20251127 07:56:36.762151   116 HBProcessor.cpp:41] Machine "nebula-storaged":9779 is not registered
I20251127 07:56:43.337499   116 HBProcessor.cpp:33] Receive heartbeat from "nebula-graphd":9669, role = GRAPH
I20251127 07:56:46.771548   116 HBProcessor.cpp:33] Receive heartbeat from "nebula-storaged":9779, role = STORAGE
I20251127 07:56:46.772011   116 HBProcessor.cpp:41] Machine "nebula-storaged":9779 is not registered
I20251127 07:56:47.775146   116 HBProcessor.cpp:33] Receive heartbeat from "nebula-storaged":9779, role = STORAGE
I20251127 07:56:47.775455   116 HBProcessor.cpp:41] Machine "nebula-storaged":9779 is not registered
I20251127 07:56:48.781756   116 HBProcessor.cpp:33] Receive heartbeat from "nebula-storaged":9779, role = STORAGE
I20251127 07:56:48.782879   116 HBProcessor.cpp:41] Machine "nebula-storaged":9779 is not registered
I20251127 07:56:49.787242   116 HBProcessor.cpp:33] Receive heartbeat from "nebula-storaged":9779, role = STORAGE
I20251127 07:56:49.788273   116 HBProcessor.cpp:41] Machine "nebula-storaged":9779 is not registered
I20251127 07:56:53.359081   116 HBProcessor.cpp:33] Receive heartbeat from "nebula-graphd":9669, role = GRAPH
I20251127 07:56:59.794117   116 HBProcessor.cpp:33] Receive heartbeat from "nebula-storaged":9779, role = STORAGE
I20251127 07:56:59.795102   116 HBProcessor.cpp:41] Machine "nebula-storaged":9779 is not registered
I20251127 07:57:00.799335   116 HBProcessor.cpp:33] Receive heartbeat from "nebula-storaged":9779, role = STORAGE
I20251127 07:57:00.799963   116 HBProcessor.cpp:41] Machine "nebula-storaged":9779 is not registered
I20251127 07:57:01.804456   116 HBProcessor.cpp:33] Receive heartbeat from "nebula-storaged":9779, role = STORAGE
I20251127 07:57:01.805168   116 HBProcessor.cpp:41] Machine "nebula-storaged":9779 is not registered
I20251127 07:57:02.809479   116 HBProcessor.cpp:33] Receive heartbeat from "nebula-storaged":9779, role = STORAGE
I20251127 07:57:02.809791   116 HBProcessor.cpp:41] Machine "nebula-storaged":9779 is not registered
I20251127 07:57:03.377481   116 HBProcessor.cpp:33] Receive heartbeat from "nebula-graphd":9669, role = GRAPH
I20251127 07:57:12.816201   116 HBProcessor.cpp:33] Receive heartbeat from "nebula-storaged":9779, role = STORAGE
I20251127 07:57:12.816979   116 HBProcessor.cpp:41] Machine "nebula-storaged":9779 is not registered
I20251127 07:57:13.382726   116 HBProcessor.cpp:33] Receive heartbeat from "nebula-graphd":9669, role = GRAPH
I20251127 07:57:13.819790   116 HBProcessor.cpp:33] Receive heartbeat from "nebula-storaged":9779, role = STORAGE
I20251127 07:57:13.820684   116 HBProcessor.cpp:41] Machine "nebula-storaged":9779 is not registered
I20251127 07:57:14.823047   116 HBProcessor.cpp:33] Receive heartbeat from "nebula-storaged":9779, role = STORAGE
I20251127 07:57:14.823714   116 HBProcessor.cpp:41] Machine "nebula-storaged":9779 is not registered
I20251127 07:57:15.831044   116 HBProcessor.cpp:33] Receive heartbeat from "nebula-storaged":9779, role = STORAGE
I20251127 07:57:15.832074   116 HBProcessor.cpp:41] Machine "nebula-storaged":9779 is not registered
I20251127 07:57:23.402652   116 HBProcessor.cpp:33] Receive heartbeat from "nebula-graphd":9669, role = GRAPH
I20251127 07:57:25.838507   116 HBProcessor.cpp:33] Receive heartbeat from "nebula-storaged":9779, role = STORAGE
I20251127 07:57:25.838830   116 HBProcessor.cpp:41] Machine "nebula-storaged":9779 is not registered
I20251127 07:57:26.842998   116 HBProcessor.cpp:33] Receive heartbeat from "nebula-storaged":9779, role = STORAGE
I20251127 07:57:26.844097   116 HBProcessor.cpp:41] Machine "nebula-storaged":9779 is not registered
I20251127 07:57:27.852463   116 HBProcessor.cpp:33] Receive heartbeat from "nebula-storaged":9779, role = STORAGE
I20251127 07:57:27.853164   116 HBProcessor.cpp:41] Machine "nebula-storaged":9779 is not registered
I20251127 07:57:28.859083   116 HBProcessor.cpp:33] Receive heartbeat from "nebula-storaged":9779, role = STORAGE
I20251127 07:57:28.860054   116 HBProcessor.cpp:41] Machine "nebula-storaged":9779 is not registered
I20251127 07:57:33.420161   116 HBProcessor.cpp:33] Receive heartbeat from "nebula-graphd":9669, role = GRAPH
I20251127 07:57:38.869019   116 HBProcessor.cpp:33] Receive heartbeat from "nebula-storaged":9779, role = STORAGE
I20251127 07:57:38.869441   116 HBProcessor.cpp:41] Machine "nebula-storaged":9779 is not registered
I20251127 07:57:39.872489   116 HBProcessor.cpp:33] Receive heartbeat from "nebula-storaged":9779, role = STORAGE
I20251127 07:57:39.872995   116 HBProcessor.cpp:41] Machine "nebula-storaged":9779 is not registered
I20251127 07:57:40.876448   116 HBProcessor.cpp:33] Receive heartbeat from "nebula-storaged":9779, role = STORAGE
I20251127 07:57:40.877295   116 HBProcessor.cpp:41] Machine "nebula-storaged":9779 is not registered
I20251127 07:57:41.887195   116 HBProcessor.cpp:33] Receive heartbeat from "nebula-storaged":9779, role = STORAGE
I20251127 07:57:41.888089   116 HBProcessor.cpp:41] Machine "nebula-storaged":9779 is not registered
I20251127 07:57:43.430087   116 HBProcessor.cpp:33] Receive heartbeat from "nebula-graphd":9669, role = GRAPH
I20251127 07:57:51.894927   116 HBProcessor.cpp:33] Receive heartbeat from "nebula-storaged":9779, role = STORAGE
I20251127 07:57:51.895670   116 HBProcessor.cpp:41] Machine "nebula-storaged":9779 is not registered
I20251127 07:57:52.899433   116 HBProcessor.cpp:33] Receive heartbeat from "nebula-storaged":9779, role = STORAGE
I20251127 07:57:52.900309   116 HBProcessor.cpp:41] Machine "nebula-storaged":9779 is not registered
I20251127 07:57:53.448174   116 HBProcessor.cpp:33] Receive heartbeat from "nebula-graphd":9669, role = GRAPH
I20251127 07:57:53.903553   116 HBProcessor.cpp:33] Receive heartbeat from "nebula-storaged":9779, role = STORAGE
I20251127 07:57:53.904049   116 HBProcessor.cpp:41] Machine "nebula-storaged":9779 is not registered
I20251127 07:57:54.908459   116 HBProcessor.cpp:33] Receive heartbeat from "nebula-storaged":9779, role = STORAGE
I20251127 07:57:54.909806   116 HBProcessor.cpp:41] Machine "nebula-storaged":9779 is not registered
I20251127 07:58:03.461864   116 HBProcessor.cpp:33] Receive heartbeat from "nebula-graphd":9669, role = GRAPH
I20251127 07:58:04.920945   116 HBProcessor.cpp:33] Receive heartbeat from "nebula-storaged":9779, role = STORAGE
I20251127 07:58:04.921440   116 HBProcessor.cpp:41] Machine "nebula-storaged":9779 is not registered
I20251127 07:58:05.925420   116 HBProcessor.cpp:33] Receive heartbeat from "nebula-storaged":9779, role = STORAGE
I20251127 07:58:05.926329   116 HBProcessor.cpp:41] Machine "nebula-storaged":9779 is not registered
I20251127 07:58:06.933591   116 HBProcessor.cpp:33] Receive heartbeat from "nebula-storaged":9779, role = STORAGE
I20251127 07:58:06.934827   116 HBProcessor.cpp:41] Machine "nebula-storaged":9779 is not registered
I20251127 07:58:07.937335   116 HBProcessor.cpp:33] Receive heartbeat from "nebula-storaged":9779, role = STORAGE
I20251127 07:58:07.937990   116 HBProcessor.cpp:41] Machine "nebula-storaged":9779 is not registered
I20251127 07:58:13.478746   116 HBProcessor.cpp:33] Receive heartbeat from "nebula-graphd":9669, role = GRAPH
I20251127 07:58:17.952728   116 HBProcessor.cpp:33] Receive heartbeat from "nebula-storaged":9779, role = STORAGE
I20251127 07:58:17.953423   116 HBProcessor.cpp:41] Machine "nebula-storaged":9779 is not registered
I20251127 07:58:18.957423   116 HBProcessor.cpp:33] Receive heartbeat from "nebula-storaged":9779, role = STORAGE
I20251127 07:58:18.958775   116 HBProcessor.cpp:41] Machine "nebula-storaged":9779 is not registered
I20251127 07:58:19.962231   116 HBProcessor.cpp:33] Receive heartbeat from "nebula-storaged":9779, role = STORAGE
I20251127 07:58:19.963039   116 HBProcessor.cpp:41] Machine "nebula-storaged":9779 is not registered
I20251127 07:58:20.966619   116 HBProcessor.cpp:33] Receive heartbeat from "nebula-storaged":9779, role = STORAGE
I20251127 07:58:20.967438   116 HBProcessor.cpp:41] Machine "nebula-storaged":9779 is not registered
I20251127 07:58:23.495590   116 HBProcessor.cpp:33] Receive heartbeat from "nebula-graphd":9669, role = GRAPH
I20251127 07:58:30.974400   116 HBProcessor.cpp:33] Receive heartbeat from "nebula-storaged":9779, role = STORAGE
I20251127 07:58:30.975153   116 HBProcessor.cpp:41] Machine "nebula-storaged":9779 is not registered
I20251127 07:58:31.983501   116 HBProcessor.cpp:33] Receive heartbeat from "nebula-storaged":9779, role = STORAGE
I20251127 07:58:31.984498   116 HBProcessor.cpp:41] Machine "nebula-storaged":9779 is not registered
I20251127 07:58:32.991638   116 HBProcessor.cpp:33] Receive heartbeat from "nebula-storaged":9779, role = STORAGE
I20251127 07:58:32.992615   116 HBProcessor.cpp:41] Machine "nebula-storaged":9779 is not registered
I20251127 07:58:33.510993   116 HBProcessor.cpp:33] Receive heartbeat from "nebula-graphd":9669, role = GRAPH
I20251127 07:58:33.997084   116 HBProcessor.cpp:33] Receive heartbeat from "nebula-storaged":9779, role = STORAGE
I20251127 07:58:33.997761   116 HBProcessor.cpp:41] Machine "nebula-storaged":9779 is not registered
I20251127 07:58:43.521587   116 HBProcessor.cpp:33] Receive heartbeat from "nebula-graphd":9669, role = GRAPH
I20251127 07:58:44.011407   116 HBProcessor.cpp:33] Receive heartbeat from "nebula-storaged":9779, role = STORAGE
I20251127 07:58:44.011878   116 HBProcessor.cpp:41] Machine "nebula-storaged":9779 is not registered
I20251127 07:58:45.016002   116 HBProcessor.cpp:33] Receive heartbeat from "nebula-storaged":9779, role = STORAGE
I20251127 07:58:45.016790   116 HBProcessor.cpp:41] Machine "nebula-storaged":9779 is not registered
I20251127 07:58:46.022348   116 HBProcessor.cpp:33] Receive heartbeat from "nebula-storaged":9779, role = STORAGE
I20251127 07:58:46.023196   116 HBProcessor.cpp:41] Machine "nebula-storaged":9779 is not registered
I20251127 07:58:47.027272   116 HBProcessor.cpp:33] Receive heartbeat from "nebula-storaged":9779, role = STORAGE
I20251127 07:58:47.027873   116 HBProcessor.cpp:41] Machine "nebula-storaged":9779 is not registered
I20251127 07:58:53.536975   116 HBProcessor.cpp:33] Receive heartbeat from "nebula-graphd":9669, role = GRAPH
I20251127 07:58:57.043427   116 HBProcessor.cpp:33] Receive heartbeat from "nebula-storaged":9779, role = STORAGE
I20251127 07:58:57.043798   116 HBProcessor.cpp:41] Machine "nebula-storaged":9779 is not registered
I20251127 07:58:58.047677   116 HBProcessor.cpp:33] Receive heartbeat from "nebula-storaged":9779, role = STORAGE
I20251127 07:58:58.048336   116 HBProcessor.cpp:41] Machine "nebula-storaged":9779 is not registered
I20251127 07:58:59.051771   116 HBProcessor.cpp:33] Receive heartbeat from "nebula-storaged":9779, role = STORAGE
I20251127 07:58:59.054096   116 HBProcessor.cpp:41] Machine "nebula-storaged":9779 is not registered
I20251127 07:59:00.056984   116 HBProcessor.cpp:33] Receive heartbeat from "nebula-storaged":9779, role = STORAGE
I20251127 07:59:00.057329   116 HBProcessor.cpp:41] Machine "nebula-storaged":9779 is not registered
I20251127 07:59:03.542824   116 HBProcessor.cpp:33] Receive heartbeat from "nebula-graphd":9669, role = GRAPH
I20251127 07:59:10.066360   116 HBProcessor.cpp:33] Receive heartbeat from "nebula-storaged":9779, role = STORAGE
I20251127 07:59:10.067076   116 HBProcessor.cpp:41] Machine "nebula-storaged":9779 is not registered
I20251127 07:59:11.072835   116 HBProcessor.cpp:33] Receive heartbeat from "nebula-storaged":9779, role = STORAGE
I20251127 07:59:11.073786   116 HBProcessor.cpp:41] Machine "nebula-storaged":9779 is not registered
I20251127 07:59:12.080134   116 HBProcessor.cpp:33] Receive heartbeat from "nebula-storaged":9779, role = STORAGE
I20251127 07:59:12.080904   116 HBProcessor.cpp:41] Machine "nebula-storaged":9779 is not registered
I20251127 07:59:13.088438   116 HBProcessor.cpp:33] Receive heartbeat from "nebula-storaged":9779, role = STORAGE
I20251127 07:59:13.089174   116 HBProcessor.cpp:41] Machine "nebula-storaged":9779 is not registered
I20251127 07:59:13.558471   116 HBProcessor.cpp:33] Receive heartbeat from "nebula-graphd":9669, role = GRAPH
I20251127 07:59:23.096849   116 HBProcessor.cpp:33] Receive heartbeat from "nebula-storaged":9779, role = STORAGE
I20251127 07:59:23.098066   116 HBProcessor.cpp:41] Machine "nebula-storaged":9779 is not registered
I20251127 07:59:23.573297   116 HBProcessor.cpp:33] Receive heartbeat from "nebula-graphd":9669, role = GRAPH
I20251127 07:59:24.102049   116 HBProcessor.cpp:33] Receive heartbeat from "nebula-storaged":9779, role = STORAGE
I20251127 07:59:24.102973   116 HBProcessor.cpp:41] Machine "nebula-storaged":9779 is not registered
I20251127 07:59:25.107658   116 HBProcessor.cpp:33] Receive heartbeat from "nebula-storaged":9779, role = STORAGE
I20251127 07:59:25.108557   116 HBProcessor.cpp:41] Machine "nebula-storaged":9779 is not registered
I20251127 07:59:26.113884   116 HBProcessor.cpp:33] Receive heartbeat from "nebula-storaged":9779, role = STORAGE
I20251127 07:59:26.114954   116 HBProcessor.cpp:41] Machine "nebula-storaged":9779 is not registered
I20251127 07:59:33.592191   116 HBProcessor.cpp:33] Receive heartbeat from "nebula-graphd":9669, role = GRAPH
I20251127 07:59:36.123099   116 HBProcessor.cpp:33] Receive heartbeat from "nebula-storaged":9779, role = STORAGE
I20251127 07:59:36.123317   116 HBProcessor.cpp:41] Machine "nebula-storaged":9779 is not registered
I20251127 07:59:37.130240   116 HBProcessor.cpp:33] Receive heartbeat from "nebula-storaged":9779, role = STORAGE
I20251127 07:59:37.130599   116 HBProcessor.cpp:41] Machine "nebula-storaged":9779 is not registered
I20251127 07:59:38.133872   116 HBProcessor.cpp:33] Receive heartbeat from "nebula-storaged":9779, role = STORAGE
I20251127 07:59:38.134341   116 HBProcessor.cpp:41] Machine "nebula-storaged":9779 is not registered
I20251127 07:59:39.140466   116 HBProcessor.cpp:33] Receive heartbeat from "nebula-storaged":9779, role = STORAGE
I20251127 07:59:39.141673   116 HBProcessor.cpp:41] Machine "nebula-storaged":9779 is not registered
I20251127 07:59:43.605876   116 HBProcessor.cpp:33] Receive heartbeat from "nebula-graphd":9669, role = GRAPH
I20251127 07:59:49.155817   116 HBProcessor.cpp:33] Receive heartbeat from "nebula-storaged":9779, role = STORAGE
I20251127 07:59:49.156126   116 HBProcessor.cpp:41] Machine "nebula-storaged":9779 is not registered
I20251127 07:59:50.160601   116 HBProcessor.cpp:33] Receive heartbeat from "nebula-storaged":9779, role = STORAGE
I20251127 07:59:50.161692   116 HBProcessor.cpp:41] Machine "nebula-storaged":9779 is not registered
I20251127 07:59:51.166013   116 HBProcessor.cpp:33] Receive heartbeat from "nebula-storaged":9779, role = STORAGE
I20251127 07:59:51.166330   116 HBProcessor.cpp:41] Machine "nebula-storaged":9779 is not registered
I20251127 07:59:52.168499   116 HBProcessor.cpp:33] Receive heartbeat from "nebula-storaged":9779, role = STORAGE
I20251127 07:59:52.169718   116 HBProcessor.cpp:41] Machine "nebula-storaged":9779 is not registered
I20251127 07:59:53.621388   116 HBProcessor.cpp:33] Receive heartbeat from "nebula-graphd":9669, role = GRAPH
I20251127 08:00:02.180915   116 HBProcessor.cpp:33] Receive heartbeat from "nebula-storaged":9779, role = STORAGE
I20251127 08:00:02.182444   116 HBProcessor.cpp:41] Machine "nebula-storaged":9779 is not registered
I20251127 08:00:03.184793   116 HBProcessor.cpp:33] Receive heartbeat from "nebula-storaged":9779, role = STORAGE
I20251127 08:00:03.185799   116 HBProcessor.cpp:41] Machine "nebula-storaged":9779 is not registered
I20251127 08:00:03.628283   116 HBProcessor.cpp:33] Receive heartbeat from "nebula-graphd":9669, role = GRAPH
I20251127 08:00:04.193583   116 HBProcessor.cpp:33] Receive heartbeat from "nebula-storaged":9779, role = STORAGE
I20251127 08:00:04.194418   116 HBProcessor.cpp:41] Machine "nebula-storaged":9779 is not registered
I20251127 08:00:05.199084   116 HBProcessor.cpp:33] Receive heartbeat from "nebula-storaged":9779, role = STORAGE
I20251127 08:00:05.200454   116 HBProcessor.cpp:41] Machine "nebula-storaged":9779 is not registered
I20251127 08:00:13.648551   116 HBProcessor.cpp:33] Receive heartbeat from "nebula-graphd":9669, role = GRAPH
I20251127 08:00:15.208796   116 HBProcessor.cpp:33] Receive heartbeat from "nebula-storaged":9779, role = STORAGE
I20251127 08:00:15.209029   116 HBProcessor.cpp:41] Machine "nebula-storaged":9779 is not registered
I20251127 08:00:16.212800   116 HBProcessor.cpp:33] Receive heartbeat from "nebula-storaged":9779, role = STORAGE
I20251127 08:00:16.213410   116 HBProcessor.cpp:41] Machine "nebula-storaged":9779 is not registered
I20251127 08:00:17.218118   116 HBProcessor.cpp:33] Receive heartbeat from "nebula-storaged":9779, role = STORAGE
I20251127 08:00:17.218885   116 HBProcessor.cpp:41] Machine "nebula-storaged":9779 is not registered
I20251127 08:00:18.222616   116 HBProcessor.cpp:33] Receive heartbeat from "nebula-storaged":9779, role = STORAGE
I20251127 08:00:18.223479   116 HBProcessor.cpp:41] Machine "nebula-storaged":9779 is not registered
I20251127 08:00:23.664461   116 HBProcessor.cpp:33] Receive heartbeat from "nebula-graphd":9669, role = GRAPH
I20251127 08:00:28.230552   116 HBProcessor.cpp:33] Receive heartbeat from "nebula-storaged":9779, role = STORAGE
I20251127 08:00:28.231196   116 HBProcessor.cpp:41] Machine "nebula-storaged":9779 is not registered
I20251127 08:00:29.240692   116 HBProcessor.cpp:33] Receive heartbeat from "nebula-storaged":9779, role = STORAGE
I20251127 08:00:29.241489   116 HBProcessor.cpp:41] Machine "nebula-storaged":9779 is not registered
I20251127 08:00:30.248167   116 HBProcessor.cpp:33] Receive heartbeat from "nebula-storaged":9779, role = STORAGE
I20251127 08:00:30.248431   116 HBProcessor.cpp:41] Machine "nebula-storaged":9779 is not registered
I20251127 08:00:31.250514   116 HBProcessor.cpp:33] Receive heartbeat from "nebula-storaged":9779, role = STORAGE
I20251127 08:00:31.251322   116 HBProcessor.cpp:41] Machine "nebula-storaged":9779 is not registered
I20251127 08:00:31.295961   116 CreateSpaceProcessor.cpp:149] Replication number should less than or equal to zone number.
I20251127 08:00:33.303854   116 CreateSpaceProcessor.cpp:149] Replication number should less than or equal to zone number.
I20251127 08:00:33.674618   116 HBProcessor.cpp:33] Receive heartbeat from "nebula-graphd":9669, role = GRAPH
I20251127 08:00:35.308833   116 CreateSpaceProcessor.cpp:149] Replication number should less than or equal to zone number.
I20251127 08:00:37.317858   116 CreateSpaceProcessor.cpp:149] Replication number should less than or equal to zone number.
I20251127 08:00:39.324709   116 CreateSpaceProcessor.cpp:149] Replication number should less than or equal to zone number.
I20251127 08:00:41.257663   116 HBProcessor.cpp:33] Receive heartbeat from "nebula-storaged":9779, role = STORAGE
I20251127 08:00:41.258091   116 HBProcessor.cpp:41] Machine "nebula-storaged":9779 is not registered
I20251127 08:00:42.262043   116 HBProcessor.cpp:33] Receive heartbeat from "nebula-storaged":9779, role = STORAGE
I20251127 08:00:42.262534   116 HBProcessor.cpp:41] Machine "nebula-storaged":9779 is not registered
I20251127 08:00:43.266463   116 HBProcessor.cpp:33] Receive heartbeat from "nebula-storaged":9779, role = STORAGE
I20251127 08:00:43.267511   116 HBProcessor.cpp:41] Machine "nebula-storaged":9779 is not registered
I20251127 08:00:43.689123   116 HBProcessor.cpp:33] Receive heartbeat from "nebula-graphd":9669, role = GRAPH
I20251127 08:00:44.273780   116 HBProcessor.cpp:33] Receive heartbeat from "nebula-storaged":9779, role = STORAGE
I20251127 08:00:44.274149   116 HBProcessor.cpp:41] Machine "nebula-storaged":9779 is not registered
I20251127 08:00:53.704228   116 HBProcessor.cpp:33] Receive heartbeat from "nebula-graphd":9669, role = GRAPH
I20251127 08:00:54.283596   116 HBProcessor.cpp:33] Receive heartbeat from "nebula-storaged":9779, role = STORAGE
I20251127 08:00:54.284024   116 HBProcessor.cpp:41] Machine "nebula-storaged":9779 is not registered
I20251127 08:00:55.285749   116 HBProcessor.cpp:33] Receive heartbeat from "nebula-storaged":9779, role = STORAGE
I20251127 08:00:55.286437   116 HBProcessor.cpp:41] Machine "nebula-storaged":9779 is not registered
I20251127 08:00:56.297901   116 HBProcessor.cpp:33] Receive heartbeat from "nebula-storaged":9779, role = STORAGE
I20251127 08:00:56.298933   116 HBProcessor.cpp:41] Machine "nebula-storaged":9779 is not registered
I20251127 08:00:57.305061   116 HBProcessor.cpp:33] Receive heartbeat from "nebula-storaged":9779, role = STORAGE
I20251127 08:00:57.306329   116 HBProcessor.cpp:41] Machine "nebula-storaged":9779 is not registered
I20251127 08:01:03.715162   116 HBProcessor.cpp:33] Receive heartbeat from "nebula-graphd":9669, role = GRAPH
I20251127 08:01:07.316473   116 HBProcessor.cpp:33] Receive heartbeat from "nebula-storaged":9779, role = STORAGE
I20251127 08:01:07.317286   116 HBProcessor.cpp:41] Machine "nebula-storaged":9779 is not registered
I20251127 08:01:08.321439   116 HBProcessor.cpp:33] Receive heartbeat from "nebula-storaged":9779, role = STORAGE
I20251127 08:01:08.321895   116 HBProcessor.cpp:41] Machine "nebula-storaged":9779 is not registered
I20251127 08:01:09.327862   116 HBProcessor.cpp:33] Receive heartbeat from "nebula-storaged":9779, role = STORAGE
I20251127 08:01:09.328259   116 HBProcessor.cpp:41] Machine "nebula-storaged":9779 is not registered
I20251127 08:01:10.330641   116 HBProcessor.cpp:33] Receive heartbeat from "nebula-storaged":9779, role = STORAGE
I20251127 08:01:10.331404   116 HBProcessor.cpp:41] Machine "nebula-storaged":9779 is not registered
I20251127 08:01:13.733047   116 HBProcessor.cpp:33] Receive heartbeat from "nebula-graphd":9669, role = GRAPH
I20251127 08:01:20.338539   116 HBProcessor.cpp:33] Receive heartbeat from "nebula-storaged":9779, role = STORAGE
I20251127 08:01:20.339166   116 HBProcessor.cpp:41] Machine "nebula-storaged":9779 is not registered
I20251127 08:01:21.345017   116 HBProcessor.cpp:33] Receive heartbeat from "nebula-storaged":9779, role = STORAGE
I20251127 08:01:21.345654   116 HBProcessor.cpp:41] Machine "nebula-storaged":9779 is not registered
I20251127 08:01:22.349854   116 HBProcessor.cpp:33] Receive heartbeat from "nebula-storaged":9779, role = STORAGE
I20251127 08:01:22.350780   116 HBProcessor.cpp:41] Machine "nebula-storaged":9779 is not registered
I20251127 08:01:23.357725   116 HBProcessor.cpp:33] Receive heartbeat from "nebula-storaged":9779, role = STORAGE
I20251127 08:01:23.358695   116 HBProcessor.cpp:41] Machine "nebula-storaged":9779 is not registered
I20251127 08:01:23.746593   116 HBProcessor.cpp:33] Receive heartbeat from "nebula-graphd":9669, role = GRAPH
I20251127 08:01:33.380718   116 HBProcessor.cpp:33] Receive heartbeat from "nebula-storaged":9779, role = STORAGE
I20251127 08:01:33.381780   116 HBProcessor.cpp:41] Machine "nebula-storaged":9779 is not registered
I20251127 08:01:33.760862   116 HBProcessor.cpp:33] Receive heartbeat from "nebula-graphd":9669, role = GRAPH
I20251127 08:01:34.385869   116 HBProcessor.cpp:33] Receive heartbeat from "nebula-storaged":9779, role = STORAGE
I20251127 08:01:34.386199   116 HBProcessor.cpp:41] Machine "nebula-storaged":9779 is not registered
I20251127 08:01:35.389001   116 HBProcessor.cpp:33] Receive heartbeat from "nebula-storaged":9779, role = STORAGE
I20251127 08:01:35.389204   116 HBProcessor.cpp:41] Machine "nebula-storaged":9779 is not registered
I20251127 08:01:36.399657   116 HBProcessor.cpp:33] Receive heartbeat from "nebula-storaged":9779, role = STORAGE
I20251127 08:01:36.400120   116 HBProcessor.cpp:41] Machine "nebula-storaged":9779 is not registered
I20251127 08:01:43.779320   116 HBProcessor.cpp:33] Receive heartbeat from "nebula-graphd":9669, role = GRAPH
I20251127 08:01:46.410378   116 HBProcessor.cpp:33] Receive heartbeat from "nebula-storaged":9779, role = STORAGE
I20251127 08:01:46.410658   116 HBProcessor.cpp:41] Machine "nebula-storaged":9779 is not registered
I20251127 08:01:47.413419   116 HBProcessor.cpp:33] Receive heartbeat from "nebula-storaged":9779, role = STORAGE
I20251127 08:01:47.413796   116 HBProcessor.cpp:41] Machine "nebula-storaged":9779 is not registered
I20251127 08:01:48.418412   116 HBProcessor.cpp:33] Receive heartbeat from "nebula-storaged":9779, role = STORAGE
I20251127 08:01:48.418804   116 HBProcessor.cpp:41] Machine "nebula-storaged":9779 is not registered
I20251127 08:01:49.422462   116 HBProcessor.cpp:33] Receive heartbeat from "nebula-storaged":9779, role = STORAGE
I20251127 08:01:49.422962   116 HBProcessor.cpp:41] Machine "nebula-storaged":9779 is not registered
I20251127 08:01:53.787315   116 HBProcessor.cpp:33] Receive heartbeat from "nebula-graphd":9669, role = GRAPH
I20251127 08:01:59.433591   116 HBProcessor.cpp:33] Receive heartbeat from "nebula-storaged":9779, role = STORAGE
I20251127 08:01:59.434582   116 HBProcessor.cpp:41] Machine "nebula-storaged":9779 is not registered
I20251127 08:02:00.439237   116 HBProcessor.cpp:33] Receive heartbeat from "nebula-storaged":9779, role = STORAGE
I20251127 08:02:00.440469   116 HBProcessor.cpp:41] Machine "nebula-storaged":9779 is not registered
I20251127 08:02:01.444583   116 HBProcessor.cpp:33] Receive heartbeat from "nebula-storaged":9779, role = STORAGE
I20251127 08:02:01.445287   116 HBProcessor.cpp:41] Machine "nebula-storaged":9779 is not registered
I20251127 08:02:02.447872   116 HBProcessor.cpp:33] Receive heartbeat from "nebula-storaged":9779, role = STORAGE
I20251127 08:02:02.448582   116 HBProcessor.cpp:41] Machine "nebula-storaged":9779 is not registered
I20251127 08:02:03.795131   116 HBProcessor.cpp:33] Receive heartbeat from "nebula-graphd":9669, role = GRAPH
I20251127 08:02:12.459290   116 HBProcessor.cpp:33] Receive heartbeat from "nebula-storaged":9779, role = STORAGE
I20251127 08:02:12.460357   116 HBProcessor.cpp:41] Machine "nebula-storaged":9779 is not registered
I20251127 08:02:13.463798   116 HBProcessor.cpp:33] Receive heartbeat from "nebula-storaged":9779, role = STORAGE
I20251127 08:02:13.464692   116 HBProcessor.cpp:41] Machine "nebula-storaged":9779 is not registered
I20251127 08:02:13.806389   116 HBProcessor.cpp:33] Receive heartbeat from "nebula-graphd":9669, role = GRAPH
I20251127 08:02:14.467980   116 HBProcessor.cpp:33] Receive heartbeat from "nebula-storaged":9779, role = STORAGE
I20251127 08:02:14.468458   116 HBProcessor.cpp:41] Machine "nebula-storaged":9779 is not registered
I20251127 08:02:15.470925   116 HBProcessor.cpp:33] Receive heartbeat from "nebula-storaged":9779, role = STORAGE
I20251127 08:02:15.471212   116 HBProcessor.cpp:41] Machine "nebula-storaged":9779 is not registered
I20251127 08:02:23.824723   116 HBProcessor.cpp:33] Receive heartbeat from "nebula-graphd":9669, role = GRAPH
I20251127 08:02:25.477618   116 HBProcessor.cpp:33] Receive heartbeat from "nebula-storaged":9779, role = STORAGE
I20251127 08:02:25.477887   116 HBProcessor.cpp:41] Machine "nebula-storaged":9779 is not registered
I20251127 08:02:26.481412   116 HBProcessor.cpp:33] Receive heartbeat from "nebula-storaged":9779, role = STORAGE
I20251127 08:02:26.482332   116 HBProcessor.cpp:41] Machine "nebula-storaged":9779 is not registered
I20251127 08:02:27.484092   116 HBProcessor.cpp:33] Receive heartbeat from "nebula-storaged":9779, role = STORAGE
I20251127 08:02:27.485000   116 HBProcessor.cpp:41] Machine "nebula-storaged":9779 is not registered
I20251127 08:02:28.490403   116 HBProcessor.cpp:33] Receive heartbeat from "nebula-storaged":9779, role = STORAGE
I20251127 08:02:28.490986   116 HBProcessor.cpp:41] Machine "nebula-storaged":9779 is not registered
I20251127 08:02:33.842418   116 HBProcessor.cpp:33] Receive heartbeat from "nebula-graphd":9669, role = GRAPH
I20251127 08:02:38.498914   116 HBProcessor.cpp:33] Receive heartbeat from "nebula-storaged":9779, role = STORAGE
I20251127 08:02:38.499439   116 HBProcessor.cpp:41] Machine "nebula-storaged":9779 is not registered
I20251127 08:02:39.505313   116 HBProcessor.cpp:33] Receive heartbeat from "nebula-storaged":9779, role = STORAGE
I20251127 08:02:39.506132   116 HBProcessor.cpp:41] Machine "nebula-storaged":9779 is not registered
I20251127 08:02:40.510489   116 HBProcessor.cpp:33] Receive heartbeat from "nebula-storaged":9779, role = STORAGE
I20251127 08:02:40.511075   116 HBProcessor.cpp:41] Machine "nebula-storaged":9779 is not registered
I20251127 08:02:41.516435   116 HBProcessor.cpp:33] Receive heartbeat from "nebula-storaged":9779, role = STORAGE
I20251127 08:02:41.517248   116 HBProcessor.cpp:41] Machine "nebula-storaged":9779 is not registered
I20251127 08:02:43.848961   116 HBProcessor.cpp:33] Receive heartbeat from "nebula-graphd":9669, role = GRAPH
I20251127 08:02:51.523782   116 HBProcessor.cpp:33] Receive heartbeat from "nebula-storaged":9779, role = STORAGE
I20251127 08:02:51.524247   116 HBProcessor.cpp:41] Machine "nebula-storaged":9779 is not registered
I20251127 08:02:52.526731   116 HBProcessor.cpp:33] Receive heartbeat from "nebula-storaged":9779, role = STORAGE
I20251127 08:02:52.527199   116 HBProcessor.cpp:41] Machine "nebula-storaged":9779 is not registered
I20251127 08:02:53.530231   116 HBProcessor.cpp:33] Receive heartbeat from "nebula-storaged":9779, role = STORAGE
I20251127 08:02:53.530704   116 HBProcessor.cpp:41] Machine "nebula-storaged":9779 is not registered
I20251127 08:02:53.866899   116 HBProcessor.cpp:33] Receive heartbeat from "nebula-graphd":9669, role = GRAPH
I20251127 08:02:54.535531   116 HBProcessor.cpp:33] Receive heartbeat from "nebula-storaged":9779, role = STORAGE
I20251127 08:02:54.536065   116 HBProcessor.cpp:41] Machine "nebula-storaged":9779 is not registered
I20251127 08:03:03.885373   116 HBProcessor.cpp:33] Receive heartbeat from "nebula-graphd":9669, role = GRAPH
I20251127 08:03:04.547068   116 HBProcessor.cpp:33] Receive heartbeat from "nebula-storaged":9779, role = STORAGE
I20251127 08:03:04.547514   116 HBProcessor.cpp:41] Machine "nebula-storaged":9779 is not registered
I20251127 08:03:05.549780   116 HBProcessor.cpp:33] Receive heartbeat from "nebula-storaged":9779, role = STORAGE
I20251127 08:03:05.550145   116 HBProcessor.cpp:41] Machine "nebula-storaged":9779 is not registered
I20251127 08:03:06.551580   116 HBProcessor.cpp:33] Receive heartbeat from "nebula-storaged":9779, role = STORAGE
I20251127 08:03:06.552248   116 HBProcessor.cpp:41] Machine "nebula-storaged":9779 is not registered
I20251127 08:03:07.556428   116 HBProcessor.cpp:33] Receive heartbeat from "nebula-storaged":9779, role = STORAGE
I20251127 08:03:07.557600   116 HBProcessor.cpp:41] Machine "nebula-storaged":9779 is not registered
I20251127 08:03:13.907614   116 HBProcessor.cpp:33] Receive heartbeat from "nebula-graphd":9669, role = GRAPH
I20251127 08:03:17.568161   116 HBProcessor.cpp:33] Receive heartbeat from "nebula-storaged":9779, role = STORAGE
I20251127 08:03:17.568481   116 HBProcessor.cpp:41] Machine "nebula-storaged":9779 is not registered
I20251127 08:03:18.574671   116 HBProcessor.cpp:33] Receive heartbeat from "nebula-storaged":9779, role = STORAGE
I20251127 08:03:18.575088   116 HBProcessor.cpp:41] Machine "nebula-storaged":9779 is not registered
I20251127 08:03:19.578294   116 HBProcessor.cpp:33] Receive heartbeat from "nebula-storaged":9779, role = STORAGE
I20251127 08:03:19.579303   116 HBProcessor.cpp:41] Machine "nebula-storaged":9779 is not registered
I20251127 08:03:20.585614   116 HBProcessor.cpp:33] Receive heartbeat from "nebula-storaged":9779, role = STORAGE
I20251127 08:03:20.586207   116 HBProcessor.cpp:41] Machine "nebula-storaged":9779 is not registered
I20251127 08:03:23.916388   116 HBProcessor.cpp:33] Receive heartbeat from "nebula-graphd":9669, role = GRAPH
I20251127 08:03:30.595809   116 HBProcessor.cpp:33] Receive heartbeat from "nebula-storaged":9779, role = STORAGE
I20251127 08:03:30.596630   116 HBProcessor.cpp:41] Machine "nebula-storaged":9779 is not registered
I20251127 08:03:31.602344   116 HBProcessor.cpp:33] Receive heartbeat from "nebula-storaged":9779, role = STORAGE
I20251127 08:03:31.603166   116 HBProcessor.cpp:41] Machine "nebula-storaged":9779 is not registered
I20251127 08:03:32.641326   116 HBProcessor.cpp:33] Receive heartbeat from "nebula-storaged":9779, role = STORAGE
I20251127 08:03:32.656756   116 HBProcessor.cpp:41] Machine "nebula-storaged":9779 is not registered
I20251127 08:03:33.744302   116 HBProcessor.cpp:33] Receive heartbeat from "nebula-storaged":9779, role = STORAGE
I20251127 08:03:33.744562   116 HBProcessor.cpp:41] Machine "nebula-storaged":9779 is not registered
I20251127 08:03:33.929926   116 HBProcessor.cpp:33] Receive heartbeat from "nebula-graphd":9669, role = GRAPH
I20251127 08:03:43.754681   116 HBProcessor.cpp:33] Receive heartbeat from "nebula-storaged":9779, role = STORAGE
I20251127 08:03:43.755434   116 HBProcessor.cpp:41] Machine "nebula-storaged":9779 is not registered
I20251127 08:03:43.937008   116 HBProcessor.cpp:33] Receive heartbeat from "nebula-graphd":9669, role = GRAPH
I20251127 08:03:44.759874   116 HBProcessor.cpp:33] Receive heartbeat from "nebula-storaged":9779, role = STORAGE
I20251127 08:03:44.760689   116 HBProcessor.cpp:41] Machine "nebula-storaged":9779 is not registered
I20251127 08:03:45.764484   116 HBProcessor.cpp:33] Receive heartbeat from "nebula-storaged":9779, role = STORAGE
I20251127 08:03:45.765419   116 HBProcessor.cpp:41] Machine "nebula-storaged":9779 is not registered
I20251127 08:03:46.774212   116 HBProcessor.cpp:33] Receive heartbeat from "nebula-storaged":9779, role = STORAGE
I20251127 08:03:46.774541   116 HBProcessor.cpp:41] Machine "nebula-storaged":9779 is not registered
I20251127 08:03:53.954752   116 HBProcessor.cpp:33] Receive heartbeat from "nebula-graphd":9669, role = GRAPH
I20251127 08:03:56.780740   116 HBProcessor.cpp:33] Receive heartbeat from "nebula-storaged":9779, role = STORAGE
I20251127 08:03:56.781010   116 HBProcessor.cpp:41] Machine "nebula-storaged":9779 is not registered
I20251127 08:03:57.788470   116 HBProcessor.cpp:33] Receive heartbeat from "nebula-storaged":9779, role = STORAGE
I20251127 08:03:57.789057   116 HBProcessor.cpp:41] Machine "nebula-storaged":9779 is not registered
I20251127 08:03:58.793305   116 HBProcessor.cpp:33] Receive heartbeat from "nebula-storaged":9779, role = STORAGE
I20251127 08:03:58.794122   116 HBProcessor.cpp:41] Machine "nebula-storaged":9779 is not registered
I20251127 08:03:59.798141   116 HBProcessor.cpp:33] Receive heartbeat from "nebula-storaged":9779, role = STORAGE
I20251127 08:03:59.798947   116 HBProcessor.cpp:41] Machine "nebula-storaged":9779 is not registered
I20251127 08:04:03.974395   116 HBProcessor.cpp:33] Receive heartbeat from "nebula-graphd":9669, role = GRAPH
I20251127 08:04:09.809266   116 HBProcessor.cpp:33] Receive heartbeat from "nebula-storaged":9779, role = STORAGE
I20251127 08:04:09.810102   116 HBProcessor.cpp:41] Machine "nebula-storaged":9779 is not registered
I20251127 08:04:10.816300   116 HBProcessor.cpp:33] Receive heartbeat from "nebula-storaged":9779, role = STORAGE
I20251127 08:04:10.816756   116 HBProcessor.cpp:41] Machine "nebula-storaged":9779 is not registered
I20251127 08:04:11.820147   116 HBProcessor.cpp:33] Receive heartbeat from "nebula-storaged":9779, role = STORAGE
I20251127 08:04:11.820812   116 HBProcessor.cpp:41] Machine "nebula-storaged":9779 is not registered
I20251127 08:04:12.823774   116 HBProcessor.cpp:33] Receive heartbeat from "nebula-storaged":9779, role = STORAGE
I20251127 08:04:12.824149   116 HBProcessor.cpp:41] Machine "nebula-storaged":9779 is not registered
I20251127 08:04:13.995236   116 HBProcessor.cpp:33] Receive heartbeat from "nebula-graphd":9669, role = GRAPH
I20251127 08:04:22.833771   116 HBProcessor.cpp:33] Receive heartbeat from "nebula-storaged":9779, role = STORAGE
I20251127 08:04:22.835829   116 HBProcessor.cpp:41] Machine "nebula-storaged":9779 is not registered
I20251127 08:04:23.841523   116 HBProcessor.cpp:33] Receive heartbeat from "nebula-storaged":9779, role = STORAGE
I20251127 08:04:23.841936   116 HBProcessor.cpp:41] Machine "nebula-storaged":9779 is not registered
I20251127 08:04:24.004609   116 HBProcessor.cpp:33] Receive heartbeat from "nebula-graphd":9669, role = GRAPH
I20251127 08:04:24.848760   116 HBProcessor.cpp:33] Receive heartbeat from "nebula-storaged":9779, role = STORAGE
I20251127 08:04:24.849876   116 HBProcessor.cpp:41] Machine "nebula-storaged":9779 is not registered
I20251127 08:04:25.856559   116 HBProcessor.cpp:33] Receive heartbeat from "nebula-storaged":9779, role = STORAGE
I20251127 08:04:25.857414   116 HBProcessor.cpp:41] Machine "nebula-storaged":9779 is not registered
I20251127 08:04:34.008706   116 HBProcessor.cpp:33] Receive heartbeat from "nebula-graphd":9669, role = GRAPH
I20251127 08:04:35.863126   116 HBProcessor.cpp:33] Receive heartbeat from "nebula-storaged":9779, role = STORAGE
I20251127 08:04:35.863510   116 HBProcessor.cpp:41] Machine "nebula-storaged":9779 is not registered
I20251127 08:04:36.865952   116 HBProcessor.cpp:33] Receive heartbeat from "nebula-storaged":9779, role = STORAGE
I20251127 08:04:36.866379   116 HBProcessor.cpp:41] Machine "nebula-storaged":9779 is not registered
I20251127 08:04:37.872218   116 HBProcessor.cpp:33] Receive heartbeat from "nebula-storaged":9779, role = STORAGE
I20251127 08:04:37.873313   116 HBProcessor.cpp:41] Machine "nebula-storaged":9779 is not registered
I20251127 08:04:38.876592   116 HBProcessor.cpp:33] Receive heartbeat from "nebula-storaged":9779, role = STORAGE
I20251127 08:04:38.877322   116 HBProcessor.cpp:41] Machine "nebula-storaged":9779 is not registered
I20251127 08:04:44.016120   116 HBProcessor.cpp:33] Receive heartbeat from "nebula-graphd":9669, role = GRAPH
I20251127 08:04:48.886943   116 HBProcessor.cpp:33] Receive heartbeat from "nebula-storaged":9779, role = STORAGE
I20251127 08:04:48.887907   116 HBProcessor.cpp:41] Machine "nebula-storaged":9779 is not registered
I20251127 08:04:49.890034   116 HBProcessor.cpp:33] Receive heartbeat from "nebula-storaged":9779, role = STORAGE
I20251127 08:04:49.891373   116 HBProcessor.cpp:41] Machine "nebula-storaged":9779 is not registered
I20251127 08:04:50.893744   116 HBProcessor.cpp:33] Receive heartbeat from "nebula-storaged":9779, role = STORAGE
I20251127 08:04:50.894202   116 HBProcessor.cpp:41] Machine "nebula-storaged":9779 is not registered
I20251127 08:04:51.899884   116 HBProcessor.cpp:33] Receive heartbeat from "nebula-storaged":9779, role = STORAGE
I20251127 08:04:51.900727   116 HBProcessor.cpp:41] Machine "nebula-storaged":9779 is not registered
I20251127 08:04:54.034515   116 HBProcessor.cpp:33] Receive heartbeat from "nebula-graphd":9669, role = GRAPH
I20251127 08:05:01.913820   116 HBProcessor.cpp:33] Receive heartbeat from "nebula-storaged":9779, role = STORAGE
I20251127 08:05:01.915613   116 HBProcessor.cpp:41] Machine "nebula-storaged":9779 is not registered
I20251127 08:05:02.921106   116 HBProcessor.cpp:33] Receive heartbeat from "nebula-storaged":9779, role = STORAGE
I20251127 08:05:02.921868   116 HBProcessor.cpp:41] Machine "nebula-storaged":9779 is not registered
I20251127 08:05:03.925244   116 HBProcessor.cpp:33] Receive heartbeat from "nebula-storaged":9779, role = STORAGE
I20251127 08:05:03.926393   116 HBProcessor.cpp:41] Machine "nebula-storaged":9779 is not registered
I20251127 08:05:04.051973   116 HBProcessor.cpp:33] Receive heartbeat from "nebula-graphd":9669, role = GRAPH
I20251127 08:05:04.932796   116 HBProcessor.cpp:33] Receive heartbeat from "nebula-storaged":9779, role = STORAGE
I20251127 08:05:04.933300   116 HBProcessor.cpp:41] Machine "nebula-storaged":9779 is not registered
I20251127 08:05:14.070873   116 HBProcessor.cpp:33] Receive heartbeat from "nebula-graphd":9669, role = GRAPH
I20251127 08:05:14.942526   116 HBProcessor.cpp:33] Receive heartbeat from "nebula-storaged":9779, role = STORAGE
I20251127 08:05:14.943032   116 HBProcessor.cpp:41] Machine "nebula-storaged":9779 is not registered
I20251127 08:05:15.948364   116 HBProcessor.cpp:33] Receive heartbeat from "nebula-storaged":9779, role = STORAGE
I20251127 08:05:15.948865   116 HBProcessor.cpp:41] Machine "nebula-storaged":9779 is not registered
I20251127 08:05:16.957151   116 HBProcessor.cpp:33] Receive heartbeat from "nebula-storaged":9779, role = STORAGE
I20251127 08:05:16.957962   116 HBProcessor.cpp:41] Machine "nebula-storaged":9779 is not registered
I20251127 08:05:17.964035   116 HBProcessor.cpp:33] Receive heartbeat from "nebula-storaged":9779, role = STORAGE
I20251127 08:05:17.965417   116 HBProcessor.cpp:41] Machine "nebula-storaged":9779 is not registered
I20251127 08:05:24.085755   116 HBProcessor.cpp:33] Receive heartbeat from "nebula-graphd":9669, role = GRAPH
I20251127 08:05:27.977234   116 HBProcessor.cpp:33] Receive heartbeat from "nebula-storaged":9779, role = STORAGE
I20251127 08:05:27.978505   116 HBProcessor.cpp:41] Machine "nebula-storaged":9779 is not registered
I20251127 08:05:28.980886   116 HBProcessor.cpp:33] Receive heartbeat from "nebula-storaged":9779, role = STORAGE
I20251127 08:05:28.981384   116 HBProcessor.cpp:41] Machine "nebula-storaged":9779 is not registered
I20251127 08:05:29.988087   116 HBProcessor.cpp:33] Receive heartbeat from "nebula-storaged":9779, role = STORAGE
I20251127 08:05:29.988705   116 HBProcessor.cpp:41] Machine "nebula-storaged":9779 is not registered
I20251127 08:05:30.990602   116 HBProcessor.cpp:33] Receive heartbeat from "nebula-storaged":9779, role = STORAGE
I20251127 08:05:30.991647   116 HBProcessor.cpp:41] Machine "nebula-storaged":9779 is not registered
I20251127 08:05:34.093479   116 HBProcessor.cpp:33] Receive heartbeat from "nebula-graphd":9669, role = GRAPH
I20251127 08:05:41.002697   116 HBProcessor.cpp:33] Receive heartbeat from "nebula-storaged":9779, role = STORAGE
I20251127 08:05:41.003533   116 HBProcessor.cpp:41] Machine "nebula-storaged":9779 is not registered
I20251127 08:05:42.012230   116 HBProcessor.cpp:33] Receive heartbeat from "nebula-storaged":9779, role = STORAGE
I20251127 08:05:42.012629   116 HBProcessor.cpp:41] Machine "nebula-storaged":9779 is not registered
I20251127 08:05:43.015713   116 HBProcessor.cpp:33] Receive heartbeat from "nebula-storaged":9779, role = STORAGE
I20251127 08:05:43.016253   116 HBProcessor.cpp:41] Machine "nebula-storaged":9779 is not registered
I20251127 08:05:44.019606   116 HBProcessor.cpp:33] Receive heartbeat from "nebula-storaged":9779, role = STORAGE
I20251127 08:05:44.020221   116 HBProcessor.cpp:41] Machine "nebula-storaged":9779 is not registered
I20251127 08:05:44.116695   116 HBProcessor.cpp:33] Receive heartbeat from "nebula-graphd":9669, role = GRAPH
I20251127 08:05:54.034317   116 HBProcessor.cpp:33] Receive heartbeat from "nebula-storaged":9779, role = STORAGE
I20251127 08:05:54.035573   116 HBProcessor.cpp:41] Machine "nebula-storaged":9779 is not registered
I20251127 08:05:54.129213   116 HBProcessor.cpp:33] Receive heartbeat from "nebula-graphd":9669, role = GRAPH
I20251127 08:05:55.042457   116 HBProcessor.cpp:33] Receive heartbeat from "nebula-storaged":9779, role = STORAGE
I20251127 08:05:55.043728   116 HBProcessor.cpp:41] Machine "nebula-storaged":9779 is not registered
I20251127 08:05:56.045235   116 HBProcessor.cpp:33] Receive heartbeat from "nebula-storaged":9779, role = STORAGE
I20251127 08:05:56.046077   116 HBProcessor.cpp:41] Machine "nebula-storaged":9779 is not registered
I20251127 08:05:57.050395   116 HBProcessor.cpp:33] Receive heartbeat from "nebula-storaged":9779, role = STORAGE
I20251127 08:05:57.051251   116 HBProcessor.cpp:41] Machine "nebula-storaged":9779 is not registered
I20251127 08:06:04.152024   116 HBProcessor.cpp:33] Receive heartbeat from "nebula-graphd":9669, role = GRAPH
I20251127 08:06:07.063283   116 HBProcessor.cpp:33] Receive heartbeat from "nebula-storaged":9779, role = STORAGE
I20251127 08:06:07.063874   116 HBProcessor.cpp:41] Machine "nebula-storaged":9779 is not registered
I20251127 08:06:08.072016   116 HBProcessor.cpp:33] Receive heartbeat from "nebula-storaged":9779, role = STORAGE
I20251127 08:06:08.072284   116 HBProcessor.cpp:41] Machine "nebula-storaged":9779 is not registered
I20251127 08:06:09.087057   116 HBProcessor.cpp:33] Receive heartbeat from "nebula-storaged":9779, role = STORAGE
I20251127 08:06:09.088899   116 HBProcessor.cpp:41] Machine "nebula-storaged":9779 is not registered
I20251127 08:06:10.093359   116 HBProcessor.cpp:33] Receive heartbeat from "nebula-storaged":9779, role = STORAGE
I20251127 08:06:10.095412   116 HBProcessor.cpp:41] Machine "nebula-storaged":9779 is not registered
I20251127 08:06:14.179164   116 HBProcessor.cpp:33] Receive heartbeat from "nebula-graphd":9669, role = GRAPH
I20251127 08:06:20.103163   116 HBProcessor.cpp:33] Receive heartbeat from "nebula-storaged":9779, role = STORAGE
I20251127 08:06:20.103627   116 HBProcessor.cpp:41] Machine "nebula-storaged":9779 is not registered
I20251127 08:06:21.107594   116 HBProcessor.cpp:33] Receive heartbeat from "nebula-storaged":9779, role = STORAGE
I20251127 08:06:21.108219   116 HBProcessor.cpp:41] Machine "nebula-storaged":9779 is not registered
I20251127 08:06:22.110111   116 HBProcessor.cpp:33] Receive heartbeat from "nebula-storaged":9779, role = STORAGE
I20251127 08:06:22.110847   116 HBProcessor.cpp:41] Machine "nebula-storaged":9779 is not registered
I20251127 08:06:23.115151   116 HBProcessor.cpp:33] Receive heartbeat from "nebula-storaged":9779, role = STORAGE
I20251127 08:06:23.115667   116 HBProcessor.cpp:41] Machine "nebula-storaged":9779 is not registered
I20251127 08:06:24.195315   116 HBProcessor.cpp:33] Receive heartbeat from "nebula-graphd":9669, role = GRAPH
I20251127 08:06:33.126133   116 HBProcessor.cpp:33] Receive heartbeat from "nebula-storaged":9779, role = STORAGE
I20251127 08:06:33.127725   116 HBProcessor.cpp:41] Machine "nebula-storaged":9779 is not registered
I20251127 08:06:34.131290   116 HBProcessor.cpp:33] Receive heartbeat from "nebula-storaged":9779, role = STORAGE
I20251127 08:06:34.131953   116 HBProcessor.cpp:41] Machine "nebula-storaged":9779 is not registered
I20251127 08:06:35.134865   116 HBProcessor.cpp:33] Receive heartbeat from "nebula-storaged":9779, role = STORAGE
I20251127 08:06:35.135150   116 HBProcessor.cpp:41] Machine "nebula-storaged":9779 is not registered
I20251127 08:06:36.139082   116 HBProcessor.cpp:33] Receive heartbeat from "nebula-storaged":9779, role = STORAGE
I20251127 08:06:36.139570   116 HBProcessor.cpp:41] Machine "nebula-storaged":9779 is not registered
I20251127 08:06:39.169229   116 HBProcessor.cpp:33] Receive heartbeat from "nebula-storaged":9779, role = STORAGE
I20251127 08:06:39.169915   116 HBProcessor.cpp:41] Machine "nebula-storaged":9779 is not registered
I20251127 08:06:40.172887   116 HBProcessor.cpp:33] Receive heartbeat from "nebula-storaged":9779, role = STORAGE
I20251127 08:06:40.173357   116 HBProcessor.cpp:41] Machine "nebula-storaged":9779 is not registered
I20251127 08:06:41.174782   116 HBProcessor.cpp:33] Receive heartbeat from "nebula-storaged":9779, role = STORAGE
I20251127 08:06:41.175253   116 HBProcessor.cpp:41] Machine "nebula-storaged":9779 is not registered
I20251127 08:06:42.180910   116 HBProcessor.cpp:33] Receive heartbeat from "nebula-storaged":9779, role = STORAGE
I20251127 08:06:42.181403   116 HBProcessor.cpp:41] Machine "nebula-storaged":9779 is not registered
I20251127 08:06:42.494778     1 MetaDaemon.cpp:230] Signal 15(Terminated) received, stopping this server
I20251127 08:06:42.509666     1 JobManager.cpp:138] JobManager::shutDown() begin
I20251127 08:06:42.528149   102 JobManager.cpp:155] Detect shutdown called, exit
I20251127 08:06:42.535795   102 JobDescription.cpp:113] Loading job description failed, error: E_JOB_NOT_IN_SPACE
I20251127 08:06:42.536513   102 JobManager.cpp:175] Load an invalid job from space 0 jodId 0
I20251127 08:06:42.536836     1 JobManager.cpp:146] JobManager::shutDown() end
I20251127 08:06:42.536901     1 NebulaStore.cpp:343] Stop the raft service...
I20251127 08:06:42.536958     1 RaftexService.cpp:67] Stopping the raftex service on port 9560
I20251127 08:06:42.537011     1 RaftexService.cpp:77] All partitions have stopped
I20251127 08:06:42.537076     1 NebulaStore.cpp:346] Stop kv engine...
I20251127 08:06:42.537420     1 NebulaStore.cpp:343] Stop the raft service...
I20251127 08:06:42.537468     1 RaftexService.cpp:67] Stopping the raftex service on port 9560
I20251127 08:06:42.537506     1 RaftexService.cpp:77] All partitions have stopped
I20251127 08:06:42.537544     1 NebulaStore.cpp:346] Stop kv engine...
I20251127 08:06:42.537583     1 NebulaStore.cpp:36] Cut off the relationship with meta client
I20251127 08:06:42.538743     1 Part.h:59] [Port: 9560, Space: 0, Part: 0] ~Part()
I20251127 08:06:42.539122     1 RocksEngine.h:247] Release rocksdb on /data/meta/nebula/0
I20251127 08:06:42.541617     1 NebulaStore.cpp:44] ~NebulaStore()
I20251127 08:06:42.541723     1 MetaDaemon.cpp:215] The meta Daemon stopped
I20251127 08:06:42.545078     1 JobManager.cpp:138] JobManager::shutDown() begin
I20251127 08:06:42.545150     1 JobManager.cpp:141] JobManager not running, exit
I20251127 08:08:08.843521     1 MetaDaemon.cpp:137] localhost = "nebula-metad":9559
I20251127 08:08:08.870908     1 NebulaStore.cpp:48] Start the raft service...
I20251127 08:08:08.872273     1 NebulaSnapshotManager.cpp:25] Send snapshot is rate limited to 10485760 for each part by default
I20251127 08:08:09.117575     1 RaftexService.cpp:46] Start raft service on 9560
I20251127 08:08:09.120124     1 NebulaStore.cpp:82] Scan the local path, and init the spaces_
I20251127 08:08:09.124322     1 NebulaStore.cpp:90] Scan path "/data/meta/nebula/0"
I20251127 08:08:09.124555     1 NebulaStore.cpp:292] Init data from partManager for "nebula-metad":9559
I20251127 08:08:09.124752     1 NebulaStore.cpp:417] Create data space 0
I20251127 08:08:09.195997    74 RocksEngine.cpp:107] open rocksdb on /data/meta/nebula/0/data
I20251127 08:08:09.204479     1 NebulaStore.cpp:480] Space 0, part 0 has been added, asLearner 0
I20251127 08:08:09.204670     1 NebulaStore.cpp:75] Register handler...
I20251127 08:08:09.204878     1 MetaDaemonInit.cpp:106] Waiting for the leader elected...
I20251127 08:08:09.205035     1 MetaDaemonInit.cpp:118] Leader has not been elected, sleep 1s
I20251127 08:08:10.209132     1 MetaDaemonInit.cpp:153] Get meta version is 4
I20251127 08:08:10.212509     1 MetaDaemonInit.cpp:169] Nebula store init succeeded, clusterId 1306074664999335373
I20251127 08:08:10.213510     1 MetaDaemon.cpp:150] Start http service
I20251127 08:08:10.214567     1 MetaDaemonInit.cpp:226] Starting Meta HTTP Service
I20251127 08:08:10.238387    96 WebService.cpp:124] Web service started on HTTP[19559]
I20251127 08:08:10.239358     1 MetaDaemonInit.cpp:192] Check root user
I20251127 08:08:10.241518     1 RootUserMan.h:35] God user exists
I20251127 08:08:10.248571     1 MetaDaemon.cpp:193] The meta daemon start on "nebula-metad":9559
I20251127 08:08:10.255295     1 JobManager.cpp:64] JobManager initialized
I20251127 08:08:10.255357   102 JobManager.cpp:150] JobManager::scheduleThread enter
I20251127 08:08:11.033331   112 HBProcessor.cpp:33] Receive heartbeat from "nebula-graphd":9669, role = GRAPH
I20251127 08:08:11.033740   112 HBProcessor.cpp:89] Update host "nebula-graphd":9669 dir info, root path: /usr/local/nebula, data path size: 0
I20251127 08:08:14.750339   112 HBProcessor.cpp:33] Receive heartbeat from "nebula-storaged":9779, role = STORAGE
I20251127 08:08:14.751467   112 HBProcessor.cpp:41] Machine "nebula-storaged":9779 is not registered
I20251127 08:08:15.762774   112 HBProcessor.cpp:33] Receive heartbeat from "nebula-storaged":9779, role = STORAGE
I20251127 08:08:15.763155   112 HBProcessor.cpp:41] Machine "nebula-storaged":9779 is not registered
I20251127 08:08:16.769801   112 HBProcessor.cpp:33] Receive heartbeat from "nebula-storaged":9779, role = STORAGE
I20251127 08:08:16.770476   112 HBProcessor.cpp:41] Machine "nebula-storaged":9779 is not registered
I20251127 08:08:17.777014   112 HBProcessor.cpp:33] Receive heartbeat from "nebula-storaged":9779, role = STORAGE
I20251127 08:08:17.777228   112 HBProcessor.cpp:41] Machine "nebula-storaged":9779 is not registered
I20251127 08:08:21.132361   112 SessionManagerProcessor.cpp:136] resp session size: 3
I20251127 08:08:21.154757   112 SessionManagerProcessor.cpp:136] resp session size: 3
I20251127 08:08:28.434340   112 CreateSpaceProcessor.cpp:149] Replication number should less than or equal to zone number.
I20251127 08:08:30.439507   112 CreateSpaceProcessor.cpp:149] Replication number should less than or equal to zone number.
I20251127 08:08:31.451162   112 HBProcessor.cpp:33] Receive heartbeat from "nebula-graphd":9669, role = GRAPH
I20251127 08:08:32.447106   112 CreateSpaceProcessor.cpp:149] Replication number should less than or equal to zone number.
I20251127 08:08:32.797652   112 HBProcessor.cpp:33] Receive heartbeat from "nebula-storaged":9779, role = STORAGE
I20251127 08:08:32.798007   112 HBProcessor.cpp:41] Machine "nebula-storaged":9779 is not registered
I20251127 08:08:33.804157   112 HBProcessor.cpp:33] Receive heartbeat from "nebula-storaged":9779, role = STORAGE
I20251127 08:08:33.804579   112 HBProcessor.cpp:41] Machine "nebula-storaged":9779 is not registered
I20251127 08:08:34.462181   112 CreateSpaceProcessor.cpp:149] Replication number should less than or equal to zone number.
I20251127 08:08:34.810587   112 HBProcessor.cpp:33] Receive heartbeat from "nebula-storaged":9779, role = STORAGE
I20251127 08:08:34.811028   112 HBProcessor.cpp:41] Machine "nebula-storaged":9779 is not registered
I20251127 08:08:35.817169   112 HBProcessor.cpp:33] Receive heartbeat from "nebula-storaged":9779, role = STORAGE
I20251127 08:08:35.817600   112 HBProcessor.cpp:41] Machine "nebula-storaged":9779 is not registered
I20251127 08:08:36.477726   112 CreateSpaceProcessor.cpp:149] Replication number should less than or equal to zone number.
I20251127 08:08:41.462282   112 HBProcessor.cpp:33] Receive heartbeat from "nebula-graphd":9669, role = GRAPH
I20251127 08:08:50.855783   112 HBProcessor.cpp:33] Receive heartbeat from "nebula-storaged":9779, role = STORAGE
I20251127 08:08:50.856964   112 HBProcessor.cpp:41] Machine "nebula-storaged":9779 is not registered
I20251127 08:08:51.477718   112 HBProcessor.cpp:33] Receive heartbeat from "nebula-graphd":9669, role = GRAPH
I20251127 08:08:51.862533   112 HBProcessor.cpp:33] Receive heartbeat from "nebula-storaged":9779, role = STORAGE
I20251127 08:08:51.862957   112 HBProcessor.cpp:41] Machine "nebula-storaged":9779 is not registered
I20251127 08:08:52.871625   112 HBProcessor.cpp:33] Receive heartbeat from "nebula-storaged":9779, role = STORAGE
I20251127 08:08:52.872061   112 HBProcessor.cpp:41] Machine "nebula-storaged":9779 is not registered
I20251127 08:08:53.886065   112 HBProcessor.cpp:33] Receive heartbeat from "nebula-storaged":9779, role = STORAGE
I20251127 08:08:53.886400   112 HBProcessor.cpp:41] Machine "nebula-storaged":9779 is not registered
I20251127 08:09:01.490453   112 HBProcessor.cpp:33] Receive heartbeat from "nebula-graphd":9669, role = GRAPH
I20251127 08:09:03.905625   112 HBProcessor.cpp:33] Receive heartbeat from "nebula-storaged":9779, role = STORAGE
I20251127 08:09:03.905884   112 HBProcessor.cpp:41] Machine "nebula-storaged":9779 is not registered
I20251127 08:09:04.925570   112 HBProcessor.cpp:33] Receive heartbeat from "nebula-storaged":9779, role = STORAGE
I20251127 08:09:04.925997   112 HBProcessor.cpp:41] Machine "nebula-storaged":9779 is not registered
I20251127 08:09:05.933488   112 HBProcessor.cpp:33] Receive heartbeat from "nebula-storaged":9779, role = STORAGE
I20251127 08:09:05.933879   112 HBProcessor.cpp:41] Machine "nebula-storaged":9779 is not registered
I20251127 08:09:06.944096   112 HBProcessor.cpp:33] Receive heartbeat from "nebula-storaged":9779, role = STORAGE
I20251127 08:09:06.944684   112 HBProcessor.cpp:41] Machine "nebula-storaged":9779 is not registered
I20251127 08:09:11.503626   112 HBProcessor.cpp:33] Receive heartbeat from "nebula-graphd":9669, role = GRAPH
I20251127 08:09:16.968457   112 HBProcessor.cpp:33] Receive heartbeat from "nebula-storaged":9779, role = STORAGE
I20251127 08:09:16.968833   112 HBProcessor.cpp:41] Machine "nebula-storaged":9779 is not registered
I20251127 08:09:17.975519   112 HBProcessor.cpp:33] Receive heartbeat from "nebula-storaged":9779, role = STORAGE
I20251127 08:09:17.976294   112 HBProcessor.cpp:41] Machine "nebula-storaged":9779 is not registered
I20251127 08:09:18.983894   112 HBProcessor.cpp:33] Receive heartbeat from "nebula-storaged":9779, role = STORAGE
I20251127 08:09:18.984229   112 HBProcessor.cpp:41] Machine "nebula-storaged":9779 is not registered
I20251127 08:09:19.986943   112 HBProcessor.cpp:33] Receive heartbeat from "nebula-storaged":9779, role = STORAGE
I20251127 08:09:19.987565   112 HBProcessor.cpp:41] Machine "nebula-storaged":9779 is not registered
I20251127 08:09:21.507827   112 HBProcessor.cpp:33] Receive heartbeat from "nebula-graphd":9669, role = GRAPH
I20251127 08:09:30.011965   112 HBProcessor.cpp:33] Receive heartbeat from "nebula-storaged":9779, role = STORAGE
I20251127 08:09:30.012718   112 HBProcessor.cpp:41] Machine "nebula-storaged":9779 is not registered
I20251127 08:09:31.014216   112 HBProcessor.cpp:33] Receive heartbeat from "nebula-storaged":9779, role = STORAGE
I20251127 08:09:31.015259   112 HBProcessor.cpp:41] Machine "nebula-storaged":9779 is not registered
I20251127 08:09:31.520258   112 HBProcessor.cpp:33] Receive heartbeat from "nebula-graphd":9669, role = GRAPH
I20251127 08:09:32.018822   112 HBProcessor.cpp:33] Receive heartbeat from "nebula-storaged":9779, role = STORAGE
I20251127 08:09:32.019620   112 HBProcessor.cpp:41] Machine "nebula-storaged":9779 is not registered
I20251127 08:09:33.023233   112 HBProcessor.cpp:33] Receive heartbeat from "nebula-storaged":9779, role = STORAGE
I20251127 08:09:33.024073   112 HBProcessor.cpp:41] Machine "nebula-storaged":9779 is not registered
I20251127 08:09:41.534155   112 HBProcessor.cpp:33] Receive heartbeat from "nebula-graphd":9669, role = GRAPH
I20251127 08:09:43.041182   112 HBProcessor.cpp:33] Receive heartbeat from "nebula-storaged":9779, role = STORAGE
I20251127 08:09:43.041788   112 HBProcessor.cpp:41] Machine "nebula-storaged":9779 is not registered
I20251127 08:09:44.044893   112 HBProcessor.cpp:33] Receive heartbeat from "nebula-storaged":9779, role = STORAGE
I20251127 08:09:44.045511   112 HBProcessor.cpp:41] Machine "nebula-storaged":9779 is not registered
I20251127 08:09:45.049278   112 HBProcessor.cpp:33] Receive heartbeat from "nebula-storaged":9779, role = STORAGE
I20251127 08:09:45.049969   112 HBProcessor.cpp:41] Machine "nebula-storaged":9779 is not registered
I20251127 08:09:46.057382   112 HBProcessor.cpp:33] Receive heartbeat from "nebula-storaged":9779, role = STORAGE
I20251127 08:09:46.057981   112 HBProcessor.cpp:41] Machine "nebula-storaged":9779 is not registered
I20251127 08:09:51.548774   112 HBProcessor.cpp:33] Receive heartbeat from "nebula-graphd":9669, role = GRAPH
I20251127 08:09:56.072244   112 HBProcessor.cpp:33] Receive heartbeat from "nebula-storaged":9779, role = STORAGE
I20251127 08:09:56.072629   112 HBProcessor.cpp:41] Machine "nebula-storaged":9779 is not registered
I20251127 08:09:57.075414   112 HBProcessor.cpp:33] Receive heartbeat from "nebula-storaged":9779, role = STORAGE
I20251127 08:09:57.075783   112 HBProcessor.cpp:41] Machine "nebula-storaged":9779 is not registered
I20251127 08:09:58.083382   112 HBProcessor.cpp:33] Receive heartbeat from "nebula-storaged":9779, role = STORAGE
I20251127 08:09:58.084203   112 HBProcessor.cpp:41] Machine "nebula-storaged":9779 is not registered
I20251127 08:09:59.087360   112 HBProcessor.cpp:33] Receive heartbeat from "nebula-storaged":9779, role = STORAGE
I20251127 08:09:59.088095   112 HBProcessor.cpp:41] Machine "nebula-storaged":9779 is not registered
I20251127 08:10:01.562465   112 HBProcessor.cpp:33] Receive heartbeat from "nebula-graphd":9669, role = GRAPH
I20251127 08:10:09.106051   112 HBProcessor.cpp:33] Receive heartbeat from "nebula-storaged":9779, role = STORAGE
I20251127 08:10:09.106642   112 HBProcessor.cpp:41] Machine "nebula-storaged":9779 is not registered
I20251127 08:10:10.110843   112 HBProcessor.cpp:33] Receive heartbeat from "nebula-storaged":9779, role = STORAGE
I20251127 08:10:10.111722   112 HBProcessor.cpp:41] Machine "nebula-storaged":9779 is not registered
I20251127 08:10:11.114815   112 HBProcessor.cpp:33] Receive heartbeat from "nebula-storaged":9779, role = STORAGE
I20251127 08:10:11.115561   112 HBProcessor.cpp:41] Machine "nebula-storaged":9779 is not registered
I20251127 08:10:11.577687   112 HBProcessor.cpp:33] Receive heartbeat from "nebula-graphd":9669, role = GRAPH
I20251127 08:10:12.118831   112 HBProcessor.cpp:33] Receive heartbeat from "nebula-storaged":9779, role = STORAGE
I20251127 08:10:12.119238   112 HBProcessor.cpp:41] Machine "nebula-storaged":9779 is not registered
I20251127 08:10:21.580256   112 HBProcessor.cpp:33] Receive heartbeat from "nebula-graphd":9669, role = GRAPH
I20251127 08:10:22.139369   112 HBProcessor.cpp:33] Receive heartbeat from "nebula-storaged":9779, role = STORAGE
I20251127 08:10:22.140071   112 HBProcessor.cpp:41] Machine "nebula-storaged":9779 is not registered
I20251127 08:10:23.141633   112 HBProcessor.cpp:33] Receive heartbeat from "nebula-storaged":9779, role = STORAGE
I20251127 08:10:23.142009   112 HBProcessor.cpp:41] Machine "nebula-storaged":9779 is not registered
I20251127 08:10:24.145660   112 HBProcessor.cpp:33] Receive heartbeat from "nebula-storaged":9779, role = STORAGE
I20251127 08:10:24.146390   112 HBProcessor.cpp:41] Machine "nebula-storaged":9779 is not registered
I20251127 08:10:25.151281   112 HBProcessor.cpp:33] Receive heartbeat from "nebula-storaged":9779, role = STORAGE
I20251127 08:10:25.151932   112 HBProcessor.cpp:41] Machine "nebula-storaged":9779 is not registered
I20251127 08:10:31.594532   112 HBProcessor.cpp:33] Receive heartbeat from "nebula-graphd":9669, role = GRAPH
I20251127 08:10:35.168560   112 HBProcessor.cpp:33] Receive heartbeat from "nebula-storaged":9779, role = STORAGE
I20251127 08:10:35.169020   112 HBProcessor.cpp:41] Machine "nebula-storaged":9779 is not registered
I20251127 08:10:36.175434   112 HBProcessor.cpp:33] Receive heartbeat from "nebula-storaged":9779, role = STORAGE
I20251127 08:10:36.176188   112 HBProcessor.cpp:41] Machine "nebula-storaged":9779 is not registered
I20251127 08:10:37.192446   112 HBProcessor.cpp:33] Receive heartbeat from "nebula-storaged":9779, role = STORAGE
I20251127 08:10:37.192657   112 HBProcessor.cpp:41] Machine "nebula-storaged":9779 is not registered
I20251127 08:10:38.195776   112 HBProcessor.cpp:33] Receive heartbeat from "nebula-storaged":9779, role = STORAGE
I20251127 08:10:38.196242   112 HBProcessor.cpp:41] Machine "nebula-storaged":9779 is not registered
I20251127 08:10:41.600174   112 HBProcessor.cpp:33] Receive heartbeat from "nebula-graphd":9669, role = GRAPH
I20251127 08:10:48.205974   112 HBProcessor.cpp:33] Receive heartbeat from "nebula-storaged":9779, role = STORAGE
I20251127 08:10:48.206422   112 HBProcessor.cpp:41] Machine "nebula-storaged":9779 is not registered
I20251127 08:10:49.209460   112 HBProcessor.cpp:33] Receive heartbeat from "nebula-storaged":9779, role = STORAGE
I20251127 08:10:49.209641   112 HBProcessor.cpp:41] Machine "nebula-storaged":9779 is not registered
I20251127 08:10:50.216780   112 HBProcessor.cpp:33] Receive heartbeat from "nebula-storaged":9779, role = STORAGE
I20251127 08:10:50.218585   112 HBProcessor.cpp:41] Machine "nebula-storaged":9779 is not registered
I20251127 08:10:51.226806   112 HBProcessor.cpp:33] Receive heartbeat from "nebula-storaged":9779, role = STORAGE
I20251127 08:10:51.227574   112 HBProcessor.cpp:41] Machine "nebula-storaged":9779 is not registered
I20251127 08:10:51.613153   112 HBProcessor.cpp:33] Receive heartbeat from "nebula-graphd":9669, role = GRAPH
I20251127 08:11:01.237385   112 HBProcessor.cpp:33] Receive heartbeat from "nebula-storaged":9779, role = STORAGE
I20251127 08:11:01.238067   112 HBProcessor.cpp:41] Machine "nebula-storaged":9779 is not registered
I20251127 08:11:01.620146   112 HBProcessor.cpp:33] Receive heartbeat from "nebula-graphd":9669, role = GRAPH
I20251127 08:11:02.241950   112 HBProcessor.cpp:33] Receive heartbeat from "nebula-storaged":9779, role = STORAGE
I20251127 08:11:02.242179   112 HBProcessor.cpp:41] Machine "nebula-storaged":9779 is not registered
I20251127 08:11:03.244683   112 HBProcessor.cpp:33] Receive heartbeat from "nebula-storaged":9779, role = STORAGE
I20251127 08:11:03.245186   112 HBProcessor.cpp:41] Machine "nebula-storaged":9779 is not registered
I20251127 08:11:04.249500   112 HBProcessor.cpp:33] Receive heartbeat from "nebula-storaged":9779, role = STORAGE
I20251127 08:11:04.249827   112 HBProcessor.cpp:41] Machine "nebula-storaged":9779 is not registered
I20251127 08:11:11.634512   112 HBProcessor.cpp:33] Receive heartbeat from "nebula-graphd":9669, role = GRAPH
I20251127 08:11:19.276113   112 HBProcessor.cpp:33] Receive heartbeat from "nebula-storaged":9779, role = STORAGE
I20251127 08:11:19.276940   112 HBProcessor.cpp:41] Machine "nebula-storaged":9779 is not registered
I20251127 08:11:20.281404   112 HBProcessor.cpp:33] Receive heartbeat from "nebula-storaged":9779, role = STORAGE
I20251127 08:11:20.282229   112 HBProcessor.cpp:41] Machine "nebula-storaged":9779 is not registered
I20251127 08:11:21.286413   112 HBProcessor.cpp:33] Receive heartbeat from "nebula-storaged":9779, role = STORAGE
I20251127 08:11:21.286780   112 HBProcessor.cpp:41] Machine "nebula-storaged":9779 is not registered
I20251127 08:11:21.648017   112 HBProcessor.cpp:33] Receive heartbeat from "nebula-graphd":9669, role = GRAPH
I20251127 08:11:22.291174   112 HBProcessor.cpp:33] Receive heartbeat from "nebula-storaged":9779, role = STORAGE
I20251127 08:11:22.291764   112 HBProcessor.cpp:41] Machine "nebula-storaged":9779 is not registered
I20251127 08:11:31.666097   112 HBProcessor.cpp:33] Receive heartbeat from "nebula-graphd":9669, role = GRAPH
I20251127 08:11:32.308509   112 HBProcessor.cpp:33] Receive heartbeat from "nebula-storaged":9779, role = STORAGE
I20251127 08:11:32.308872   112 HBProcessor.cpp:41] Machine "nebula-storaged":9779 is not registered
I20251127 08:11:33.311439   112 HBProcessor.cpp:33] Receive heartbeat from "nebula-storaged":9779, role = STORAGE
I20251127 08:11:33.312013   112 HBProcessor.cpp:41] Machine "nebula-storaged":9779 is not registered
I20251127 08:11:34.315125   112 HBProcessor.cpp:33] Receive heartbeat from "nebula-storaged":9779, role = STORAGE
I20251127 08:11:34.315815   112 HBProcessor.cpp:41] Machine "nebula-storaged":9779 is not registered
I20251127 08:11:35.319839   112 HBProcessor.cpp:33] Receive heartbeat from "nebula-storaged":9779, role = STORAGE
I20251127 08:11:35.320199   112 HBProcessor.cpp:41] Machine "nebula-storaged":9779 is not registered
I20251127 08:11:41.689356   112 HBProcessor.cpp:33] Receive heartbeat from "nebula-graphd":9669, role = GRAPH
I20251127 08:11:45.345937   112 HBProcessor.cpp:33] Receive heartbeat from "nebula-storaged":9779, role = STORAGE
I20251127 08:11:45.347401   112 HBProcessor.cpp:41] Machine "nebula-storaged":9779 is not registered
I20251127 08:11:46.352977   112 HBProcessor.cpp:33] Receive heartbeat from "nebula-storaged":9779, role = STORAGE
I20251127 08:11:46.353191   112 HBProcessor.cpp:41] Machine "nebula-storaged":9779 is not registered
I20251127 08:11:47.356210   112 HBProcessor.cpp:33] Receive heartbeat from "nebula-storaged":9779, role = STORAGE
I20251127 08:11:47.357534   112 HBProcessor.cpp:41] Machine "nebula-storaged":9779 is not registered
I20251127 08:11:48.360893   112 HBProcessor.cpp:33] Receive heartbeat from "nebula-storaged":9779, role = STORAGE
I20251127 08:11:48.361418   112 HBProcessor.cpp:41] Machine "nebula-storaged":9779 is not registered
I20251127 08:11:51.707410   112 HBProcessor.cpp:33] Receive heartbeat from "nebula-graphd":9669, role = GRAPH
I20251127 08:11:58.380856   112 HBProcessor.cpp:33] Receive heartbeat from "nebula-storaged":9779, role = STORAGE
I20251127 08:11:58.383039   112 HBProcessor.cpp:41] Machine "nebula-storaged":9779 is not registered
I20251127 08:11:59.393846   112 HBProcessor.cpp:33] Receive heartbeat from "nebula-storaged":9779, role = STORAGE
I20251127 08:11:59.394618   112 HBProcessor.cpp:41] Machine "nebula-storaged":9779 is not registered
I20251127 08:12:00.397995   112 HBProcessor.cpp:33] Receive heartbeat from "nebula-storaged":9779, role = STORAGE
I20251127 08:12:00.398633   112 HBProcessor.cpp:41] Machine "nebula-storaged":9779 is not registered
I20251127 08:12:01.401744   112 HBProcessor.cpp:33] Receive heartbeat from "nebula-storaged":9779, role = STORAGE
I20251127 08:12:01.402382   112 HBProcessor.cpp:41] Machine "nebula-storaged":9779 is not registered
I20251127 08:12:01.722101   112 HBProcessor.cpp:33] Receive heartbeat from "nebula-graphd":9669, role = GRAPH
I20251127 08:12:11.409241   112 HBProcessor.cpp:33] Receive heartbeat from "nebula-storaged":9779, role = STORAGE
I20251127 08:12:11.410254   112 HBProcessor.cpp:41] Machine "nebula-storaged":9779 is not registered
I20251127 08:12:11.729892   112 HBProcessor.cpp:33] Receive heartbeat from "nebula-graphd":9669, role = GRAPH
I20251127 08:12:12.414708   112 HBProcessor.cpp:33] Receive heartbeat from "nebula-storaged":9779, role = STORAGE
I20251127 08:12:12.415602   112 HBProcessor.cpp:41] Machine "nebula-storaged":9779 is not registered
I20251127 08:12:13.417948   112 HBProcessor.cpp:33] Receive heartbeat from "nebula-storaged":9779, role = STORAGE
I20251127 08:12:13.418303   112 HBProcessor.cpp:41] Machine "nebula-storaged":9779 is not registered
I20251127 08:12:14.422127   112 HBProcessor.cpp:33] Receive heartbeat from "nebula-storaged":9779, role = STORAGE
I20251127 08:12:14.422791   112 HBProcessor.cpp:41] Machine "nebula-storaged":9779 is not registered
I20251127 08:12:21.743585   112 HBProcessor.cpp:33] Receive heartbeat from "nebula-graphd":9669, role = GRAPH
I20251127 08:12:23.600477   112 CreateSpaceProcessor.cpp:149] Replication number should less than or equal to zone number.
I20251127 08:12:24.431859   112 HBProcessor.cpp:33] Receive heartbeat from "nebula-storaged":9779, role = STORAGE
I20251127 08:12:24.432354   112 HBProcessor.cpp:41] Machine "nebula-storaged":9779 is not registered
I20251127 08:12:25.435799   112 HBProcessor.cpp:33] Receive heartbeat from "nebula-storaged":9779, role = STORAGE
I20251127 08:12:25.436563   112 HBProcessor.cpp:41] Machine "nebula-storaged":9779 is not registered
I20251127 08:12:26.444485   112 HBProcessor.cpp:33] Receive heartbeat from "nebula-storaged":9779, role = STORAGE
I20251127 08:12:26.445070   112 HBProcessor.cpp:41] Machine "nebula-storaged":9779 is not registered
I20251127 08:12:27.453395   112 HBProcessor.cpp:33] Receive heartbeat from "nebula-storaged":9779, role = STORAGE
I20251127 08:12:27.454422   112 HBProcessor.cpp:41] Machine "nebula-storaged":9779 is not registered
I20251127 08:12:31.761195   112 HBProcessor.cpp:33] Receive heartbeat from "nebula-graphd":9669, role = GRAPH
I20251127 08:12:37.466786   112 HBProcessor.cpp:33] Receive heartbeat from "nebula-storaged":9779, role = STORAGE
I20251127 08:12:37.468142   112 HBProcessor.cpp:41] Machine "nebula-storaged":9779 is not registered
I20251127 08:12:38.472393   112 HBProcessor.cpp:33] Receive heartbeat from "nebula-storaged":9779, role = STORAGE
I20251127 08:12:38.473105   112 HBProcessor.cpp:41] Machine "nebula-storaged":9779 is not registered
I20251127 08:12:39.476907   112 HBProcessor.cpp:33] Receive heartbeat from "nebula-storaged":9779, role = STORAGE
I20251127 08:12:39.477842   112 HBProcessor.cpp:41] Machine "nebula-storaged":9779 is not registered
I20251127 08:12:40.479732   112 HBProcessor.cpp:33] Receive heartbeat from "nebula-storaged":9779, role = STORAGE
I20251127 08:12:40.480125   112 HBProcessor.cpp:41] Machine "nebula-storaged":9779 is not registered
I20251127 08:12:41.778735   112 HBProcessor.cpp:33] Receive heartbeat from "nebula-graphd":9669, role = GRAPH
I20251127 08:12:50.508548   112 HBProcessor.cpp:33] Receive heartbeat from "nebula-storaged":9779, role = STORAGE
I20251127 08:12:50.509184   112 HBProcessor.cpp:41] Machine "nebula-storaged":9779 is not registered
I20251127 08:12:51.513620   112 HBProcessor.cpp:33] Receive heartbeat from "nebula-storaged":9779, role = STORAGE
I20251127 08:12:51.514001   112 HBProcessor.cpp:41] Machine "nebula-storaged":9779 is not registered
I20251127 08:12:51.796054   112 HBProcessor.cpp:33] Receive heartbeat from "nebula-graphd":9669, role = GRAPH
I20251127 08:12:52.515426   112 HBProcessor.cpp:33] Receive heartbeat from "nebula-storaged":9779, role = STORAGE
I20251127 08:12:52.516395   112 HBProcessor.cpp:41] Machine "nebula-storaged":9779 is not registered
I20251127 08:12:53.520088   112 HBProcessor.cpp:33] Receive heartbeat from "nebula-storaged":9779, role = STORAGE
I20251127 08:12:53.520740   112 HBProcessor.cpp:41] Machine "nebula-storaged":9779 is not registered
I20251127 08:13:01.815564   112 HBProcessor.cpp:33] Receive heartbeat from "nebula-graphd":9669, role = GRAPH
I20251127 08:13:03.535178   112 HBProcessor.cpp:33] Receive heartbeat from "nebula-storaged":9779, role = STORAGE
I20251127 08:13:03.535910   112 HBProcessor.cpp:41] Machine "nebula-storaged":9779 is not registered
I20251127 08:13:04.542387   112 HBProcessor.cpp:33] Receive heartbeat from "nebula-storaged":9779, role = STORAGE
I20251127 08:13:04.542791   112 HBProcessor.cpp:41] Machine "nebula-storaged":9779 is not registered
I20251127 08:13:05.545960   112 HBProcessor.cpp:33] Receive heartbeat from "nebula-storaged":9779, role = STORAGE
I20251127 08:13:05.546627   112 HBProcessor.cpp:41] Machine "nebula-storaged":9779 is not registered
I20251127 08:13:06.551486   112 HBProcessor.cpp:33] Receive heartbeat from "nebula-storaged":9779, role = STORAGE
I20251127 08:13:06.551949   112 HBProcessor.cpp:41] Machine "nebula-storaged":9779 is not registered
I20251127 08:13:11.835497   112 HBProcessor.cpp:33] Receive heartbeat from "nebula-graphd":9669, role = GRAPH
I20251127 08:13:16.562438   112 HBProcessor.cpp:33] Receive heartbeat from "nebula-storaged":9779, role = STORAGE
I20251127 08:13:16.562932   112 HBProcessor.cpp:41] Machine "nebula-storaged":9779 is not registered
I20251127 08:13:17.571414   112 HBProcessor.cpp:33] Receive heartbeat from "nebula-storaged":9779, role = STORAGE
I20251127 08:13:17.572908   112 HBProcessor.cpp:41] Machine "nebula-storaged":9779 is not registered
I20251127 08:13:18.580518   112 HBProcessor.cpp:33] Receive heartbeat from "nebula-storaged":9779, role = STORAGE
I20251127 08:13:18.581138   112 HBProcessor.cpp:41] Machine "nebula-storaged":9779 is not registered
I20251127 08:13:19.584920   112 HBProcessor.cpp:33] Receive heartbeat from "nebula-storaged":9779, role = STORAGE
I20251127 08:13:19.585273   112 HBProcessor.cpp:41] Machine "nebula-storaged":9779 is not registered
I20251127 08:13:21.847275   112 HBProcessor.cpp:33] Receive heartbeat from "nebula-graphd":9669, role = GRAPH
I20251127 08:13:29.588047   112 HBProcessor.cpp:33] Receive heartbeat from "nebula-storaged":9779, role = STORAGE
I20251127 08:13:29.588398   112 HBProcessor.cpp:41] Machine "nebula-storaged":9779 is not registered
I20251127 08:13:30.592041   112 HBProcessor.cpp:33] Receive heartbeat from "nebula-storaged":9779, role = STORAGE
I20251127 08:13:30.592751   112 HBProcessor.cpp:41] Machine "nebula-storaged":9779 is not registered
I20251127 08:13:31.595325   112 HBProcessor.cpp:33] Receive heartbeat from "nebula-storaged":9779, role = STORAGE
I20251127 08:13:31.595552   112 HBProcessor.cpp:41] Machine "nebula-storaged":9779 is not registered
I20251127 08:13:31.871441   112 HBProcessor.cpp:33] Receive heartbeat from "nebula-graphd":9669, role = GRAPH
I20251127 08:13:32.607192   112 HBProcessor.cpp:33] Receive heartbeat from "nebula-storaged":9779, role = STORAGE
I20251127 08:13:32.707577   112 HBProcessor.cpp:41] Machine "nebula-storaged":9779 is not registered
I20251127 08:13:41.879859   112 HBProcessor.cpp:33] Receive heartbeat from "nebula-graphd":9669, role = GRAPH
I20251127 08:13:42.828253   112 HBProcessor.cpp:33] Receive heartbeat from "nebula-storaged":9779, role = STORAGE
I20251127 08:13:42.830415   112 HBProcessor.cpp:41] Machine "nebula-storaged":9779 is not registered
I20251127 08:13:43.834884   112 HBProcessor.cpp:33] Receive heartbeat from "nebula-storaged":9779, role = STORAGE
I20251127 08:13:43.835479   112 HBProcessor.cpp:41] Machine "nebula-storaged":9779 is not registered
I20251127 08:13:44.839212   112 HBProcessor.cpp:33] Receive heartbeat from "nebula-storaged":9779, role = STORAGE
I20251127 08:13:44.839646   112 HBProcessor.cpp:41] Machine "nebula-storaged":9779 is not registered
I20251127 08:13:45.843537   112 HBProcessor.cpp:33] Receive heartbeat from "nebula-storaged":9779, role = STORAGE
I20251127 08:13:45.844280   112 HBProcessor.cpp:41] Machine "nebula-storaged":9779 is not registered
I20251127 08:13:51.898487   112 HBProcessor.cpp:33] Receive heartbeat from "nebula-graphd":9669, role = GRAPH
I20251127 08:13:55.857060   112 HBProcessor.cpp:33] Receive heartbeat from "nebula-storaged":9779, role = STORAGE
I20251127 08:13:55.857445   112 HBProcessor.cpp:41] Machine "nebula-storaged":9779 is not registered
I20251127 08:13:56.865295   112 HBProcessor.cpp:33] Receive heartbeat from "nebula-storaged":9779, role = STORAGE
I20251127 08:13:56.865717   112 HBProcessor.cpp:41] Machine "nebula-storaged":9779 is not registered
I20251127 08:13:57.869621   112 HBProcessor.cpp:33] Receive heartbeat from "nebula-storaged":9779, role = STORAGE
I20251127 08:13:57.870433   112 HBProcessor.cpp:41] Machine "nebula-storaged":9779 is not registered
I20251127 08:13:58.873123   112 HBProcessor.cpp:33] Receive heartbeat from "nebula-storaged":9779, role = STORAGE
I20251127 08:13:58.873392   112 HBProcessor.cpp:41] Machine "nebula-storaged":9779 is not registered
I20251127 08:13:59.314081   112 HBProcessor.cpp:33] Receive heartbeat from "nebula-storaged":9779, role = STORAGE
I20251127 08:13:59.314301   112 HBProcessor.cpp:41] Machine "nebula-storaged":9779 is not registered
I20251127 08:14:00.321329   112 HBProcessor.cpp:33] Receive heartbeat from "nebula-storaged":9779, role = STORAGE
I20251127 08:14:00.321941   112 HBProcessor.cpp:41] Machine "nebula-storaged":9779 is not registered
I20251127 08:14:01.327049   112 HBProcessor.cpp:33] Receive heartbeat from "nebula-storaged":9779, role = STORAGE
I20251127 08:14:01.327744   112 HBProcessor.cpp:41] Machine "nebula-storaged":9779 is not registered
I20251127 08:14:01.907263   112 HBProcessor.cpp:33] Receive heartbeat from "nebula-graphd":9669, role = GRAPH
I20251127 08:14:02.332595   112 HBProcessor.cpp:33] Receive heartbeat from "nebula-storaged":9779, role = STORAGE
I20251127 08:14:02.332873   112 HBProcessor.cpp:41] Machine "nebula-storaged":9779 is not registered
I20251127 08:14:11.916594   112 HBProcessor.cpp:33] Receive heartbeat from "nebula-graphd":9669, role = GRAPH
I20251127 08:14:12.350006   112 HBProcessor.cpp:33] Receive heartbeat from "nebula-storaged":9779, role = STORAGE
I20251127 08:14:12.350275   112 HBProcessor.cpp:41] Machine "nebula-storaged":9779 is not registered
I20251127 08:14:13.356360   112 HBProcessor.cpp:33] Receive heartbeat from "nebula-storaged":9779, role = STORAGE
I20251127 08:14:13.356637   112 HBProcessor.cpp:41] Machine "nebula-storaged":9779 is not registered
I20251127 08:14:14.361317   112 HBProcessor.cpp:33] Receive heartbeat from "nebula-storaged":9779, role = STORAGE
I20251127 08:14:14.362602   112 HBProcessor.cpp:41] Machine "nebula-storaged":9779 is not registered
I20251127 08:14:15.381793   112 HBProcessor.cpp:33] Receive heartbeat from "nebula-storaged":9779, role = STORAGE
I20251127 08:14:15.382675   112 HBProcessor.cpp:41] Machine "nebula-storaged":9779 is not registered
I20251127 08:14:21.932884   112 HBProcessor.cpp:33] Receive heartbeat from "nebula-graphd":9669, role = GRAPH
I20251127 08:14:25.401427   112 HBProcessor.cpp:33] Receive heartbeat from "nebula-storaged":9779, role = STORAGE
I20251127 08:14:25.401868   112 HBProcessor.cpp:41] Machine "nebula-storaged":9779 is not registered
I20251127 08:14:26.415778   112 HBProcessor.cpp:33] Receive heartbeat from "nebula-storaged":9779, role = STORAGE
I20251127 08:14:26.416414   112 HBProcessor.cpp:41] Machine "nebula-storaged":9779 is not registered
I20251127 08:14:27.423018   112 HBProcessor.cpp:33] Receive heartbeat from "nebula-storaged":9779, role = STORAGE
I20251127 08:14:27.423666   112 HBProcessor.cpp:41] Machine "nebula-storaged":9779 is not registered
I20251127 08:14:28.430557   112 HBProcessor.cpp:33] Receive heartbeat from "nebula-storaged":9779, role = STORAGE
I20251127 08:14:28.431648   112 HBProcessor.cpp:41] Machine "nebula-storaged":9779 is not registered
I20251127 08:14:31.948640   112 HBProcessor.cpp:33] Receive heartbeat from "nebula-graphd":9669, role = GRAPH
I20251127 08:14:38.446040   112 HBProcessor.cpp:33] Receive heartbeat from "nebula-storaged":9779, role = STORAGE
I20251127 08:14:38.446877   112 HBProcessor.cpp:41] Machine "nebula-storaged":9779 is not registered
I20251127 08:14:39.472389   112 HBProcessor.cpp:33] Receive heartbeat from "nebula-storaged":9779, role = STORAGE
I20251127 08:14:39.473026   112 HBProcessor.cpp:41] Machine "nebula-storaged":9779 is not registered
I20251127 08:14:40.482656   112 HBProcessor.cpp:33] Receive heartbeat from "nebula-storaged":9779, role = STORAGE
I20251127 08:14:40.483270   112 HBProcessor.cpp:41] Machine "nebula-storaged":9779 is not registered
I20251127 08:14:41.490255   112 HBProcessor.cpp:33] Receive heartbeat from "nebula-storaged":9779, role = STORAGE
I20251127 08:14:41.490886   112 HBProcessor.cpp:41] Machine "nebula-storaged":9779 is not registered
I20251127 08:14:41.969599   112 HBProcessor.cpp:33] Receive heartbeat from "nebula-graphd":9669, role = GRAPH
I20251127 08:14:51.502012   112 HBProcessor.cpp:33] Receive heartbeat from "nebula-storaged":9779, role = STORAGE
I20251127 08:14:51.502542   112 HBProcessor.cpp:41] Machine "nebula-storaged":9779 is not registered
I20251127 08:14:51.989506   112 HBProcessor.cpp:33] Receive heartbeat from "nebula-graphd":9669, role = GRAPH
I20251127 08:14:52.509341   112 HBProcessor.cpp:33] Receive heartbeat from "nebula-storaged":9779, role = STORAGE
I20251127 08:14:52.510102   112 HBProcessor.cpp:41] Machine "nebula-storaged":9779 is not registered
I20251127 08:14:53.516983   112 HBProcessor.cpp:33] Receive heartbeat from "nebula-storaged":9779, role = STORAGE
I20251127 08:14:53.517676   112 HBProcessor.cpp:41] Machine "nebula-storaged":9779 is not registered
I20251127 08:14:54.521664   112 HBProcessor.cpp:33] Receive heartbeat from "nebula-storaged":9779, role = STORAGE
I20251127 08:14:54.522385   112 HBProcessor.cpp:41] Machine "nebula-storaged":9779 is not registered
I20251127 08:15:02.009280   112 HBProcessor.cpp:33] Receive heartbeat from "nebula-graphd":9669, role = GRAPH
I20251127 08:15:04.533074   112 HBProcessor.cpp:33] Receive heartbeat from "nebula-storaged":9779, role = STORAGE
I20251127 08:15:04.533543   112 HBProcessor.cpp:41] Machine "nebula-storaged":9779 is not registered
I20251127 08:15:05.536885   112 HBProcessor.cpp:33] Receive heartbeat from "nebula-storaged":9779, role = STORAGE
I20251127 08:15:05.537628   112 HBProcessor.cpp:41] Machine "nebula-storaged":9779 is not registered
I20251127 08:15:06.541795   112 HBProcessor.cpp:33] Receive heartbeat from "nebula-storaged":9779, role = STORAGE
I20251127 08:15:06.542575   112 HBProcessor.cpp:41] Machine "nebula-storaged":9779 is not registered
I20251127 08:15:07.546149   112 HBProcessor.cpp:33] Receive heartbeat from "nebula-storaged":9779, role = STORAGE
I20251127 08:15:07.546974   112 HBProcessor.cpp:41] Machine "nebula-storaged":9779 is not registered
I20251127 08:15:12.047828   112 HBProcessor.cpp:33] Receive heartbeat from "nebula-graphd":9669, role = GRAPH
I20251127 08:15:17.565918   112 HBProcessor.cpp:33] Receive heartbeat from "nebula-storaged":9779, role = STORAGE
I20251127 08:15:17.566708   112 HBProcessor.cpp:41] Machine "nebula-storaged":9779 is not registered
I20251127 08:15:18.574218   112 HBProcessor.cpp:33] Receive heartbeat from "nebula-storaged":9779, role = STORAGE
I20251127 08:15:18.575156   112 HBProcessor.cpp:41] Machine "nebula-storaged":9779 is not registered
I20251127 08:15:19.581895   112 HBProcessor.cpp:33] Receive heartbeat from "nebula-storaged":9779, role = STORAGE
I20251127 08:15:19.582870   112 HBProcessor.cpp:41] Machine "nebula-storaged":9779 is not registered
I20251127 08:15:20.590516   112 HBProcessor.cpp:33] Receive heartbeat from "nebula-storaged":9779, role = STORAGE
I20251127 08:15:20.591284   112 HBProcessor.cpp:41] Machine "nebula-storaged":9779 is not registered
I20251127 08:15:22.068564   112 HBProcessor.cpp:33] Receive heartbeat from "nebula-graphd":9669, role = GRAPH
I20251127 08:15:30.610284   112 HBProcessor.cpp:33] Receive heartbeat from "nebula-storaged":9779, role = STORAGE
I20251127 08:15:30.613659   112 HBProcessor.cpp:41] Machine "nebula-storaged":9779 is not registered
I20251127 08:15:31.616814   112 HBProcessor.cpp:33] Receive heartbeat from "nebula-storaged":9779, role = STORAGE
I20251127 08:15:31.617179   112 HBProcessor.cpp:41] Machine "nebula-storaged":9779 is not registered
I20251127 08:15:32.079169   112 HBProcessor.cpp:33] Receive heartbeat from "nebula-graphd":9669, role = GRAPH
I20251127 08:15:32.623373   112 HBProcessor.cpp:33] Receive heartbeat from "nebula-storaged":9779, role = STORAGE
I20251127 08:15:32.623828   112 HBProcessor.cpp:41] Machine "nebula-storaged":9779 is not registered
I20251127 08:15:33.627894   112 HBProcessor.cpp:33] Receive heartbeat from "nebula-storaged":9779, role = STORAGE
I20251127 08:15:33.628429   112 HBProcessor.cpp:41] Machine "nebula-storaged":9779 is not registered
I20251127 08:15:42.087406   112 HBProcessor.cpp:33] Receive heartbeat from "nebula-graphd":9669, role = GRAPH
I20251127 08:15:43.640421   112 HBProcessor.cpp:33] Receive heartbeat from "nebula-storaged":9779, role = STORAGE
I20251127 08:15:43.640906   112 HBProcessor.cpp:41] Machine "nebula-storaged":9779 is not registered
I20251127 08:15:44.644927   112 HBProcessor.cpp:33] Receive heartbeat from "nebula-storaged":9779, role = STORAGE
I20251127 08:15:44.645272   112 HBProcessor.cpp:41] Machine "nebula-storaged":9779 is not registered
I20251127 08:15:45.647226   112 HBProcessor.cpp:33] Receive heartbeat from "nebula-storaged":9779, role = STORAGE
I20251127 08:15:45.647827   112 HBProcessor.cpp:41] Machine "nebula-storaged":9779 is not registered
I20251127 08:15:46.651364   112 HBProcessor.cpp:33] Receive heartbeat from "nebula-storaged":9779, role = STORAGE
I20251127 08:15:46.651710   112 HBProcessor.cpp:41] Machine "nebula-storaged":9779 is not registered
I20251127 08:15:52.095216   112 HBProcessor.cpp:33] Receive heartbeat from "nebula-graphd":9669, role = GRAPH
I20251127 08:15:56.663550   112 HBProcessor.cpp:33] Receive heartbeat from "nebula-storaged":9779, role = STORAGE
I20251127 08:15:56.664181   112 HBProcessor.cpp:41] Machine "nebula-storaged":9779 is not registered
I20251127 08:15:57.671175   112 HBProcessor.cpp:33] Receive heartbeat from "nebula-storaged":9779, role = STORAGE
I20251127 08:15:57.672185   112 HBProcessor.cpp:41] Machine "nebula-storaged":9779 is not registered
I20251127 08:15:58.677659   112 HBProcessor.cpp:33] Receive heartbeat from "nebula-storaged":9779, role = STORAGE
I20251127 08:15:58.678361   112 HBProcessor.cpp:41] Machine "nebula-storaged":9779 is not registered
I20251127 08:15:59.684033   112 HBProcessor.cpp:33] Receive heartbeat from "nebula-storaged":9779, role = STORAGE
I20251127 08:15:59.684392   112 HBProcessor.cpp:41] Machine "nebula-storaged":9779 is not registered
I20251127 08:16:00.559033   112 HBProcessor.cpp:33] Receive heartbeat from "nebula-storaged":9779, role = STORAGE
I20251127 08:16:00.559222   112 HBProcessor.cpp:41] Machine "nebula-storaged":9779 is not registered
I20251127 08:16:01.561580   112 HBProcessor.cpp:33] Receive heartbeat from "nebula-storaged":9779, role = STORAGE
I20251127 08:16:01.562078   112 HBProcessor.cpp:41] Machine "nebula-storaged":9779 is not registered
I20251127 08:16:02.115892   112 HBProcessor.cpp:33] Receive heartbeat from "nebula-graphd":9669, role = GRAPH
I20251127 08:16:02.564889   112 HBProcessor.cpp:33] Receive heartbeat from "nebula-storaged":9779, role = STORAGE
I20251127 08:16:02.565533   112 HBProcessor.cpp:41] Machine "nebula-storaged":9779 is not registered
I20251127 08:16:03.568748   112 HBProcessor.cpp:33] Receive heartbeat from "nebula-storaged":9779, role = STORAGE
I20251127 08:16:03.569404   112 HBProcessor.cpp:41] Machine "nebula-storaged":9779 is not registered
I20251127 08:16:05.746150   112 HBProcessor.cpp:33] Receive heartbeat from "nebula-storaged":9779, role = STORAGE
I20251127 08:16:05.746570   112 HBProcessor.cpp:41] Machine "nebula-storaged":9779 is not registered
I20251127 08:16:06.751243   112 HBProcessor.cpp:33] Receive heartbeat from "nebula-storaged":9779, role = STORAGE
I20251127 08:16:06.751721   112 HBProcessor.cpp:41] Machine "nebula-storaged":9779 is not registered
I20251127 08:16:07.766016   112 HBProcessor.cpp:33] Receive heartbeat from "nebula-storaged":9779, role = STORAGE
I20251127 08:16:07.766760   112 HBProcessor.cpp:41] Machine "nebula-storaged":9779 is not registered
I20251127 08:16:08.774124   112 HBProcessor.cpp:33] Receive heartbeat from "nebula-storaged":9779, role = STORAGE
I20251127 08:16:08.774742   112 HBProcessor.cpp:41] Machine "nebula-storaged":9779 is not registered
I20251127 08:16:12.132920   112 HBProcessor.cpp:33] Receive heartbeat from "nebula-graphd":9669, role = GRAPH
I20251127 08:16:19.399039   112 HBProcessor.cpp:33] Receive heartbeat from "nebula-storaged":9779, role = STORAGE
I20251127 08:16:19.399737   112 HBProcessor.cpp:41] Machine "nebula-storaged":9779 is not registered
I20251127 08:16:20.409035   112 HBProcessor.cpp:33] Receive heartbeat from "nebula-storaged":9779, role = STORAGE
I20251127 08:16:20.409931   112 HBProcessor.cpp:41] Machine "nebula-storaged":9779 is not registered
I20251127 08:16:21.414541   112 HBProcessor.cpp:33] Receive heartbeat from "nebula-storaged":9779, role = STORAGE
I20251127 08:16:21.415963   112 HBProcessor.cpp:41] Machine "nebula-storaged":9779 is not registered
I20251127 08:16:22.148765   112 HBProcessor.cpp:33] Receive heartbeat from "nebula-graphd":9669, role = GRAPH
I20251127 08:16:22.423928   112 HBProcessor.cpp:33] Receive heartbeat from "nebula-storaged":9779, role = STORAGE
I20251127 08:16:22.424608   112 HBProcessor.cpp:41] Machine "nebula-storaged":9779 is not registered
I20251127 08:16:22.904173   112 HBProcessor.cpp:33] Receive heartbeat from "nebula-storaged":9779, role = STORAGE
I20251127 08:16:22.904330   112 HBProcessor.cpp:41] Machine "nebula-storaged":9779 is not registered
I20251127 08:16:23.911484   112 HBProcessor.cpp:33] Receive heartbeat from "nebula-storaged":9779, role = STORAGE
I20251127 08:16:23.911995   112 HBProcessor.cpp:41] Machine "nebula-storaged":9779 is not registered
I20251127 08:16:24.917474   112 HBProcessor.cpp:33] Receive heartbeat from "nebula-storaged":9779, role = STORAGE
I20251127 08:16:24.918663   112 HBProcessor.cpp:41] Machine "nebula-storaged":9779 is not registered
I20251127 08:16:25.923502   112 HBProcessor.cpp:33] Receive heartbeat from "nebula-storaged":9779, role = STORAGE
I20251127 08:16:25.924158   112 HBProcessor.cpp:41] Machine "nebula-storaged":9779 is not registered
I20251127 08:16:32.166152   112 HBProcessor.cpp:33] Receive heartbeat from "nebula-graphd":9669, role = GRAPH
I20251127 08:16:40.958670   112 HBProcessor.cpp:33] Receive heartbeat from "nebula-storaged":9779, role = STORAGE
I20251127 08:16:40.960309   112 HBProcessor.cpp:41] Machine "nebula-storaged":9779 is not registered
I20251127 08:16:41.971289   112 HBProcessor.cpp:33] Receive heartbeat from "nebula-storaged":9779, role = STORAGE
I20251127 08:16:41.972111   112 HBProcessor.cpp:41] Machine "nebula-storaged":9779 is not registered
I20251127 08:16:42.185766   112 HBProcessor.cpp:33] Receive heartbeat from "nebula-graphd":9669, role = GRAPH
I20251127 08:16:42.980348   112 HBProcessor.cpp:33] Receive heartbeat from "nebula-storaged":9779, role = STORAGE
I20251127 08:16:42.980921   112 HBProcessor.cpp:41] Machine "nebula-storaged":9779 is not registered
I20251127 08:16:43.987170   112 HBProcessor.cpp:33] Receive heartbeat from "nebula-storaged":9779, role = STORAGE
I20251127 08:16:43.987658   112 HBProcessor.cpp:41] Machine "nebula-storaged":9779 is not registered
I20251127 08:16:50.634205   112 CreateSpaceProcessor.cpp:149] Replication number should less than or equal to zone number.
I20251127 08:16:52.206403   112 HBProcessor.cpp:33] Receive heartbeat from "nebula-graphd":9669, role = GRAPH
I20251127 08:16:54.008517   112 HBProcessor.cpp:33] Receive heartbeat from "nebula-storaged":9779, role = STORAGE
I20251127 08:16:54.009032   112 HBProcessor.cpp:41] Machine "nebula-storaged":9779 is not registered
I20251127 08:16:55.015280   112 HBProcessor.cpp:33] Receive heartbeat from "nebula-storaged":9779, role = STORAGE
I20251127 08:16:55.016011   112 HBProcessor.cpp:41] Machine "nebula-storaged":9779 is not registered
I20251127 08:16:56.022087   112 HBProcessor.cpp:33] Receive heartbeat from "nebula-storaged":9779, role = STORAGE
I20251127 08:16:56.023001   112 HBProcessor.cpp:41] Machine "nebula-storaged":9779 is not registered
I20251127 08:16:57.030041   112 HBProcessor.cpp:33] Receive heartbeat from "nebula-storaged":9779, role = STORAGE
I20251127 08:16:57.030972   112 HBProcessor.cpp:41] Machine "nebula-storaged":9779 is not registered
I20251127 08:17:02.225939   112 HBProcessor.cpp:33] Receive heartbeat from "nebula-graphd":9669, role = GRAPH
I20251127 08:17:07.065222   112 HBProcessor.cpp:33] Receive heartbeat from "nebula-storaged":9779, role = STORAGE
I20251127 08:17:07.072374   112 HBProcessor.cpp:41] Machine "nebula-storaged":9779 is not registered
I20251127 08:17:08.148124   112 HBProcessor.cpp:33] Receive heartbeat from "nebula-storaged":9779, role = STORAGE
I20251127 08:17:08.149012   112 HBProcessor.cpp:41] Machine "nebula-storaged":9779 is not registered
I20251127 08:17:09.154409   112 HBProcessor.cpp:33] Receive heartbeat from "nebula-storaged":9779, role = STORAGE
I20251127 08:17:09.154884   112 HBProcessor.cpp:41] Machine "nebula-storaged":9779 is not registered
I20251127 08:17:10.160698   112 HBProcessor.cpp:33] Receive heartbeat from "nebula-storaged":9779, role = STORAGE
I20251127 08:17:10.161118   112 HBProcessor.cpp:41] Machine "nebula-storaged":9779 is not registered
I20251127 08:17:12.235505   112 HBProcessor.cpp:33] Receive heartbeat from "nebula-graphd":9669, role = GRAPH
I20251127 08:17:20.176396   112 HBProcessor.cpp:33] Receive heartbeat from "nebula-storaged":9779, role = STORAGE
I20251127 08:17:20.177403   112 HBProcessor.cpp:41] Machine "nebula-storaged":9779 is not registered
I20251127 08:17:21.181545   112 HBProcessor.cpp:33] Receive heartbeat from "nebula-storaged":9779, role = STORAGE
I20251127 08:17:21.182168   112 HBProcessor.cpp:41] Machine "nebula-storaged":9779 is not registered
I20251127 08:17:22.189327   112 HBProcessor.cpp:33] Receive heartbeat from "nebula-storaged":9779, role = STORAGE
I20251127 08:17:22.190263   112 HBProcessor.cpp:41] Machine "nebula-storaged":9779 is not registered
I20251127 08:17:22.252025   112 HBProcessor.cpp:33] Receive heartbeat from "nebula-graphd":9669, role = GRAPH
I20251127 08:17:23.194523   112 HBProcessor.cpp:33] Receive heartbeat from "nebula-storaged":9779, role = STORAGE
I20251127 08:17:23.195477   112 HBProcessor.cpp:41] Machine "nebula-storaged":9779 is not registered
I20251127 08:17:32.260829   112 HBProcessor.cpp:33] Receive heartbeat from "nebula-graphd":9669, role = GRAPH
I20251127 08:17:33.232718   112 HBProcessor.cpp:33] Receive heartbeat from "nebula-storaged":9779, role = STORAGE
I20251127 08:17:33.233433   112 HBProcessor.cpp:41] Machine "nebula-storaged":9779 is not registered
I20251127 08:17:34.238981   112 HBProcessor.cpp:33] Receive heartbeat from "nebula-storaged":9779, role = STORAGE
I20251127 08:17:34.239815   112 HBProcessor.cpp:41] Machine "nebula-storaged":9779 is not registered
I20251127 08:17:35.246227   112 HBProcessor.cpp:33] Receive heartbeat from "nebula-storaged":9779, role = STORAGE
I20251127 08:17:35.246951   112 HBProcessor.cpp:41] Machine "nebula-storaged":9779 is not registered
I20251127 08:17:36.255591   112 HBProcessor.cpp:33] Receive heartbeat from "nebula-storaged":9779, role = STORAGE
I20251127 08:17:36.256198   112 HBProcessor.cpp:41] Machine "nebula-storaged":9779 is not registered
I20251127 08:17:42.281060   112 HBProcessor.cpp:33] Receive heartbeat from "nebula-graphd":9669, role = GRAPH
I20251127 08:17:46.265985   112 HBProcessor.cpp:33] Receive heartbeat from "nebula-storaged":9779, role = STORAGE
I20251127 08:17:46.266265   112 HBProcessor.cpp:41] Machine "nebula-storaged":9779 is not registered
I20251127 08:17:47.273783   112 HBProcessor.cpp:33] Receive heartbeat from "nebula-storaged":9779, role = STORAGE
I20251127 08:17:47.274502   112 HBProcessor.cpp:41] Machine "nebula-storaged":9779 is not registered
I20251127 08:17:48.278589   112 HBProcessor.cpp:33] Receive heartbeat from "nebula-storaged":9779, role = STORAGE
I20251127 08:17:48.279492   112 HBProcessor.cpp:41] Machine "nebula-storaged":9779 is not registered
I20251127 08:17:49.283537   112 HBProcessor.cpp:33] Receive heartbeat from "nebula-storaged":9779, role = STORAGE
I20251127 08:17:49.284574   112 HBProcessor.cpp:41] Machine "nebula-storaged":9779 is not registered
I20251127 08:17:52.296061   112 HBProcessor.cpp:33] Receive heartbeat from "nebula-graphd":9669, role = GRAPH
I20251127 08:17:59.303752   112 HBProcessor.cpp:33] Receive heartbeat from "nebula-storaged":9779, role = STORAGE
I20251127 08:17:59.304540   112 HBProcessor.cpp:41] Machine "nebula-storaged":9779 is not registered
I20251127 08:18:00.307989   112 HBProcessor.cpp:33] Receive heartbeat from "nebula-storaged":9779, role = STORAGE
I20251127 08:18:00.308565   112 HBProcessor.cpp:41] Machine "nebula-storaged":9779 is not registered
I20251127 08:18:01.311254   112 HBProcessor.cpp:33] Receive heartbeat from "nebula-storaged":9779, role = STORAGE
I20251127 08:18:01.311595   112 HBProcessor.cpp:41] Machine "nebula-storaged":9779 is not registered
I20251127 08:18:02.310609   112 HBProcessor.cpp:33] Receive heartbeat from "nebula-graphd":9669, role = GRAPH
I20251127 08:18:02.314765   112 HBProcessor.cpp:33] Receive heartbeat from "nebula-storaged":9779, role = STORAGE
I20251127 08:18:02.315361   112 HBProcessor.cpp:41] Machine "nebula-storaged":9779 is not registered
I20251127 08:18:12.316107   112 HBProcessor.cpp:33] Receive heartbeat from "nebula-graphd":9669, role = GRAPH
I20251127 08:18:12.332046   112 HBProcessor.cpp:33] Receive heartbeat from "nebula-storaged":9779, role = STORAGE
I20251127 08:18:12.332453   112 HBProcessor.cpp:41] Machine "nebula-storaged":9779 is not registered
I20251127 08:18:13.336546   112 HBProcessor.cpp:33] Receive heartbeat from "nebula-storaged":9779, role = STORAGE
I20251127 08:18:13.337284   112 HBProcessor.cpp:41] Machine "nebula-storaged":9779 is not registered
I20251127 08:18:14.340984   112 HBProcessor.cpp:33] Receive heartbeat from "nebula-storaged":9779, role = STORAGE
I20251127 08:18:14.341382   112 HBProcessor.cpp:41] Machine "nebula-storaged":9779 is not registered
I20251127 08:18:15.346433   112 HBProcessor.cpp:33] Receive heartbeat from "nebula-storaged":9779, role = STORAGE
I20251127 08:18:15.347098   112 HBProcessor.cpp:41] Machine "nebula-storaged":9779 is not registered
I20251127 08:18:22.329185   112 HBProcessor.cpp:33] Receive heartbeat from "nebula-graphd":9669, role = GRAPH
I20251127 08:18:25.361225   112 HBProcessor.cpp:33] Receive heartbeat from "nebula-storaged":9779, role = STORAGE
I20251127 08:18:25.361646   112 HBProcessor.cpp:41] Machine "nebula-storaged":9779 is not registered
I20251127 08:18:26.369313   112 HBProcessor.cpp:33] Receive heartbeat from "nebula-storaged":9779, role = STORAGE
I20251127 08:18:26.369719   112 HBProcessor.cpp:41] Machine "nebula-storaged":9779 is not registered
I20251127 08:18:27.375613   112 HBProcessor.cpp:33] Receive heartbeat from "nebula-storaged":9779, role = STORAGE
I20251127 08:18:27.376215   112 HBProcessor.cpp:41] Machine "nebula-storaged":9779 is not registered
I20251127 08:18:28.378602   112 HBProcessor.cpp:33] Receive heartbeat from "nebula-storaged":9779, role = STORAGE
I20251127 08:18:28.378980   112 HBProcessor.cpp:41] Machine "nebula-storaged":9779 is not registered
I20251127 08:18:32.339596   112 HBProcessor.cpp:33] Receive heartbeat from "nebula-graphd":9669, role = GRAPH
I20251127 08:18:38.397127   112 HBProcessor.cpp:33] Receive heartbeat from "nebula-storaged":9779, role = STORAGE
I20251127 08:18:38.398056   112 HBProcessor.cpp:41] Machine "nebula-storaged":9779 is not registered
I20251127 08:18:39.403640   112 HBProcessor.cpp:33] Receive heartbeat from "nebula-storaged":9779, role = STORAGE
I20251127 08:18:39.404012   112 HBProcessor.cpp:41] Machine "nebula-storaged":9779 is not registered
I20251127 08:18:40.411532   112 HBProcessor.cpp:33] Receive heartbeat from "nebula-storaged":9779, role = STORAGE
I20251127 08:18:40.412464   112 HBProcessor.cpp:41] Machine "nebula-storaged":9779 is not registered
I20251127 08:18:41.415895   112 HBProcessor.cpp:33] Receive heartbeat from "nebula-storaged":9779, role = STORAGE
I20251127 08:18:41.416313   112 HBProcessor.cpp:41] Machine "nebula-storaged":9779 is not registered
I20251127 08:18:42.359598   112 HBProcessor.cpp:33] Receive heartbeat from "nebula-graphd":9669, role = GRAPH
I20251127 08:18:51.429800   112 HBProcessor.cpp:33] Receive heartbeat from "nebula-storaged":9779, role = STORAGE
I20251127 08:18:51.430657   112 HBProcessor.cpp:41] Machine "nebula-storaged":9779 is not registered
I20251127 08:18:52.381557   112 HBProcessor.cpp:33] Receive heartbeat from "nebula-graphd":9669, role = GRAPH
I20251127 08:18:52.435921   112 HBProcessor.cpp:33] Receive heartbeat from "nebula-storaged":9779, role = STORAGE
I20251127 08:18:52.436545   112 HBProcessor.cpp:41] Machine "nebula-storaged":9779 is not registered
I20251127 08:18:53.443090   112 HBProcessor.cpp:33] Receive heartbeat from "nebula-storaged":9779, role = STORAGE
I20251127 08:18:53.444017   112 HBProcessor.cpp:41] Machine "nebula-storaged":9779 is not registered
I20251127 08:18:54.451859   112 HBProcessor.cpp:33] Receive heartbeat from "nebula-storaged":9779, role = STORAGE
I20251127 08:18:54.452390   112 HBProcessor.cpp:41] Machine "nebula-storaged":9779 is not registered
I20251127 08:19:02.405949   112 HBProcessor.cpp:33] Receive heartbeat from "nebula-graphd":9669, role = GRAPH
I20251127 08:19:03.513595   112 CreateSpaceProcessor.cpp:149] Replication number should less than or equal to zone number.
I20251127 08:19:04.473155   112 HBProcessor.cpp:33] Receive heartbeat from "nebula-storaged":9779, role = STORAGE
I20251127 08:19:04.473548   112 HBProcessor.cpp:41] Machine "nebula-storaged":9779 is not registered
I20251127 08:19:05.477368   112 HBProcessor.cpp:33] Receive heartbeat from "nebula-storaged":9779, role = STORAGE
I20251127 08:19:05.478353   112 HBProcessor.cpp:41] Machine "nebula-storaged":9779 is not registered
I20251127 08:19:06.483114   112 HBProcessor.cpp:33] Receive heartbeat from "nebula-storaged":9779, role = STORAGE
I20251127 08:19:06.484017   112 HBProcessor.cpp:41] Machine "nebula-storaged":9779 is not registered
I20251127 08:19:07.488876   112 HBProcessor.cpp:33] Receive heartbeat from "nebula-storaged":9779, role = STORAGE
I20251127 08:19:07.489573   112 HBProcessor.cpp:41] Machine "nebula-storaged":9779 is not registered
I20251127 08:19:12.420994   112 HBProcessor.cpp:33] Receive heartbeat from "nebula-graphd":9669, role = GRAPH
I20251127 08:19:17.519028   112 HBProcessor.cpp:33] Receive heartbeat from "nebula-storaged":9779, role = STORAGE
I20251127 08:19:17.519415   112 HBProcessor.cpp:41] Machine "nebula-storaged":9779 is not registered
I20251127 08:19:18.522737   112 HBProcessor.cpp:33] Receive heartbeat from "nebula-storaged":9779, role = STORAGE
I20251127 08:19:18.524161   112 HBProcessor.cpp:41] Machine "nebula-storaged":9779 is not registered
I20251127 08:19:19.528154   112 HBProcessor.cpp:33] Receive heartbeat from "nebula-storaged":9779, role = STORAGE
I20251127 08:19:19.529073   112 HBProcessor.cpp:41] Machine "nebula-storaged":9779 is not registered
I20251127 08:19:20.531744   112 HBProcessor.cpp:33] Receive heartbeat from "nebula-storaged":9779, role = STORAGE
I20251127 08:19:20.532094   112 HBProcessor.cpp:41] Machine "nebula-storaged":9779 is not registered
I20251127 08:19:22.432996   112 HBProcessor.cpp:33] Receive heartbeat from "nebula-graphd":9669, role = GRAPH
I20251127 08:19:25.270283   112 CreateSpaceProcessor.cpp:149] Replication number should less than or equal to zone number.
I20251127 08:19:26.208590   112 CreateSpaceProcessor.cpp:149] Replication number should less than or equal to zone number.
I20251127 08:19:30.542196   112 HBProcessor.cpp:33] Receive heartbeat from "nebula-storaged":9779, role = STORAGE
I20251127 08:19:30.542683   112 HBProcessor.cpp:41] Machine "nebula-storaged":9779 is not registered
I20251127 08:19:31.545653   112 HBProcessor.cpp:33] Receive heartbeat from "nebula-storaged":9779, role = STORAGE
I20251127 08:19:31.546186   112 HBProcessor.cpp:41] Machine "nebula-storaged":9779 is not registered
I20251127 08:19:32.449795   112 HBProcessor.cpp:33] Receive heartbeat from "nebula-graphd":9669, role = GRAPH
I20251127 08:19:32.548831   112 HBProcessor.cpp:33] Receive heartbeat from "nebula-storaged":9779, role = STORAGE
I20251127 08:19:32.549084   112 HBProcessor.cpp:41] Machine "nebula-storaged":9779 is not registered
I20251127 08:19:33.555790   112 HBProcessor.cpp:33] Receive heartbeat from "nebula-storaged":9779, role = STORAGE
I20251127 08:19:33.556442   112 HBProcessor.cpp:41] Machine "nebula-storaged":9779 is not registered
I20251127 08:19:42.477335   112 HBProcessor.cpp:33] Receive heartbeat from "nebula-graphd":9669, role = GRAPH
I20251127 08:19:43.582233   112 HBProcessor.cpp:33] Receive heartbeat from "nebula-storaged":9779, role = STORAGE
I20251127 08:19:43.582857   112 HBProcessor.cpp:41] Machine "nebula-storaged":9779 is not registered
I20251127 08:19:44.594940   112 HBProcessor.cpp:33] Receive heartbeat from "nebula-storaged":9779, role = STORAGE
I20251127 08:19:44.596014   112 HBProcessor.cpp:41] Machine "nebula-storaged":9779 is not registered
I20251127 08:19:45.608291   112 HBProcessor.cpp:33] Receive heartbeat from "nebula-storaged":9779, role = STORAGE
I20251127 08:19:45.609172   112 HBProcessor.cpp:41] Machine "nebula-storaged":9779 is not registered
I20251127 08:19:46.612232   112 HBProcessor.cpp:33] Receive heartbeat from "nebula-storaged":9779, role = STORAGE
I20251127 08:19:46.612874   112 HBProcessor.cpp:41] Machine "nebula-storaged":9779 is not registered
I20251127 08:19:52.500736   112 HBProcessor.cpp:33] Receive heartbeat from "nebula-graphd":9669, role = GRAPH
I20251127 08:19:56.619899   112 HBProcessor.cpp:33] Receive heartbeat from "nebula-storaged":9779, role = STORAGE
I20251127 08:19:56.625604   112 HBProcessor.cpp:41] Machine "nebula-storaged":9779 is not registered
I20251127 08:19:57.629364   112 HBProcessor.cpp:33] Receive heartbeat from "nebula-storaged":9779, role = STORAGE
I20251127 08:19:57.630317   112 HBProcessor.cpp:41] Machine "nebula-storaged":9779 is not registered
I20251127 08:19:58.634830   112 HBProcessor.cpp:33] Receive heartbeat from "nebula-storaged":9779, role = STORAGE
I20251127 08:19:58.635448   112 HBProcessor.cpp:41] Machine "nebula-storaged":9779 is not registered
I20251127 08:19:59.638818   112 HBProcessor.cpp:33] Receive heartbeat from "nebula-storaged":9779, role = STORAGE
I20251127 08:19:59.640450   112 HBProcessor.cpp:41] Machine "nebula-storaged":9779 is not registered
I20251127 08:20:02.516707   112 HBProcessor.cpp:33] Receive heartbeat from "nebula-graphd":9669, role = GRAPH
I20251127 08:20:09.663326   112 HBProcessor.cpp:33] Receive heartbeat from "nebula-storaged":9779, role = STORAGE
I20251127 08:20:09.665096   112 HBProcessor.cpp:41] Machine "nebula-storaged":9779 is not registered
I20251127 08:20:10.673501   112 HBProcessor.cpp:33] Receive heartbeat from "nebula-storaged":9779, role = STORAGE
I20251127 08:20:10.673887   112 HBProcessor.cpp:41] Machine "nebula-storaged":9779 is not registered
I20251127 08:20:11.702546   112 HBProcessor.cpp:33] Receive heartbeat from "nebula-storaged":9779, role = STORAGE
I20251127 08:20:11.702828   112 HBProcessor.cpp:41] Machine "nebula-storaged":9779 is not registered
I20251127 08:20:12.523182   112 HBProcessor.cpp:33] Receive heartbeat from "nebula-graphd":9669, role = GRAPH
I20251127 08:20:12.710768   112 HBProcessor.cpp:33] Receive heartbeat from "nebula-storaged":9779, role = STORAGE
I20251127 08:20:12.711634   112 HBProcessor.cpp:41] Machine "nebula-storaged":9779 is not registered
I20251127 08:20:22.532632   112 HBProcessor.cpp:33] Receive heartbeat from "nebula-graphd":9669, role = GRAPH
I20251127 08:20:22.732954   112 HBProcessor.cpp:33] Receive heartbeat from "nebula-storaged":9779, role = STORAGE
I20251127 08:20:22.733335   112 HBProcessor.cpp:41] Machine "nebula-storaged":9779 is not registered
I20251127 08:20:23.736747   112 HBProcessor.cpp:33] Receive heartbeat from "nebula-storaged":9779, role = STORAGE
I20251127 08:20:23.737172   112 HBProcessor.cpp:41] Machine "nebula-storaged":9779 is not registered
I20251127 08:20:24.740782   112 HBProcessor.cpp:33] Receive heartbeat from "nebula-storaged":9779, role = STORAGE
I20251127 08:20:24.741567   112 HBProcessor.cpp:41] Machine "nebula-storaged":9779 is not registered
I20251127 08:20:25.747208   112 HBProcessor.cpp:33] Receive heartbeat from "nebula-storaged":9779, role = STORAGE
I20251127 08:20:25.748378   112 HBProcessor.cpp:41] Machine "nebula-storaged":9779 is not registered
I20251127 08:20:32.552012   112 HBProcessor.cpp:33] Receive heartbeat from "nebula-graphd":9669, role = GRAPH
I20251127 08:20:35.755208   112 HBProcessor.cpp:33] Receive heartbeat from "nebula-storaged":9779, role = STORAGE
I20251127 08:20:35.755927   112 HBProcessor.cpp:41] Machine "nebula-storaged":9779 is not registered
I20251127 08:20:36.760762   112 HBProcessor.cpp:33] Receive heartbeat from "nebula-storaged":9779, role = STORAGE
I20251127 08:20:36.761338   112 HBProcessor.cpp:41] Machine "nebula-storaged":9779 is not registered
I20251127 08:20:37.765549   112 HBProcessor.cpp:33] Receive heartbeat from "nebula-storaged":9779, role = STORAGE
I20251127 08:20:37.766384   112 HBProcessor.cpp:41] Machine "nebula-storaged":9779 is not registered
I20251127 08:20:38.771828   112 HBProcessor.cpp:33] Receive heartbeat from "nebula-storaged":9779, role = STORAGE
I20251127 08:20:38.772979   112 HBProcessor.cpp:41] Machine "nebula-storaged":9779 is not registered
I20251127 08:20:42.567710   112 HBProcessor.cpp:33] Receive heartbeat from "nebula-graphd":9669, role = GRAPH
I20251127 08:20:48.778977   112 HBProcessor.cpp:33] Receive heartbeat from "nebula-storaged":9779, role = STORAGE
I20251127 08:20:48.779757   112 HBProcessor.cpp:41] Machine "nebula-storaged":9779 is not registered
I20251127 08:20:49.782176   112 HBProcessor.cpp:33] Receive heartbeat from "nebula-storaged":9779, role = STORAGE
I20251127 08:20:49.783051   112 HBProcessor.cpp:41] Machine "nebula-storaged":9779 is not registered
I20251127 08:20:50.786103   112 HBProcessor.cpp:33] Receive heartbeat from "nebula-storaged":9779, role = STORAGE
I20251127 08:20:50.786782   112 HBProcessor.cpp:41] Machine "nebula-storaged":9779 is not registered
I20251127 08:20:51.790045   112 HBProcessor.cpp:33] Receive heartbeat from "nebula-storaged":9779, role = STORAGE
I20251127 08:20:51.790654   112 HBProcessor.cpp:41] Machine "nebula-storaged":9779 is not registered
I20251127 08:20:52.582278   112 HBProcessor.cpp:33] Receive heartbeat from "nebula-graphd":9669, role = GRAPH
I20251127 08:21:01.799324   112 HBProcessor.cpp:33] Receive heartbeat from "nebula-storaged":9779, role = STORAGE
I20251127 08:21:01.800093   112 HBProcessor.cpp:41] Machine "nebula-storaged":9779 is not registered
I20251127 08:21:02.592999   112 HBProcessor.cpp:33] Receive heartbeat from "nebula-graphd":9669, role = GRAPH
I20251127 08:21:02.806571   112 HBProcessor.cpp:33] Receive heartbeat from "nebula-storaged":9779, role = STORAGE
I20251127 08:21:02.806950   112 HBProcessor.cpp:41] Machine "nebula-storaged":9779 is not registered
I20251127 08:21:03.810197   112 HBProcessor.cpp:33] Receive heartbeat from "nebula-storaged":9779, role = STORAGE
I20251127 08:21:03.810854   112 HBProcessor.cpp:41] Machine "nebula-storaged":9779 is not registered
I20251127 08:21:04.815261   112 HBProcessor.cpp:33] Receive heartbeat from "nebula-storaged":9779, role = STORAGE
I20251127 08:21:04.819083   112 HBProcessor.cpp:41] Machine "nebula-storaged":9779 is not registered
I20251127 08:21:12.614745   112 HBProcessor.cpp:33] Receive heartbeat from "nebula-graphd":9669, role = GRAPH
I20251127 08:21:14.827880   112 HBProcessor.cpp:33] Receive heartbeat from "nebula-storaged":9779, role = STORAGE
I20251127 08:21:14.828405   112 HBProcessor.cpp:41] Machine "nebula-storaged":9779 is not registered
I20251127 08:21:15.834451   112 HBProcessor.cpp:33] Receive heartbeat from "nebula-storaged":9779, role = STORAGE
I20251127 08:21:15.835415   112 HBProcessor.cpp:41] Machine "nebula-storaged":9779 is not registered
I20251127 08:21:16.841089   112 HBProcessor.cpp:33] Receive heartbeat from "nebula-storaged":9779, role = STORAGE
I20251127 08:21:16.841383   112 HBProcessor.cpp:41] Machine "nebula-storaged":9779 is not registered
I20251127 08:21:17.844255   112 HBProcessor.cpp:33] Receive heartbeat from "nebula-storaged":9779, role = STORAGE
I20251127 08:21:17.845124   112 HBProcessor.cpp:41] Machine "nebula-storaged":9779 is not registered
I20251127 08:21:22.623365   112 HBProcessor.cpp:33] Receive heartbeat from "nebula-graphd":9669, role = GRAPH
I20251127 08:21:27.852411   112 HBProcessor.cpp:33] Receive heartbeat from "nebula-storaged":9779, role = STORAGE
I20251127 08:21:27.853942   112 HBProcessor.cpp:41] Machine "nebula-storaged":9779 is not registered
I20251127 08:21:28.858246   112 HBProcessor.cpp:33] Receive heartbeat from "nebula-storaged":9779, role = STORAGE
I20251127 08:21:28.859153   112 HBProcessor.cpp:41] Machine "nebula-storaged":9779 is not registered
I20251127 08:21:29.865423   112 HBProcessor.cpp:33] Receive heartbeat from "nebula-storaged":9779, role = STORAGE
I20251127 08:21:29.867194   112 HBProcessor.cpp:41] Machine "nebula-storaged":9779 is not registered
I20251127 08:21:30.871431   112 HBProcessor.cpp:33] Receive heartbeat from "nebula-storaged":9779, role = STORAGE
I20251127 08:21:30.872427   112 HBProcessor.cpp:41] Machine "nebula-storaged":9779 is not registered
I20251127 08:21:32.638942   112 HBProcessor.cpp:33] Receive heartbeat from "nebula-graphd":9669, role = GRAPH
I20251127 08:21:40.880471   112 HBProcessor.cpp:33] Receive heartbeat from "nebula-storaged":9779, role = STORAGE
I20251127 08:21:40.883129   112 HBProcessor.cpp:41] Machine "nebula-storaged":9779 is not registered
I20251127 08:21:41.889484   112 HBProcessor.cpp:33] Receive heartbeat from "nebula-storaged":9779, role = STORAGE
I20251127 08:21:41.890542   112 HBProcessor.cpp:41] Machine "nebula-storaged":9779 is not registered
I20251127 08:21:42.656499   112 HBProcessor.cpp:33] Receive heartbeat from "nebula-graphd":9669, role = GRAPH
I20251127 08:21:42.897225   112 HBProcessor.cpp:33] Receive heartbeat from "nebula-storaged":9779, role = STORAGE
I20251127 08:21:42.898094   112 HBProcessor.cpp:41] Machine "nebula-storaged":9779 is not registered
I20251127 08:21:43.902630   112 HBProcessor.cpp:33] Receive heartbeat from "nebula-storaged":9779, role = STORAGE
I20251127 08:21:43.903311   112 HBProcessor.cpp:41] Machine "nebula-storaged":9779 is not registered
I20251127 08:21:52.664812   112 HBProcessor.cpp:33] Receive heartbeat from "nebula-graphd":9669, role = GRAPH
I20251127 08:21:53.908838   112 HBProcessor.cpp:33] Receive heartbeat from "nebula-storaged":9779, role = STORAGE
I20251127 08:21:53.910020   112 HBProcessor.cpp:41] Machine "nebula-storaged":9779 is not registered
I20251127 08:21:54.914682   112 HBProcessor.cpp:33] Receive heartbeat from "nebula-storaged":9779, role = STORAGE
I20251127 08:21:54.915303   112 HBProcessor.cpp:41] Machine "nebula-storaged":9779 is not registered
I20251127 08:21:55.918529   112 HBProcessor.cpp:33] Receive heartbeat from "nebula-storaged":9779, role = STORAGE
I20251127 08:21:55.918985   112 HBProcessor.cpp:41] Machine "nebula-storaged":9779 is not registered
I20251127 08:21:56.921775   112 HBProcessor.cpp:33] Receive heartbeat from "nebula-storaged":9779, role = STORAGE
I20251127 08:21:56.922394   112 HBProcessor.cpp:41] Machine "nebula-storaged":9779 is not registered
I20251127 08:22:02.686856   112 HBProcessor.cpp:33] Receive heartbeat from "nebula-graphd":9669, role = GRAPH
I20251127 08:22:06.930939   112 HBProcessor.cpp:33] Receive heartbeat from "nebula-storaged":9779, role = STORAGE
I20251127 08:22:06.931404   112 HBProcessor.cpp:41] Machine "nebula-storaged":9779 is not registered
I20251127 08:22:07.935851   112 HBProcessor.cpp:33] Receive heartbeat from "nebula-storaged":9779, role = STORAGE
I20251127 08:22:07.936618   112 HBProcessor.cpp:41] Machine "nebula-storaged":9779 is not registered
I20251127 08:22:08.940799   112 HBProcessor.cpp:33] Receive heartbeat from "nebula-storaged":9779, role = STORAGE
I20251127 08:22:08.941419   112 HBProcessor.cpp:41] Machine "nebula-storaged":9779 is not registered
I20251127 08:22:09.954560   112 HBProcessor.cpp:33] Receive heartbeat from "nebula-storaged":9779, role = STORAGE
I20251127 08:22:09.956182   112 HBProcessor.cpp:41] Machine "nebula-storaged":9779 is not registered
I20251127 08:22:12.698751   112 HBProcessor.cpp:33] Receive heartbeat from "nebula-graphd":9669, role = GRAPH
I20251127 08:22:19.967386   112 HBProcessor.cpp:33] Receive heartbeat from "nebula-storaged":9779, role = STORAGE
I20251127 08:22:19.969039   112 HBProcessor.cpp:41] Machine "nebula-storaged":9779 is not registered
I20251127 08:22:20.976495   112 HBProcessor.cpp:33] Receive heartbeat from "nebula-storaged":9779, role = STORAGE
I20251127 08:22:20.976974   112 HBProcessor.cpp:41] Machine "nebula-storaged":9779 is not registered
I20251127 08:22:21.981247   112 HBProcessor.cpp:33] Receive heartbeat from "nebula-storaged":9779, role = STORAGE
I20251127 08:22:21.981932   112 HBProcessor.cpp:41] Machine "nebula-storaged":9779 is not registered
I20251127 08:22:22.713846   112 HBProcessor.cpp:33] Receive heartbeat from "nebula-graphd":9669, role = GRAPH
I20251127 08:22:22.985587   112 HBProcessor.cpp:33] Receive heartbeat from "nebula-storaged":9779, role = STORAGE
I20251127 08:22:22.985900   112 HBProcessor.cpp:41] Machine "nebula-storaged":9779 is not registered
I20251127 08:22:32.729420   112 HBProcessor.cpp:33] Receive heartbeat from "nebula-graphd":9669, role = GRAPH
I20251127 08:22:32.993785   112 HBProcessor.cpp:33] Receive heartbeat from "nebula-storaged":9779, role = STORAGE
I20251127 08:22:32.994014   112 HBProcessor.cpp:41] Machine "nebula-storaged":9779 is not registered
I20251127 08:22:33.998660   112 HBProcessor.cpp:33] Receive heartbeat from "nebula-storaged":9779, role = STORAGE
I20251127 08:22:33.998994   112 HBProcessor.cpp:41] Machine "nebula-storaged":9779 is not registered
I20251127 08:22:35.006016   112 HBProcessor.cpp:33] Receive heartbeat from "nebula-storaged":9779, role = STORAGE
I20251127 08:22:35.006423   112 HBProcessor.cpp:41] Machine "nebula-storaged":9779 is not registered
I20251127 08:22:36.011616   112 HBProcessor.cpp:33] Receive heartbeat from "nebula-storaged":9779, role = STORAGE
I20251127 08:22:36.012372   112 HBProcessor.cpp:41] Machine "nebula-storaged":9779 is not registered
I20251127 08:22:42.753221   112 HBProcessor.cpp:33] Receive heartbeat from "nebula-graphd":9669, role = GRAPH
I20251127 08:22:46.023056   112 HBProcessor.cpp:33] Receive heartbeat from "nebula-storaged":9779, role = STORAGE
I20251127 08:22:46.023439   112 HBProcessor.cpp:41] Machine "nebula-storaged":9779 is not registered
I20251127 08:22:47.027616   112 HBProcessor.cpp:33] Receive heartbeat from "nebula-storaged":9779, role = STORAGE
I20251127 08:22:47.028712   112 HBProcessor.cpp:41] Machine "nebula-storaged":9779 is not registered
I20251127 08:22:48.031767   112 HBProcessor.cpp:33] Receive heartbeat from "nebula-storaged":9779, role = STORAGE
I20251127 08:22:48.032218   112 HBProcessor.cpp:41] Machine "nebula-storaged":9779 is not registered
I20251127 08:22:49.035113   112 HBProcessor.cpp:33] Receive heartbeat from "nebula-storaged":9779, role = STORAGE
I20251127 08:22:49.036481   112 HBProcessor.cpp:41] Machine "nebula-storaged":9779 is not registered
I20251127 08:22:52.779639   112 HBProcessor.cpp:33] Receive heartbeat from "nebula-graphd":9669, role = GRAPH
I20251127 08:22:59.047951   112 HBProcessor.cpp:33] Receive heartbeat from "nebula-storaged":9779, role = STORAGE
I20251127 08:22:59.048537   112 HBProcessor.cpp:41] Machine "nebula-storaged":9779 is not registered
I20251127 08:23:00.056429   112 HBProcessor.cpp:33] Receive heartbeat from "nebula-storaged":9779, role = STORAGE
I20251127 08:23:00.056663   112 HBProcessor.cpp:41] Machine "nebula-storaged":9779 is not registered
I20251127 08:23:01.059114   112 HBProcessor.cpp:33] Receive heartbeat from "nebula-storaged":9779, role = STORAGE
I20251127 08:23:01.060132   112 HBProcessor.cpp:41] Machine "nebula-storaged":9779 is not registered
I20251127 08:23:02.064585   112 HBProcessor.cpp:33] Receive heartbeat from "nebula-storaged":9779, role = STORAGE
I20251127 08:23:02.065481   112 HBProcessor.cpp:41] Machine "nebula-storaged":9779 is not registered
I20251127 08:23:02.796765   112 HBProcessor.cpp:33] Receive heartbeat from "nebula-graphd":9669, role = GRAPH
I20251127 08:23:12.074410   112 HBProcessor.cpp:33] Receive heartbeat from "nebula-storaged":9779, role = STORAGE
I20251127 08:23:12.074892   112 HBProcessor.cpp:41] Machine "nebula-storaged":9779 is not registered
I20251127 08:23:12.814981   112 HBProcessor.cpp:33] Receive heartbeat from "nebula-graphd":9669, role = GRAPH
I20251127 08:23:13.078280   112 HBProcessor.cpp:33] Receive heartbeat from "nebula-storaged":9779, role = STORAGE
I20251127 08:23:13.079275   112 HBProcessor.cpp:41] Machine "nebula-storaged":9779 is not registered
I20251127 08:23:14.083227   112 HBProcessor.cpp:33] Receive heartbeat from "nebula-storaged":9779, role = STORAGE
I20251127 08:23:14.083772   112 HBProcessor.cpp:41] Machine "nebula-storaged":9779 is not registered
I20251127 08:23:15.087349   112 HBProcessor.cpp:33] Receive heartbeat from "nebula-storaged":9779, role = STORAGE
I20251127 08:23:15.087910   112 HBProcessor.cpp:41] Machine "nebula-storaged":9779 is not registered
I20251127 08:23:22.818663   112 HBProcessor.cpp:33] Receive heartbeat from "nebula-graphd":9669, role = GRAPH
I20251127 08:23:25.097220   112 HBProcessor.cpp:33] Receive heartbeat from "nebula-storaged":9779, role = STORAGE
I20251127 08:23:25.097750   112 HBProcessor.cpp:41] Machine "nebula-storaged":9779 is not registered
I20251127 08:23:26.101178   112 HBProcessor.cpp:33] Receive heartbeat from "nebula-storaged":9779, role = STORAGE
I20251127 08:23:26.102164   112 HBProcessor.cpp:41] Machine "nebula-storaged":9779 is not registered
I20251127 08:23:27.111119   112 HBProcessor.cpp:33] Receive heartbeat from "nebula-storaged":9779, role = STORAGE
I20251127 08:23:27.112136   112 HBProcessor.cpp:41] Machine "nebula-storaged":9779 is not registered
I20251127 08:23:28.119189   112 HBProcessor.cpp:33] Receive heartbeat from "nebula-storaged":9779, role = STORAGE
I20251127 08:23:28.120154   112 HBProcessor.cpp:41] Machine "nebula-storaged":9779 is not registered
I20251127 08:23:32.824672   112 HBProcessor.cpp:33] Receive heartbeat from "nebula-graphd":9669, role = GRAPH
I20251127 08:23:38.130214   112 HBProcessor.cpp:33] Receive heartbeat from "nebula-storaged":9779, role = STORAGE
I20251127 08:23:38.135391   112 HBProcessor.cpp:41] Machine "nebula-storaged":9779 is not registered
I20251127 08:23:39.139933   112 HBProcessor.cpp:33] Receive heartbeat from "nebula-storaged":9779, role = STORAGE
I20251127 08:23:39.140275   112 HBProcessor.cpp:41] Machine "nebula-storaged":9779 is not registered
I20251127 08:23:40.142298   112 HBProcessor.cpp:33] Receive heartbeat from "nebula-storaged":9779, role = STORAGE
I20251127 08:23:40.142827   112 HBProcessor.cpp:41] Machine "nebula-storaged":9779 is not registered
I20251127 08:23:41.145761   112 HBProcessor.cpp:33] Receive heartbeat from "nebula-storaged":9779, role = STORAGE
I20251127 08:23:41.145964   112 HBProcessor.cpp:41] Machine "nebula-storaged":9779 is not registered
I20251127 08:23:42.831365   112 HBProcessor.cpp:33] Receive heartbeat from "nebula-graphd":9669, role = GRAPH
I20251127 08:23:51.149852   112 HBProcessor.cpp:33] Receive heartbeat from "nebula-storaged":9779, role = STORAGE
I20251127 08:23:51.150065   112 HBProcessor.cpp:41] Machine "nebula-storaged":9779 is not registered
I20251127 08:23:52.158079   112 HBProcessor.cpp:33] Receive heartbeat from "nebula-storaged":9779, role = STORAGE
I20251127 08:23:52.159034   112 HBProcessor.cpp:41] Machine "nebula-storaged":9779 is not registered
I20251127 08:23:52.845841   112 HBProcessor.cpp:33] Receive heartbeat from "nebula-graphd":9669, role = GRAPH
I20251127 08:23:53.166293   112 HBProcessor.cpp:33] Receive heartbeat from "nebula-storaged":9779, role = STORAGE
I20251127 08:23:53.166944   112 HBProcessor.cpp:41] Machine "nebula-storaged":9779 is not registered
I20251127 08:23:54.173498   112 HBProcessor.cpp:33] Receive heartbeat from "nebula-storaged":9779, role = STORAGE
I20251127 08:23:54.173919   112 HBProcessor.cpp:41] Machine "nebula-storaged":9779 is not registered
I20251127 08:24:02.864833   112 HBProcessor.cpp:33] Receive heartbeat from "nebula-graphd":9669, role = GRAPH
I20251127 08:24:04.184952   112 HBProcessor.cpp:33] Receive heartbeat from "nebula-storaged":9779, role = STORAGE
I20251127 08:24:04.185540   112 HBProcessor.cpp:41] Machine "nebula-storaged":9779 is not registered
I20251127 08:24:05.190585   112 HBProcessor.cpp:33] Receive heartbeat from "nebula-storaged":9779, role = STORAGE
I20251127 08:24:05.191186   112 HBProcessor.cpp:41] Machine "nebula-storaged":9779 is not registered
I20251127 08:24:06.197492   112 HBProcessor.cpp:33] Receive heartbeat from "nebula-storaged":9779, role = STORAGE
I20251127 08:24:06.198076   112 HBProcessor.cpp:41] Machine "nebula-storaged":9779 is not registered
I20251127 08:24:07.202821   112 HBProcessor.cpp:33] Receive heartbeat from "nebula-storaged":9779, role = STORAGE
I20251127 08:24:07.203619   112 HBProcessor.cpp:41] Machine "nebula-storaged":9779 is not registered
I20251127 08:24:12.872649   112 HBProcessor.cpp:33] Receive heartbeat from "nebula-graphd":9669, role = GRAPH
I20251127 08:24:17.214993   112 HBProcessor.cpp:33] Receive heartbeat from "nebula-storaged":9779, role = STORAGE
I20251127 08:24:17.215514   112 HBProcessor.cpp:41] Machine "nebula-storaged":9779 is not registered
I20251127 08:24:18.219065   112 HBProcessor.cpp:33] Receive heartbeat from "nebula-storaged":9779, role = STORAGE
I20251127 08:24:18.219748   112 HBProcessor.cpp:41] Machine "nebula-storaged":9779 is not registered
I20251127 08:24:19.222213   112 HBProcessor.cpp:33] Receive heartbeat from "nebula-storaged":9779, role = STORAGE
I20251127 08:24:19.222482   112 HBProcessor.cpp:41] Machine "nebula-storaged":9779 is not registered
I20251127 08:24:20.226776   112 HBProcessor.cpp:33] Receive heartbeat from "nebula-storaged":9779, role = STORAGE
I20251127 08:24:20.227394   112 HBProcessor.cpp:41] Machine "nebula-storaged":9779 is not registered
I20251127 08:24:22.888147   112 HBProcessor.cpp:33] Receive heartbeat from "nebula-graphd":9669, role = GRAPH
I20251127 08:24:30.231405   112 HBProcessor.cpp:33] Receive heartbeat from "nebula-storaged":9779, role = STORAGE
I20251127 08:24:30.232542   112 HBProcessor.cpp:41] Machine "nebula-storaged":9779 is not registered
I20251127 08:24:31.235970   112 HBProcessor.cpp:33] Receive heartbeat from "nebula-storaged":9779, role = STORAGE
I20251127 08:24:31.236666   112 HBProcessor.cpp:41] Machine "nebula-storaged":9779 is not registered
I20251127 08:24:32.240320   112 HBProcessor.cpp:33] Receive heartbeat from "nebula-storaged":9779, role = STORAGE
I20251127 08:24:32.241993   112 HBProcessor.cpp:41] Machine "nebula-storaged":9779 is not registered
I20251127 08:24:32.905292   112 HBProcessor.cpp:33] Receive heartbeat from "nebula-graphd":9669, role = GRAPH
I20251127 08:24:33.245630   112 HBProcessor.cpp:33] Receive heartbeat from "nebula-storaged":9779, role = STORAGE
I20251127 08:24:33.246593   112 HBProcessor.cpp:41] Machine "nebula-storaged":9779 is not registered
I20251127 08:24:42.924484   112 HBProcessor.cpp:33] Receive heartbeat from "nebula-graphd":9669, role = GRAPH
I20251127 08:24:43.257719   112 HBProcessor.cpp:33] Receive heartbeat from "nebula-storaged":9779, role = STORAGE
I20251127 08:24:43.258075   112 HBProcessor.cpp:41] Machine "nebula-storaged":9779 is not registered
I20251127 08:24:44.264237   112 HBProcessor.cpp:33] Receive heartbeat from "nebula-storaged":9779, role = STORAGE
I20251127 08:24:44.264925   112 HBProcessor.cpp:41] Machine "nebula-storaged":9779 is not registered
I20251127 08:24:45.270715   112 HBProcessor.cpp:33] Receive heartbeat from "nebula-storaged":9779, role = STORAGE
I20251127 08:24:45.272603   112 HBProcessor.cpp:41] Machine "nebula-storaged":9779 is not registered
I20251127 08:24:46.280726   112 HBProcessor.cpp:33] Receive heartbeat from "nebula-storaged":9779, role = STORAGE
I20251127 08:24:46.281260   112 HBProcessor.cpp:41] Machine "nebula-storaged":9779 is not registered
I20251127 08:24:52.936825   112 HBProcessor.cpp:33] Receive heartbeat from "nebula-graphd":9669, role = GRAPH
I20251127 08:24:56.290913   112 HBProcessor.cpp:33] Receive heartbeat from "nebula-storaged":9779, role = STORAGE
I20251127 08:24:56.291461   112 HBProcessor.cpp:41] Machine "nebula-storaged":9779 is not registered
I20251127 08:24:57.298496   112 HBProcessor.cpp:33] Receive heartbeat from "nebula-storaged":9779, role = STORAGE
I20251127 08:24:57.302415   112 HBProcessor.cpp:41] Machine "nebula-storaged":9779 is not registered
I20251127 08:24:58.311043   112 HBProcessor.cpp:33] Receive heartbeat from "nebula-storaged":9779, role = STORAGE
I20251127 08:24:58.311630   112 HBProcessor.cpp:41] Machine "nebula-storaged":9779 is not registered
I20251127 08:24:59.315301   112 HBProcessor.cpp:33] Receive heartbeat from "nebula-storaged":9779, role = STORAGE
I20251127 08:24:59.316212   112 HBProcessor.cpp:41] Machine "nebula-storaged":9779 is not registered
I20251127 08:25:02.955361   112 HBProcessor.cpp:33] Receive heartbeat from "nebula-graphd":9669, role = GRAPH
I20251127 08:25:09.324770   112 HBProcessor.cpp:33] Receive heartbeat from "nebula-storaged":9779, role = STORAGE
I20251127 08:25:09.325596   112 HBProcessor.cpp:41] Machine "nebula-storaged":9779 is not registered
I20251127 08:25:10.327745   112 HBProcessor.cpp:33] Receive heartbeat from "nebula-storaged":9779, role = STORAGE
I20251127 08:25:10.328472   112 HBProcessor.cpp:41] Machine "nebula-storaged":9779 is not registered
I20251127 08:25:11.331070   112 HBProcessor.cpp:33] Receive heartbeat from "nebula-storaged":9779, role = STORAGE
I20251127 08:25:11.331282   112 HBProcessor.cpp:41] Machine "nebula-storaged":9779 is not registered
I20251127 08:25:12.334954   112 HBProcessor.cpp:33] Receive heartbeat from "nebula-storaged":9779, role = STORAGE
I20251127 08:25:12.335636   112 HBProcessor.cpp:41] Machine "nebula-storaged":9779 is not registered
I20251127 08:25:12.959761   112 HBProcessor.cpp:33] Receive heartbeat from "nebula-graphd":9669, role = GRAPH
I20251127 08:25:22.346029   112 HBProcessor.cpp:33] Receive heartbeat from "nebula-storaged":9779, role = STORAGE
I20251127 08:25:22.347029   112 HBProcessor.cpp:41] Machine "nebula-storaged":9779 is not registered
I20251127 08:25:22.977988   112 HBProcessor.cpp:33] Receive heartbeat from "nebula-graphd":9669, role = GRAPH
I20251127 08:25:23.350183   112 HBProcessor.cpp:33] Receive heartbeat from "nebula-storaged":9779, role = STORAGE
I20251127 08:25:23.350616   112 HBProcessor.cpp:41] Machine "nebula-storaged":9779 is not registered
I20251127 08:25:24.353654   112 HBProcessor.cpp:33] Receive heartbeat from "nebula-storaged":9779, role = STORAGE
I20251127 08:25:24.354121   112 HBProcessor.cpp:41] Machine "nebula-storaged":9779 is not registered
I20251127 08:25:25.358273   112 HBProcessor.cpp:33] Receive heartbeat from "nebula-storaged":9779, role = STORAGE
I20251127 08:25:25.358734   112 HBProcessor.cpp:41] Machine "nebula-storaged":9779 is not registered
I20251127 08:25:32.985716   112 HBProcessor.cpp:33] Receive heartbeat from "nebula-graphd":9669, role = GRAPH
I20251127 08:25:35.369488   112 HBProcessor.cpp:33] Receive heartbeat from "nebula-storaged":9779, role = STORAGE
I20251127 08:25:35.369859   112 HBProcessor.cpp:41] Machine "nebula-storaged":9779 is not registered
I20251127 08:25:36.374867   112 HBProcessor.cpp:33] Receive heartbeat from "nebula-storaged":9779, role = STORAGE
I20251127 08:25:36.375677   112 HBProcessor.cpp:41] Machine "nebula-storaged":9779 is not registered
I20251127 08:25:37.380489   112 HBProcessor.cpp:33] Receive heartbeat from "nebula-storaged":9779, role = STORAGE
I20251127 08:25:37.381466   112 HBProcessor.cpp:41] Machine "nebula-storaged":9779 is not registered
I20251127 08:25:38.385396   112 HBProcessor.cpp:33] Receive heartbeat from "nebula-storaged":9779, role = STORAGE
I20251127 08:25:38.386101   112 HBProcessor.cpp:41] Machine "nebula-storaged":9779 is not registered
I20251127 08:25:39.461376   112 CreateSpaceProcessor.cpp:149] Replication number should less than or equal to zone number.
I20251127 08:25:43.001901   112 HBProcessor.cpp:33] Receive heartbeat from "nebula-graphd":9669, role = GRAPH
I20251127 08:25:48.393353   112 HBProcessor.cpp:33] Receive heartbeat from "nebula-storaged":9779, role = STORAGE
I20251127 08:25:48.395331   112 HBProcessor.cpp:41] Machine "nebula-storaged":9779 is not registered
I20251127 08:25:49.433187   112 HBProcessor.cpp:33] Receive heartbeat from "nebula-storaged":9779, role = STORAGE
I20251127 08:25:49.433930   112 HBProcessor.cpp:41] Machine "nebula-storaged":9779 is not registered
I20251127 08:25:50.440968   112 HBProcessor.cpp:33] Receive heartbeat from "nebula-storaged":9779, role = STORAGE
I20251127 08:25:50.441908   112 HBProcessor.cpp:41] Machine "nebula-storaged":9779 is not registered
I20251127 08:25:51.449151   112 HBProcessor.cpp:33] Receive heartbeat from "nebula-storaged":9779, role = STORAGE
I20251127 08:25:51.449380   112 HBProcessor.cpp:41] Machine "nebula-storaged":9779 is not registered
I20251127 08:25:53.021384   112 HBProcessor.cpp:33] Receive heartbeat from "nebula-graphd":9669, role = GRAPH
I20251127 08:26:01.455675   112 HBProcessor.cpp:33] Receive heartbeat from "nebula-storaged":9779, role = STORAGE
I20251127 08:26:01.456260   112 HBProcessor.cpp:41] Machine "nebula-storaged":9779 is not registered
I20251127 08:26:02.460130   112 HBProcessor.cpp:33] Receive heartbeat from "nebula-storaged":9779, role = STORAGE
I20251127 08:26:02.461066   112 HBProcessor.cpp:41] Machine "nebula-storaged":9779 is not registered
I20251127 08:26:03.032194   112 HBProcessor.cpp:33] Receive heartbeat from "nebula-graphd":9669, role = GRAPH
I20251127 08:26:03.467335   112 HBProcessor.cpp:33] Receive heartbeat from "nebula-storaged":9779, role = STORAGE
I20251127 08:26:03.468259   112 HBProcessor.cpp:41] Machine "nebula-storaged":9779 is not registered
I20251127 08:26:04.471949   112 HBProcessor.cpp:33] Receive heartbeat from "nebula-storaged":9779, role = STORAGE
I20251127 08:26:04.472743   112 HBProcessor.cpp:41] Machine "nebula-storaged":9779 is not registered
I20251127 08:26:13.053377   112 HBProcessor.cpp:33] Receive heartbeat from "nebula-graphd":9669, role = GRAPH
I20251127 08:26:14.485137   112 HBProcessor.cpp:33] Receive heartbeat from "nebula-storaged":9779, role = STORAGE
I20251127 08:26:14.485664   112 HBProcessor.cpp:41] Machine "nebula-storaged":9779 is not registered
I20251127 08:26:15.490056   112 HBProcessor.cpp:33] Receive heartbeat from "nebula-storaged":9779, role = STORAGE
I20251127 08:26:15.490837   112 HBProcessor.cpp:41] Machine "nebula-storaged":9779 is not registered
I20251127 08:26:16.498212   112 HBProcessor.cpp:33] Receive heartbeat from "nebula-storaged":9779, role = STORAGE
I20251127 08:26:16.499570   112 HBProcessor.cpp:41] Machine "nebula-storaged":9779 is not registered
I20251127 08:26:17.507440   112 HBProcessor.cpp:33] Receive heartbeat from "nebula-storaged":9779, role = STORAGE
I20251127 08:26:17.508415   112 HBProcessor.cpp:41] Machine "nebula-storaged":9779 is not registered
I20251127 08:26:23.074995   112 HBProcessor.cpp:33] Receive heartbeat from "nebula-graphd":9669, role = GRAPH
I20251127 08:26:27.516983   112 HBProcessor.cpp:33] Receive heartbeat from "nebula-storaged":9779, role = STORAGE
I20251127 08:26:27.517407   112 HBProcessor.cpp:41] Machine "nebula-storaged":9779 is not registered
I20251127 08:26:28.525789   112 HBProcessor.cpp:33] Receive heartbeat from "nebula-storaged":9779, role = STORAGE
I20251127 08:26:28.526785   112 HBProcessor.cpp:41] Machine "nebula-storaged":9779 is not registered
I20251127 08:26:29.532316   112 HBProcessor.cpp:33] Receive heartbeat from "nebula-storaged":9779, role = STORAGE
I20251127 08:26:29.533079   112 HBProcessor.cpp:41] Machine "nebula-storaged":9779 is not registered
I20251127 08:26:30.537726   112 HBProcessor.cpp:33] Receive heartbeat from "nebula-storaged":9779, role = STORAGE
I20251127 08:26:30.538980   112 HBProcessor.cpp:41] Machine "nebula-storaged":9779 is not registered
I20251127 08:26:33.090106   112 HBProcessor.cpp:33] Receive heartbeat from "nebula-graphd":9669, role = GRAPH
I20251127 08:26:40.544781   112 HBProcessor.cpp:33] Receive heartbeat from "nebula-storaged":9779, role = STORAGE
I20251127 08:26:40.546054   112 HBProcessor.cpp:41] Machine "nebula-storaged":9779 is not registered
I20251127 08:26:41.554939   112 HBProcessor.cpp:33] Receive heartbeat from "nebula-storaged":9779, role = STORAGE
I20251127 08:26:41.555996   112 HBProcessor.cpp:41] Machine "nebula-storaged":9779 is not registered
I20251127 08:26:42.561182   112 HBProcessor.cpp:33] Receive heartbeat from "nebula-storaged":9779, role = STORAGE
I20251127 08:26:42.562155   112 HBProcessor.cpp:41] Machine "nebula-storaged":9779 is not registered
I20251127 08:26:43.105093   112 HBProcessor.cpp:33] Receive heartbeat from "nebula-graphd":9669, role = GRAPH
I20251127 08:26:43.569285   112 HBProcessor.cpp:33] Receive heartbeat from "nebula-storaged":9779, role = STORAGE
I20251127 08:26:43.570905   112 HBProcessor.cpp:41] Machine "nebula-storaged":9779 is not registered
I20251127 08:26:53.118112   112 HBProcessor.cpp:33] Receive heartbeat from "nebula-graphd":9669, role = GRAPH
I20251127 08:26:53.591199   112 HBProcessor.cpp:33] Receive heartbeat from "nebula-storaged":9779, role = STORAGE
I20251127 08:26:53.591392   112 HBProcessor.cpp:41] Machine "nebula-storaged":9779 is not registered
I20251127 08:26:54.594806   112 HBProcessor.cpp:33] Receive heartbeat from "nebula-storaged":9779, role = STORAGE
I20251127 08:26:54.595322   112 HBProcessor.cpp:41] Machine "nebula-storaged":9779 is not registered
I20251127 08:26:55.598202   112 HBProcessor.cpp:33] Receive heartbeat from "nebula-storaged":9779, role = STORAGE
I20251127 08:26:55.598896   112 HBProcessor.cpp:41] Machine "nebula-storaged":9779 is not registered
I20251127 08:26:56.601783   112 HBProcessor.cpp:33] Receive heartbeat from "nebula-storaged":9779, role = STORAGE
I20251127 08:26:56.602065   112 HBProcessor.cpp:41] Machine "nebula-storaged":9779 is not registered
I20251127 08:27:03.138191   112 HBProcessor.cpp:33] Receive heartbeat from "nebula-graphd":9669, role = GRAPH
I20251127 08:27:06.611397   112 HBProcessor.cpp:33] Receive heartbeat from "nebula-storaged":9779, role = STORAGE
I20251127 08:27:06.612000   112 HBProcessor.cpp:41] Machine "nebula-storaged":9779 is not registered
I20251127 08:27:07.615836   112 HBProcessor.cpp:33] Receive heartbeat from "nebula-storaged":9779, role = STORAGE
I20251127 08:27:07.616570   112 HBProcessor.cpp:41] Machine "nebula-storaged":9779 is not registered
I20251127 08:27:08.619966   112 HBProcessor.cpp:33] Receive heartbeat from "nebula-storaged":9779, role = STORAGE
I20251127 08:27:08.621047   112 HBProcessor.cpp:41] Machine "nebula-storaged":9779 is not registered
I20251127 08:27:09.622448   112 HBProcessor.cpp:33] Receive heartbeat from "nebula-storaged":9779, role = STORAGE
I20251127 08:27:09.622933   112 HBProcessor.cpp:41] Machine "nebula-storaged":9779 is not registered
I20251127 08:27:13.148394   112 HBProcessor.cpp:33] Receive heartbeat from "nebula-graphd":9669, role = GRAPH
I20251127 08:27:19.625834   112 HBProcessor.cpp:33] Receive heartbeat from "nebula-storaged":9779, role = STORAGE
I20251127 08:27:19.626600   112 HBProcessor.cpp:41] Machine "nebula-storaged":9779 is not registered
I20251127 08:27:20.630050   112 HBProcessor.cpp:33] Receive heartbeat from "nebula-storaged":9779, role = STORAGE
I20251127 08:27:20.630923   112 HBProcessor.cpp:41] Machine "nebula-storaged":9779 is not registered
I20251127 08:27:21.638096   112 HBProcessor.cpp:33] Receive heartbeat from "nebula-storaged":9779, role = STORAGE
I20251127 08:27:21.639032   112 HBProcessor.cpp:41] Machine "nebula-storaged":9779 is not registered
I20251127 08:27:22.642452   112 HBProcessor.cpp:33] Receive heartbeat from "nebula-storaged":9779, role = STORAGE
I20251127 08:27:22.643126   112 HBProcessor.cpp:41] Machine "nebula-storaged":9779 is not registered
I20251127 08:27:23.162267   112 HBProcessor.cpp:33] Receive heartbeat from "nebula-graphd":9669, role = GRAPH
I20251127 08:27:24.646835   112 CreateSpaceProcessor.cpp:149] Replication number should less than or equal to zone number.
I20251127 08:27:32.652794   112 HBProcessor.cpp:33] Receive heartbeat from "nebula-storaged":9779, role = STORAGE
I20251127 08:27:32.653796   112 HBProcessor.cpp:41] Machine "nebula-storaged":9779 is not registered
I20251127 08:27:33.170742   112 HBProcessor.cpp:33] Receive heartbeat from "nebula-graphd":9669, role = GRAPH
I20251127 08:27:33.659013   112 HBProcessor.cpp:33] Receive heartbeat from "nebula-storaged":9779, role = STORAGE
I20251127 08:27:33.659377   112 HBProcessor.cpp:41] Machine "nebula-storaged":9779 is not registered
I20251127 08:27:34.664662   112 HBProcessor.cpp:33] Receive heartbeat from "nebula-storaged":9779, role = STORAGE
I20251127 08:27:34.665511   112 HBProcessor.cpp:41] Machine "nebula-storaged":9779 is not registered
I20251127 08:27:35.670094   112 HBProcessor.cpp:33] Receive heartbeat from "nebula-storaged":9779, role = STORAGE
I20251127 08:27:35.670436   112 HBProcessor.cpp:41] Machine "nebula-storaged":9779 is not registered
I20251127 08:27:43.188242   112 HBProcessor.cpp:33] Receive heartbeat from "nebula-graphd":9669, role = GRAPH
I20251127 08:27:45.679061   112 HBProcessor.cpp:33] Receive heartbeat from "nebula-storaged":9779, role = STORAGE
I20251127 08:27:45.679560   112 HBProcessor.cpp:41] Machine "nebula-storaged":9779 is not registered
I20251127 08:27:46.687520   112 HBProcessor.cpp:33] Receive heartbeat from "nebula-storaged":9779, role = STORAGE
I20251127 08:27:46.688567   112 HBProcessor.cpp:41] Machine "nebula-storaged":9779 is not registered
I20251127 08:27:47.692453   112 HBProcessor.cpp:33] Receive heartbeat from "nebula-storaged":9779, role = STORAGE
I20251127 08:27:47.693324   112 HBProcessor.cpp:41] Machine "nebula-storaged":9779 is not registered
I20251127 08:27:48.697665   112 HBProcessor.cpp:33] Receive heartbeat from "nebula-storaged":9779, role = STORAGE
I20251127 08:27:48.698294   112 HBProcessor.cpp:41] Machine "nebula-storaged":9779 is not registered
I20251127 08:27:53.203780   112 HBProcessor.cpp:33] Receive heartbeat from "nebula-graphd":9669, role = GRAPH
I20251127 08:27:56.096935   112 CreateSpaceProcessor.cpp:149] Replication number should less than or equal to zone number.
I20251127 08:27:58.707707   112 HBProcessor.cpp:33] Receive heartbeat from "nebula-storaged":9779, role = STORAGE
I20251127 08:27:58.708178   112 HBProcessor.cpp:41] Machine "nebula-storaged":9779 is not registered
I20251127 08:27:59.715587   112 HBProcessor.cpp:33] Receive heartbeat from "nebula-storaged":9779, role = STORAGE
I20251127 08:27:59.715752   112 HBProcessor.cpp:41] Machine "nebula-storaged":9779 is not registered
I20251127 08:28:00.718135   112 HBProcessor.cpp:33] Receive heartbeat from "nebula-storaged":9779, role = STORAGE
I20251127 08:28:00.719170   112 HBProcessor.cpp:41] Machine "nebula-storaged":9779 is not registered
I20251127 08:28:01.722043   112 HBProcessor.cpp:33] Receive heartbeat from "nebula-storaged":9779, role = STORAGE
I20251127 08:28:01.722638   112 HBProcessor.cpp:41] Machine "nebula-storaged":9779 is not registered
I20251127 08:28:03.211938   112 HBProcessor.cpp:33] Receive heartbeat from "nebula-graphd":9669, role = GRAPH
I20251127 08:28:11.731899   112 HBProcessor.cpp:33] Receive heartbeat from "nebula-storaged":9779, role = STORAGE
I20251127 08:28:11.735998   112 HBProcessor.cpp:41] Machine "nebula-storaged":9779 is not registered
I20251127 08:28:12.743552   112 HBProcessor.cpp:33] Receive heartbeat from "nebula-storaged":9779, role = STORAGE
I20251127 08:28:12.744307   112 HBProcessor.cpp:41] Machine "nebula-storaged":9779 is not registered
I20251127 08:28:13.226482   112 HBProcessor.cpp:33] Receive heartbeat from "nebula-graphd":9669, role = GRAPH
I20251127 08:28:13.749593   112 HBProcessor.cpp:33] Receive heartbeat from "nebula-storaged":9779, role = STORAGE
I20251127 08:28:13.749974   112 HBProcessor.cpp:41] Machine "nebula-storaged":9779 is not registered
I20251127 08:28:14.752810   112 HBProcessor.cpp:33] Receive heartbeat from "nebula-storaged":9779, role = STORAGE
I20251127 08:28:14.753314   112 HBProcessor.cpp:41] Machine "nebula-storaged":9779 is not registered
I20251127 08:28:23.242388   112 HBProcessor.cpp:33] Receive heartbeat from "nebula-graphd":9669, role = GRAPH
I20251127 08:28:24.763059   112 HBProcessor.cpp:33] Receive heartbeat from "nebula-storaged":9779, role = STORAGE
I20251127 08:28:24.763592   112 HBProcessor.cpp:41] Machine "nebula-storaged":9779 is not registered
I20251127 08:28:25.770860   112 HBProcessor.cpp:33] Receive heartbeat from "nebula-storaged":9779, role = STORAGE
I20251127 08:28:25.771319   112 HBProcessor.cpp:41] Machine "nebula-storaged":9779 is not registered
I20251127 08:28:26.779367   112 HBProcessor.cpp:33] Receive heartbeat from "nebula-storaged":9779, role = STORAGE
I20251127 08:28:26.780432   112 HBProcessor.cpp:41] Machine "nebula-storaged":9779 is not registered
I20251127 08:28:27.792019   112 HBProcessor.cpp:33] Receive heartbeat from "nebula-storaged":9779, role = STORAGE
I20251127 08:28:27.792498   112 HBProcessor.cpp:41] Machine "nebula-storaged":9779 is not registered
I20251127 08:28:33.263967   112 HBProcessor.cpp:33] Receive heartbeat from "nebula-graphd":9669, role = GRAPH
I20251127 08:28:37.803959   112 HBProcessor.cpp:33] Receive heartbeat from "nebula-storaged":9779, role = STORAGE
I20251127 08:28:37.804596   112 HBProcessor.cpp:41] Machine "nebula-storaged":9779 is not registered
I20251127 08:28:38.809159   112 HBProcessor.cpp:33] Receive heartbeat from "nebula-storaged":9779, role = STORAGE
I20251127 08:28:38.809994   112 HBProcessor.cpp:41] Machine "nebula-storaged":9779 is not registered
I20251127 08:28:39.815057   112 HBProcessor.cpp:33] Receive heartbeat from "nebula-storaged":9779, role = STORAGE
I20251127 08:28:39.815601   112 HBProcessor.cpp:41] Machine "nebula-storaged":9779 is not registered
I20251127 08:28:40.819067   112 HBProcessor.cpp:33] Receive heartbeat from "nebula-storaged":9779, role = STORAGE
I20251127 08:28:40.819788   112 HBProcessor.cpp:41] Machine "nebula-storaged":9779 is not registered
I20251127 08:28:43.283936   112 HBProcessor.cpp:33] Receive heartbeat from "nebula-graphd":9669, role = GRAPH
I20251127 08:28:50.826586   112 HBProcessor.cpp:33] Receive heartbeat from "nebula-storaged":9779, role = STORAGE
I20251127 08:28:50.827291   112 HBProcessor.cpp:41] Machine "nebula-storaged":9779 is not registered
I20251127 08:28:51.830799   112 HBProcessor.cpp:33] Receive heartbeat from "nebula-storaged":9779, role = STORAGE
I20251127 08:28:51.831121   112 HBProcessor.cpp:41] Machine "nebula-storaged":9779 is not registered
I20251127 08:28:52.834676   112 HBProcessor.cpp:33] Receive heartbeat from "nebula-storaged":9779, role = STORAGE
I20251127 08:28:52.835172   112 HBProcessor.cpp:41] Machine "nebula-storaged":9779 is not registered
I20251127 08:28:53.304148   112 HBProcessor.cpp:33] Receive heartbeat from "nebula-graphd":9669, role = GRAPH
I20251127 08:28:53.839329   112 HBProcessor.cpp:33] Receive heartbeat from "nebula-storaged":9779, role = STORAGE
I20251127 08:28:53.839907   112 HBProcessor.cpp:41] Machine "nebula-storaged":9779 is not registered
I20251127 08:29:03.318789   112 HBProcessor.cpp:33] Receive heartbeat from "nebula-graphd":9669, role = GRAPH
I20251127 08:29:03.847026   112 HBProcessor.cpp:33] Receive heartbeat from "nebula-storaged":9779, role = STORAGE
I20251127 08:29:03.847476   112 HBProcessor.cpp:41] Machine "nebula-storaged":9779 is not registered
I20251127 08:29:04.851187   112 HBProcessor.cpp:33] Receive heartbeat from "nebula-storaged":9779, role = STORAGE
I20251127 08:29:04.852043   112 HBProcessor.cpp:41] Machine "nebula-storaged":9779 is not registered
I20251127 08:29:05.855489   112 HBProcessor.cpp:33] Receive heartbeat from "nebula-storaged":9779, role = STORAGE
I20251127 08:29:05.856254   112 HBProcessor.cpp:41] Machine "nebula-storaged":9779 is not registered
I20251127 08:29:06.861550   112 HBProcessor.cpp:33] Receive heartbeat from "nebula-storaged":9779, role = STORAGE
I20251127 08:29:06.862625   112 HBProcessor.cpp:41] Machine "nebula-storaged":9779 is not registered
I20251127 08:29:13.334468   112 HBProcessor.cpp:33] Receive heartbeat from "nebula-graphd":9669, role = GRAPH
I20251127 08:29:16.873454   112 HBProcessor.cpp:33] Receive heartbeat from "nebula-storaged":9779, role = STORAGE
I20251127 08:29:16.873912   112 HBProcessor.cpp:41] Machine "nebula-storaged":9779 is not registered
I20251127 08:29:17.882887   112 HBProcessor.cpp:33] Receive heartbeat from "nebula-storaged":9779, role = STORAGE
I20251127 08:29:17.883706   112 HBProcessor.cpp:41] Machine "nebula-storaged":9779 is not registered
I20251127 08:29:18.888796   112 HBProcessor.cpp:33] Receive heartbeat from "nebula-storaged":9779, role = STORAGE
I20251127 08:29:18.889395   112 HBProcessor.cpp:41] Machine "nebula-storaged":9779 is not registered
I20251127 08:29:19.893863   112 HBProcessor.cpp:33] Receive heartbeat from "nebula-storaged":9779, role = STORAGE
I20251127 08:29:19.894661   112 HBProcessor.cpp:41] Machine "nebula-storaged":9779 is not registered
I20251127 08:29:23.347713   112 HBProcessor.cpp:33] Receive heartbeat from "nebula-graphd":9669, role = GRAPH
I20251127 08:29:29.908465   112 HBProcessor.cpp:33] Receive heartbeat from "nebula-storaged":9779, role = STORAGE
I20251127 08:29:29.909761   112 HBProcessor.cpp:41] Machine "nebula-storaged":9779 is not registered
I20251127 08:29:30.913566   112 HBProcessor.cpp:33] Receive heartbeat from "nebula-storaged":9779, role = STORAGE
I20251127 08:29:30.914211   112 HBProcessor.cpp:41] Machine "nebula-storaged":9779 is not registered
I20251127 08:29:31.917276   112 HBProcessor.cpp:33] Receive heartbeat from "nebula-storaged":9779, role = STORAGE
I20251127 08:29:31.917553   112 HBProcessor.cpp:41] Machine "nebula-storaged":9779 is not registered
I20251127 08:29:32.920234   112 HBProcessor.cpp:33] Receive heartbeat from "nebula-storaged":9779, role = STORAGE
I20251127 08:29:32.920583   112 HBProcessor.cpp:41] Machine "nebula-storaged":9779 is not registered
I20251127 08:29:33.357046   112 HBProcessor.cpp:33] Receive heartbeat from "nebula-graphd":9669, role = GRAPH
I20251127 08:29:42.930262   112 HBProcessor.cpp:33] Receive heartbeat from "nebula-storaged":9779, role = STORAGE
I20251127 08:29:42.931661   112 HBProcessor.cpp:41] Machine "nebula-storaged":9779 is not registered
I20251127 08:29:43.367004   112 HBProcessor.cpp:33] Receive heartbeat from "nebula-graphd":9669, role = GRAPH
I20251127 08:29:43.934051   112 HBProcessor.cpp:33] Receive heartbeat from "nebula-storaged":9779, role = STORAGE
I20251127 08:29:43.934444   112 HBProcessor.cpp:41] Machine "nebula-storaged":9779 is not registered
I20251127 08:29:44.937161   112 HBProcessor.cpp:33] Receive heartbeat from "nebula-storaged":9779, role = STORAGE
I20251127 08:29:44.937516   112 HBProcessor.cpp:41] Machine "nebula-storaged":9779 is not registered
I20251127 08:29:45.940881   112 HBProcessor.cpp:33] Receive heartbeat from "nebula-storaged":9779, role = STORAGE
I20251127 08:29:45.941553   112 HBProcessor.cpp:41] Machine "nebula-storaged":9779 is not registered
I20251127 08:29:53.389371   112 HBProcessor.cpp:33] Receive heartbeat from "nebula-graphd":9669, role = GRAPH
I20251127 08:29:55.951134   112 HBProcessor.cpp:33] Receive heartbeat from "nebula-storaged":9779, role = STORAGE
I20251127 08:29:55.951490   112 HBProcessor.cpp:41] Machine "nebula-storaged":9779 is not registered
I20251127 08:29:56.958874   112 HBProcessor.cpp:33] Receive heartbeat from "nebula-storaged":9779, role = STORAGE
I20251127 08:29:56.959298   112 HBProcessor.cpp:41] Machine "nebula-storaged":9779 is not registered
I20251127 08:29:57.963626   112 HBProcessor.cpp:33] Receive heartbeat from "nebula-storaged":9779, role = STORAGE
I20251127 08:29:57.964282   112 HBProcessor.cpp:41] Machine "nebula-storaged":9779 is not registered
I20251127 08:29:58.970496   112 HBProcessor.cpp:33] Receive heartbeat from "nebula-storaged":9779, role = STORAGE
I20251127 08:29:58.971364   112 HBProcessor.cpp:41] Machine "nebula-storaged":9779 is not registered
I20251127 08:30:03.399957   112 HBProcessor.cpp:33] Receive heartbeat from "nebula-graphd":9669, role = GRAPH
I20251127 08:30:08.984923   112 HBProcessor.cpp:33] Receive heartbeat from "nebula-storaged":9779, role = STORAGE
I20251127 08:30:08.985715   112 HBProcessor.cpp:41] Machine "nebula-storaged":9779 is not registered
I20251127 08:30:09.989495   112 HBProcessor.cpp:33] Receive heartbeat from "nebula-storaged":9779, role = STORAGE
I20251127 08:30:09.990307   112 HBProcessor.cpp:41] Machine "nebula-storaged":9779 is not registered
I20251127 08:30:10.998485   112 HBProcessor.cpp:33] Receive heartbeat from "nebula-storaged":9779, role = STORAGE
I20251127 08:30:10.999532   112 HBProcessor.cpp:41] Machine "nebula-storaged":9779 is not registered
I20251127 08:30:12.002980   112 HBProcessor.cpp:33] Receive heartbeat from "nebula-storaged":9779, role = STORAGE
I20251127 08:30:12.003247   112 HBProcessor.cpp:41] Machine "nebula-storaged":9779 is not registered
I20251127 08:30:13.416702   112 HBProcessor.cpp:33] Receive heartbeat from "nebula-graphd":9669, role = GRAPH
I20251127 08:30:22.007594   112 HBProcessor.cpp:33] Receive heartbeat from "nebula-storaged":9779, role = STORAGE
I20251127 08:30:22.008430   112 HBProcessor.cpp:41] Machine "nebula-storaged":9779 is not registered
I20251127 08:30:23.012863   112 HBProcessor.cpp:33] Receive heartbeat from "nebula-storaged":9779, role = STORAGE
I20251127 08:30:23.013602   112 HBProcessor.cpp:41] Machine "nebula-storaged":9779 is not registered
I20251127 08:30:23.422003   112 HBProcessor.cpp:33] Receive heartbeat from "nebula-graphd":9669, role = GRAPH
I20251127 08:30:24.017827   112 HBProcessor.cpp:33] Receive heartbeat from "nebula-storaged":9779, role = STORAGE
I20251127 08:30:24.018615   112 HBProcessor.cpp:41] Machine "nebula-storaged":9779 is not registered
I20251127 08:30:25.023029   112 HBProcessor.cpp:33] Receive heartbeat from "nebula-storaged":9779, role = STORAGE
I20251127 08:30:25.023808   112 HBProcessor.cpp:41] Machine "nebula-storaged":9779 is not registered
I20251127 08:30:33.430061   112 HBProcessor.cpp:33] Receive heartbeat from "nebula-graphd":9669, role = GRAPH
I20251127 08:30:35.031469   112 HBProcessor.cpp:33] Receive heartbeat from "nebula-storaged":9779, role = STORAGE
I20251127 08:30:35.031978   112 HBProcessor.cpp:41] Machine "nebula-storaged":9779 is not registered
I20251127 08:30:36.035910   112 HBProcessor.cpp:33] Receive heartbeat from "nebula-storaged":9779, role = STORAGE
I20251127 08:30:36.036752   112 HBProcessor.cpp:41] Machine "nebula-storaged":9779 is not registered
I20251127 08:30:37.040596   112 HBProcessor.cpp:33] Receive heartbeat from "nebula-storaged":9779, role = STORAGE
I20251127 08:30:37.041422   112 HBProcessor.cpp:41] Machine "nebula-storaged":9779 is not registered
I20251127 08:30:38.047376   112 HBProcessor.cpp:33] Receive heartbeat from "nebula-storaged":9779, role = STORAGE
I20251127 08:30:38.048420   112 HBProcessor.cpp:41] Machine "nebula-storaged":9779 is not registered
I20251127 08:30:43.445875   112 HBProcessor.cpp:33] Receive heartbeat from "nebula-graphd":9669, role = GRAPH
I20251127 08:30:48.059365   112 HBProcessor.cpp:33] Receive heartbeat from "nebula-storaged":9779, role = STORAGE
I20251127 08:30:48.059774   112 HBProcessor.cpp:41] Machine "nebula-storaged":9779 is not registered
I20251127 08:30:49.063035   112 HBProcessor.cpp:33] Receive heartbeat from "nebula-storaged":9779, role = STORAGE
I20251127 08:30:49.063604   112 HBProcessor.cpp:41] Machine "nebula-storaged":9779 is not registered
I20251127 08:30:50.066176   112 HBProcessor.cpp:33] Receive heartbeat from "nebula-storaged":9779, role = STORAGE
I20251127 08:30:50.066790   112 HBProcessor.cpp:41] Machine "nebula-storaged":9779 is not registered
I20251127 08:30:51.074007   112 HBProcessor.cpp:33] Receive heartbeat from "nebula-storaged":9779, role = STORAGE
I20251127 08:30:51.074815   112 HBProcessor.cpp:41] Machine "nebula-storaged":9779 is not registered
I20251127 08:30:53.463583   112 HBProcessor.cpp:33] Receive heartbeat from "nebula-graphd":9669, role = GRAPH
I20251127 08:31:01.082690   112 HBProcessor.cpp:33] Receive heartbeat from "nebula-storaged":9779, role = STORAGE
I20251127 08:31:01.084404   112 HBProcessor.cpp:41] Machine "nebula-storaged":9779 is not registered
I20251127 08:31:02.089638   112 HBProcessor.cpp:33] Receive heartbeat from "nebula-storaged":9779, role = STORAGE
I20251127 08:31:02.090418   112 HBProcessor.cpp:41] Machine "nebula-storaged":9779 is not registered
I20251127 08:31:03.092435   112 HBProcessor.cpp:33] Receive heartbeat from "nebula-storaged":9779, role = STORAGE
I20251127 08:31:03.092832   112 HBProcessor.cpp:41] Machine "nebula-storaged":9779 is not registered
I20251127 08:31:03.480463   112 HBProcessor.cpp:33] Receive heartbeat from "nebula-graphd":9669, role = GRAPH
I20251127 08:31:04.098083   112 HBProcessor.cpp:33] Receive heartbeat from "nebula-storaged":9779, role = STORAGE
I20251127 08:31:04.098757   112 HBProcessor.cpp:41] Machine "nebula-storaged":9779 is not registered
I20251127 08:31:13.488710   112 HBProcessor.cpp:33] Receive heartbeat from "nebula-graphd":9669, role = GRAPH
I20251127 08:31:14.106802   112 HBProcessor.cpp:33] Receive heartbeat from "nebula-storaged":9779, role = STORAGE
I20251127 08:31:14.107244   112 HBProcessor.cpp:41] Machine "nebula-storaged":9779 is not registered
I20251127 08:31:15.110220   112 HBProcessor.cpp:33] Receive heartbeat from "nebula-storaged":9779, role = STORAGE
I20251127 08:31:15.111052   112 HBProcessor.cpp:41] Machine "nebula-storaged":9779 is not registered
I20251127 08:31:16.115384   112 HBProcessor.cpp:33] Receive heartbeat from "nebula-storaged":9779, role = STORAGE
I20251127 08:31:16.116024   112 HBProcessor.cpp:41] Machine "nebula-storaged":9779 is not registered
I20251127 08:31:17.118685   112 HBProcessor.cpp:33] Receive heartbeat from "nebula-storaged":9779, role = STORAGE
I20251127 08:31:17.119539   112 HBProcessor.cpp:41] Machine "nebula-storaged":9779 is not registered
I20251127 08:31:23.499356   112 HBProcessor.cpp:33] Receive heartbeat from "nebula-graphd":9669, role = GRAPH
I20251127 08:31:27.126734   112 HBProcessor.cpp:33] Receive heartbeat from "nebula-storaged":9779, role = STORAGE
I20251127 08:31:27.127220   112 HBProcessor.cpp:41] Machine "nebula-storaged":9779 is not registered
I20251127 08:31:28.130992   112 HBProcessor.cpp:33] Receive heartbeat from "nebula-storaged":9779, role = STORAGE
I20251127 08:31:28.131698   112 HBProcessor.cpp:41] Machine "nebula-storaged":9779 is not registered
I20251127 08:31:29.135656   112 HBProcessor.cpp:33] Receive heartbeat from "nebula-storaged":9779, role = STORAGE
I20251127 08:31:29.136158   112 HBProcessor.cpp:41] Machine "nebula-storaged":9779 is not registered
I20251127 08:31:30.139647   112 HBProcessor.cpp:33] Receive heartbeat from "nebula-storaged":9779, role = STORAGE
I20251127 08:31:30.141074   112 HBProcessor.cpp:41] Machine "nebula-storaged":9779 is not registered
I20251127 08:31:33.519641   112 HBProcessor.cpp:33] Receive heartbeat from "nebula-graphd":9669, role = GRAPH
I20251127 08:31:40.147054   112 HBProcessor.cpp:33] Receive heartbeat from "nebula-storaged":9779, role = STORAGE
I20251127 08:31:40.147742   112 HBProcessor.cpp:41] Machine "nebula-storaged":9779 is not registered
I20251127 08:31:41.149214   112 HBProcessor.cpp:33] Receive heartbeat from "nebula-storaged":9779, role = STORAGE
I20251127 08:31:41.149559   112 HBProcessor.cpp:41] Machine "nebula-storaged":9779 is not registered
I20251127 08:31:42.152547   112 HBProcessor.cpp:33] Receive heartbeat from "nebula-storaged":9779, role = STORAGE
I20251127 08:31:42.153388   112 HBProcessor.cpp:41] Machine "nebula-storaged":9779 is not registered
I20251127 08:31:43.157538   112 HBProcessor.cpp:33] Receive heartbeat from "nebula-storaged":9779, role = STORAGE
I20251127 08:31:43.158066   112 HBProcessor.cpp:41] Machine "nebula-storaged":9779 is not registered
I20251127 08:31:43.524169   112 HBProcessor.cpp:33] Receive heartbeat from "nebula-graphd":9669, role = GRAPH
I20251127 08:31:53.163203   112 HBProcessor.cpp:33] Receive heartbeat from "nebula-storaged":9779, role = STORAGE
I20251127 08:31:53.164249   112 HBProcessor.cpp:41] Machine "nebula-storaged":9779 is not registered
I20251127 08:31:53.532527   112 HBProcessor.cpp:33] Receive heartbeat from "nebula-graphd":9669, role = GRAPH
I20251127 08:31:54.167919   112 HBProcessor.cpp:33] Receive heartbeat from "nebula-storaged":9779, role = STORAGE
I20251127 08:31:54.168537   112 HBProcessor.cpp:41] Machine "nebula-storaged":9779 is not registered
I20251127 08:31:55.173096   112 HBProcessor.cpp:33] Receive heartbeat from "nebula-storaged":9779, role = STORAGE
I20251127 08:31:55.174042   112 HBProcessor.cpp:41] Machine "nebula-storaged":9779 is not registered
I20251127 08:31:56.178118   112 HBProcessor.cpp:33] Receive heartbeat from "nebula-storaged":9779, role = STORAGE
I20251127 08:31:56.179018   112 HBProcessor.cpp:41] Machine "nebula-storaged":9779 is not registered
I20251127 08:32:03.537695   112 HBProcessor.cpp:33] Receive heartbeat from "nebula-graphd":9669, role = GRAPH
I20251127 08:32:06.187069   112 HBProcessor.cpp:33] Receive heartbeat from "nebula-storaged":9779, role = STORAGE
I20251127 08:32:06.187602   112 HBProcessor.cpp:41] Machine "nebula-storaged":9779 is not registered
I20251127 08:32:07.192373   112 HBProcessor.cpp:33] Receive heartbeat from "nebula-storaged":9779, role = STORAGE
I20251127 08:32:07.193194   112 HBProcessor.cpp:41] Machine "nebula-storaged":9779 is not registered
I20251127 08:32:08.230053   112 HBProcessor.cpp:33] Receive heartbeat from "nebula-storaged":9779, role = STORAGE
I20251127 08:32:08.234113   112 HBProcessor.cpp:41] Machine "nebula-storaged":9779 is not registered
I20251127 08:32:09.237262   112 HBProcessor.cpp:33] Receive heartbeat from "nebula-storaged":9779, role = STORAGE
I20251127 08:32:09.238916   112 HBProcessor.cpp:41] Machine "nebula-storaged":9779 is not registered
I20251127 08:32:13.558534   112 HBProcessor.cpp:33] Receive heartbeat from "nebula-graphd":9669, role = GRAPH
I20251127 08:32:19.244488   112 HBProcessor.cpp:33] Receive heartbeat from "nebula-storaged":9779, role = STORAGE
I20251127 08:32:19.247862   112 HBProcessor.cpp:41] Machine "nebula-storaged":9779 is not registered
I20251127 08:32:20.251724   112 HBProcessor.cpp:33] Receive heartbeat from "nebula-storaged":9779, role = STORAGE
I20251127 08:32:20.252219   112 HBProcessor.cpp:41] Machine "nebula-storaged":9779 is not registered
I20251127 08:32:21.255698   112 HBProcessor.cpp:33] Receive heartbeat from "nebula-storaged":9779, role = STORAGE
I20251127 08:32:21.256274   112 HBProcessor.cpp:41] Machine "nebula-storaged":9779 is not registered
I20251127 08:32:22.260578   112 HBProcessor.cpp:33] Receive heartbeat from "nebula-storaged":9779, role = STORAGE
I20251127 08:32:22.261276   112 HBProcessor.cpp:41] Machine "nebula-storaged":9779 is not registered
I20251127 08:32:23.574122   112 HBProcessor.cpp:33] Receive heartbeat from "nebula-graphd":9669, role = GRAPH
I20251127 08:32:32.272665   112 HBProcessor.cpp:33] Receive heartbeat from "nebula-storaged":9779, role = STORAGE
I20251127 08:32:32.276997   112 HBProcessor.cpp:41] Machine "nebula-storaged":9779 is not registered
I20251127 08:32:33.281438   112 HBProcessor.cpp:33] Receive heartbeat from "nebula-storaged":9779, role = STORAGE
I20251127 08:32:33.282043   112 HBProcessor.cpp:41] Machine "nebula-storaged":9779 is not registered
I20251127 08:32:33.596626   112 HBProcessor.cpp:33] Receive heartbeat from "nebula-graphd":9669, role = GRAPH
I20251127 08:32:34.284655   112 HBProcessor.cpp:33] Receive heartbeat from "nebula-storaged":9779, role = STORAGE
I20251127 08:32:34.284994   112 HBProcessor.cpp:41] Machine "nebula-storaged":9779 is not registered
I20251127 08:32:35.288028   112 HBProcessor.cpp:33] Receive heartbeat from "nebula-storaged":9779, role = STORAGE
I20251127 08:32:35.288910   112 HBProcessor.cpp:41] Machine "nebula-storaged":9779 is not registered
I20251127 08:32:43.606669   112 HBProcessor.cpp:33] Receive heartbeat from "nebula-graphd":9669, role = GRAPH
I20251127 08:32:45.300779   112 HBProcessor.cpp:33] Receive heartbeat from "nebula-storaged":9779, role = STORAGE
I20251127 08:32:45.301322   112 HBProcessor.cpp:41] Machine "nebula-storaged":9779 is not registered
I20251127 08:32:46.304704   112 HBProcessor.cpp:33] Receive heartbeat from "nebula-storaged":9779, role = STORAGE
I20251127 08:32:46.305420   112 HBProcessor.cpp:41] Machine "nebula-storaged":9779 is not registered
I20251127 08:32:47.309262   112 HBProcessor.cpp:33] Receive heartbeat from "nebula-storaged":9779, role = STORAGE
I20251127 08:32:47.310386   112 HBProcessor.cpp:41] Machine "nebula-storaged":9779 is not registered
I20251127 08:32:48.313033   112 HBProcessor.cpp:33] Receive heartbeat from "nebula-storaged":9779, role = STORAGE
I20251127 08:32:48.313961   112 HBProcessor.cpp:41] Machine "nebula-storaged":9779 is not registered
I20251127 08:32:53.612535   112 HBProcessor.cpp:33] Receive heartbeat from "nebula-graphd":9669, role = GRAPH
I20251127 08:32:58.323872   112 HBProcessor.cpp:33] Receive heartbeat from "nebula-storaged":9779, role = STORAGE
I20251127 08:32:58.324775   112 HBProcessor.cpp:41] Machine "nebula-storaged":9779 is not registered
I20251127 08:32:59.327832   112 HBProcessor.cpp:33] Receive heartbeat from "nebula-storaged":9779, role = STORAGE
I20251127 08:32:59.328033   112 HBProcessor.cpp:41] Machine "nebula-storaged":9779 is not registered
I20251127 08:33:00.330344   112 HBProcessor.cpp:33] Receive heartbeat from "nebula-storaged":9779, role = STORAGE
I20251127 08:33:00.330513   112 HBProcessor.cpp:41] Machine "nebula-storaged":9779 is not registered
I20251127 08:33:01.334821   112 HBProcessor.cpp:33] Receive heartbeat from "nebula-storaged":9779, role = STORAGE
I20251127 08:33:01.338637   112 HBProcessor.cpp:41] Machine "nebula-storaged":9779 is not registered
I20251127 08:33:03.636976   112 HBProcessor.cpp:33] Receive heartbeat from "nebula-graphd":9669, role = GRAPH
I20251127 08:33:11.358673   112 HBProcessor.cpp:33] Receive heartbeat from "nebula-storaged":9779, role = STORAGE
I20251127 08:33:11.358929   112 HBProcessor.cpp:41] Machine "nebula-storaged":9779 is not registered
I20251127 08:33:12.364468   112 HBProcessor.cpp:33] Receive heartbeat from "nebula-storaged":9779, role = STORAGE
I20251127 08:33:12.365357   112 HBProcessor.cpp:41] Machine "nebula-storaged":9779 is not registered
I20251127 08:33:13.368307   112 HBProcessor.cpp:33] Receive heartbeat from "nebula-storaged":9779, role = STORAGE
I20251127 08:33:13.368788   112 HBProcessor.cpp:41] Machine "nebula-storaged":9779 is not registered
I20251127 08:33:13.659864   112 HBProcessor.cpp:33] Receive heartbeat from "nebula-graphd":9669, role = GRAPH
I20251127 08:33:14.372149   112 HBProcessor.cpp:33] Receive heartbeat from "nebula-storaged":9779, role = STORAGE
I20251127 08:33:14.372766   112 HBProcessor.cpp:41] Machine "nebula-storaged":9779 is not registered
I20251127 08:33:23.665162   112 HBProcessor.cpp:33] Receive heartbeat from "nebula-graphd":9669, role = GRAPH
I20251127 08:33:24.379565   112 HBProcessor.cpp:33] Receive heartbeat from "nebula-storaged":9779, role = STORAGE
I20251127 08:33:24.379901   112 HBProcessor.cpp:41] Machine "nebula-storaged":9779 is not registered
I20251127 08:33:25.381554   112 HBProcessor.cpp:33] Receive heartbeat from "nebula-storaged":9779, role = STORAGE
I20251127 08:33:25.382396   112 HBProcessor.cpp:41] Machine "nebula-storaged":9779 is not registered
I20251127 08:33:26.385385   112 HBProcessor.cpp:33] Receive heartbeat from "nebula-storaged":9779, role = STORAGE
I20251127 08:33:26.385751   112 HBProcessor.cpp:41] Machine "nebula-storaged":9779 is not registered
I20251127 08:33:27.392161   112 HBProcessor.cpp:33] Receive heartbeat from "nebula-storaged":9779, role = STORAGE
I20251127 08:33:27.393321   112 HBProcessor.cpp:41] Machine "nebula-storaged":9779 is not registered
I20251127 08:33:33.685825   112 HBProcessor.cpp:33] Receive heartbeat from "nebula-graphd":9669, role = GRAPH
I20251127 08:33:37.402220   112 HBProcessor.cpp:33] Receive heartbeat from "nebula-storaged":9779, role = STORAGE
I20251127 08:33:37.402513   112 HBProcessor.cpp:41] Machine "nebula-storaged":9779 is not registered
I20251127 08:33:38.409988   112 HBProcessor.cpp:33] Receive heartbeat from "nebula-storaged":9779, role = STORAGE
I20251127 08:33:38.410612   112 HBProcessor.cpp:41] Machine "nebula-storaged":9779 is not registered
I20251127 08:33:39.413931   112 HBProcessor.cpp:33] Receive heartbeat from "nebula-storaged":9779, role = STORAGE
I20251127 08:33:39.414392   112 HBProcessor.cpp:41] Machine "nebula-storaged":9779 is not registered
I20251127 08:33:40.420030   112 HBProcessor.cpp:33] Receive heartbeat from "nebula-storaged":9779, role = STORAGE
I20251127 08:33:40.420452   112 HBProcessor.cpp:41] Machine "nebula-storaged":9779 is not registered
I20251127 08:33:43.715692   112 HBProcessor.cpp:33] Receive heartbeat from "nebula-graphd":9669, role = GRAPH
I20251127 08:33:50.432274   112 HBProcessor.cpp:33] Receive heartbeat from "nebula-storaged":9779, role = STORAGE
I20251127 08:33:50.433894   112 HBProcessor.cpp:41] Machine "nebula-storaged":9779 is not registered
I20251127 08:33:51.437882   112 HBProcessor.cpp:33] Receive heartbeat from "nebula-storaged":9779, role = STORAGE
I20251127 08:33:51.438205   112 HBProcessor.cpp:41] Machine "nebula-storaged":9779 is not registered
I20251127 08:33:52.441927   112 HBProcessor.cpp:33] Receive heartbeat from "nebula-storaged":9779, role = STORAGE
I20251127 08:33:52.442483   112 HBProcessor.cpp:41] Machine "nebula-storaged":9779 is not registered
I20251127 08:33:53.445972   112 HBProcessor.cpp:33] Receive heartbeat from "nebula-storaged":9779, role = STORAGE
I20251127 08:33:53.446784   112 HBProcessor.cpp:41] Machine "nebula-storaged":9779 is not registered
I20251127 08:33:53.722368   112 HBProcessor.cpp:33] Receive heartbeat from "nebula-graphd":9669, role = GRAPH
I20251127 08:34:03.457883   112 HBProcessor.cpp:33] Receive heartbeat from "nebula-storaged":9779, role = STORAGE
I20251127 08:34:03.458446   112 HBProcessor.cpp:41] Machine "nebula-storaged":9779 is not registered
I20251127 08:34:03.732105   112 HBProcessor.cpp:33] Receive heartbeat from "nebula-graphd":9669, role = GRAPH
I20251127 08:34:04.464493   112 HBProcessor.cpp:33] Receive heartbeat from "nebula-storaged":9779, role = STORAGE
I20251127 08:34:04.465157   112 HBProcessor.cpp:41] Machine "nebula-storaged":9779 is not registered
I20251127 08:34:05.470306   112 HBProcessor.cpp:33] Receive heartbeat from "nebula-storaged":9779, role = STORAGE
I20251127 08:34:05.470963   112 HBProcessor.cpp:41] Machine "nebula-storaged":9779 is not registered
I20251127 08:34:06.475764   112 HBProcessor.cpp:33] Receive heartbeat from "nebula-storaged":9779, role = STORAGE
I20251127 08:34:06.476472   112 HBProcessor.cpp:41] Machine "nebula-storaged":9779 is not registered
I20251127 08:34:13.747450   112 HBProcessor.cpp:33] Receive heartbeat from "nebula-graphd":9669, role = GRAPH
I20251127 08:34:16.486452   112 HBProcessor.cpp:33] Receive heartbeat from "nebula-storaged":9779, role = STORAGE
I20251127 08:34:16.486788   112 HBProcessor.cpp:41] Machine "nebula-storaged":9779 is not registered
I20251127 08:34:17.490309   112 HBProcessor.cpp:33] Receive heartbeat from "nebula-storaged":9779, role = STORAGE
I20251127 08:34:17.490998   112 HBProcessor.cpp:41] Machine "nebula-storaged":9779 is not registered
I20251127 08:34:18.497932   112 HBProcessor.cpp:33] Receive heartbeat from "nebula-storaged":9779, role = STORAGE
I20251127 08:34:18.498797   112 HBProcessor.cpp:41] Machine "nebula-storaged":9779 is not registered
I20251127 08:34:19.505905   112 HBProcessor.cpp:33] Receive heartbeat from "nebula-storaged":9779, role = STORAGE
I20251127 08:34:19.509008   112 HBProcessor.cpp:41] Machine "nebula-storaged":9779 is not registered
I20251127 08:34:23.765358   112 HBProcessor.cpp:33] Receive heartbeat from "nebula-graphd":9669, role = GRAPH
I20251127 08:34:29.519711   112 HBProcessor.cpp:33] Receive heartbeat from "nebula-storaged":9779, role = STORAGE
I20251127 08:34:29.526201   112 HBProcessor.cpp:41] Machine "nebula-storaged":9779 is not registered
I20251127 08:34:30.532933   112 HBProcessor.cpp:33] Receive heartbeat from "nebula-storaged":9779, role = STORAGE
I20251127 08:34:30.533401   112 HBProcessor.cpp:41] Machine "nebula-storaged":9779 is not registered
I20251127 08:34:31.536505   112 HBProcessor.cpp:33] Receive heartbeat from "nebula-storaged":9779, role = STORAGE
I20251127 08:34:31.537036   112 HBProcessor.cpp:41] Machine "nebula-storaged":9779 is not registered
I20251127 08:34:32.541656   112 HBProcessor.cpp:33] Receive heartbeat from "nebula-storaged":9779, role = STORAGE
I20251127 08:34:32.542469   112 HBProcessor.cpp:41] Machine "nebula-storaged":9779 is not registered
I20251127 08:34:33.781752   112 HBProcessor.cpp:33] Receive heartbeat from "nebula-graphd":9669, role = GRAPH
I20251127 08:34:42.549182   112 HBProcessor.cpp:33] Receive heartbeat from "nebula-storaged":9779, role = STORAGE
I20251127 08:34:42.550004   112 HBProcessor.cpp:41] Machine "nebula-storaged":9779 is not registered
I20251127 08:34:43.554507   112 HBProcessor.cpp:33] Receive heartbeat from "nebula-storaged":9779, role = STORAGE
I20251127 08:34:43.555197   112 HBProcessor.cpp:41] Machine "nebula-storaged":9779 is not registered
I20251127 08:34:43.795238   112 HBProcessor.cpp:33] Receive heartbeat from "nebula-graphd":9669, role = GRAPH
I20251127 08:34:44.559795   112 HBProcessor.cpp:33] Receive heartbeat from "nebula-storaged":9779, role = STORAGE
I20251127 08:34:44.560638   112 HBProcessor.cpp:41] Machine "nebula-storaged":9779 is not registered
I20251127 08:34:45.563820   112 HBProcessor.cpp:33] Receive heartbeat from "nebula-storaged":9779, role = STORAGE
I20251127 08:34:45.564692   112 HBProcessor.cpp:41] Machine "nebula-storaged":9779 is not registered
I20251127 08:34:53.808802   112 HBProcessor.cpp:33] Receive heartbeat from "nebula-graphd":9669, role = GRAPH
I20251127 08:34:55.577543   112 HBProcessor.cpp:33] Receive heartbeat from "nebula-storaged":9779, role = STORAGE
I20251127 08:34:55.578140   112 HBProcessor.cpp:41] Machine "nebula-storaged":9779 is not registered
I20251127 08:34:56.584563   112 HBProcessor.cpp:33] Receive heartbeat from "nebula-storaged":9779, role = STORAGE
I20251127 08:34:56.585271   112 HBProcessor.cpp:41] Machine "nebula-storaged":9779 is not registered
I20251127 08:34:57.589469   112 HBProcessor.cpp:33] Receive heartbeat from "nebula-storaged":9779, role = STORAGE
I20251127 08:34:57.590114   112 HBProcessor.cpp:41] Machine "nebula-storaged":9779 is not registered
I20251127 08:34:58.594375   112 HBProcessor.cpp:33] Receive heartbeat from "nebula-storaged":9779, role = STORAGE
I20251127 08:34:58.594872   112 HBProcessor.cpp:41] Machine "nebula-storaged":9779 is not registered
I20251127 08:35:03.819350   112 HBProcessor.cpp:33] Receive heartbeat from "nebula-graphd":9669, role = GRAPH
I20251127 08:35:08.601334   112 HBProcessor.cpp:33] Receive heartbeat from "nebula-storaged":9779, role = STORAGE
I20251127 08:35:08.601753   112 HBProcessor.cpp:41] Machine "nebula-storaged":9779 is not registered
I20251127 08:35:09.603840   112 HBProcessor.cpp:33] Receive heartbeat from "nebula-storaged":9779, role = STORAGE
I20251127 08:35:09.604120   112 HBProcessor.cpp:41] Machine "nebula-storaged":9779 is not registered
I20251127 08:35:10.606499   112 HBProcessor.cpp:33] Receive heartbeat from "nebula-storaged":9779, role = STORAGE
I20251127 08:35:10.607115   112 HBProcessor.cpp:41] Machine "nebula-storaged":9779 is not registered
I20251127 08:35:11.610903   112 HBProcessor.cpp:33] Receive heartbeat from "nebula-storaged":9779, role = STORAGE
I20251127 08:35:11.611650   112 HBProcessor.cpp:41] Machine "nebula-storaged":9779 is not registered
I20251127 08:35:13.835335   112 HBProcessor.cpp:33] Receive heartbeat from "nebula-graphd":9669, role = GRAPH
I20251127 08:35:21.625612   112 HBProcessor.cpp:33] Receive heartbeat from "nebula-storaged":9779, role = STORAGE
I20251127 08:35:21.626350   112 HBProcessor.cpp:41] Machine "nebula-storaged":9779 is not registered
I20251127 08:35:22.630318   112 HBProcessor.cpp:33] Receive heartbeat from "nebula-storaged":9779, role = STORAGE
I20251127 08:35:22.631148   112 HBProcessor.cpp:41] Machine "nebula-storaged":9779 is not registered
I20251127 08:35:23.633592   112 HBProcessor.cpp:33] Receive heartbeat from "nebula-storaged":9779, role = STORAGE
I20251127 08:35:23.634028   112 HBProcessor.cpp:41] Machine "nebula-storaged":9779 is not registered
I20251127 08:35:23.854593   112 HBProcessor.cpp:33] Receive heartbeat from "nebula-graphd":9669, role = GRAPH
I20251127 08:35:24.637799   112 HBProcessor.cpp:33] Receive heartbeat from "nebula-storaged":9779, role = STORAGE
I20251127 08:35:24.638648   112 HBProcessor.cpp:41] Machine "nebula-storaged":9779 is not registered
I20251127 08:35:33.861990   112 HBProcessor.cpp:33] Receive heartbeat from "nebula-graphd":9669, role = GRAPH
I20251127 08:35:34.646452   112 HBProcessor.cpp:33] Receive heartbeat from "nebula-storaged":9779, role = STORAGE
I20251127 08:35:34.646870   112 HBProcessor.cpp:41] Machine "nebula-storaged":9779 is not registered
I20251127 08:35:35.654810   112 HBProcessor.cpp:33] Receive heartbeat from "nebula-storaged":9779, role = STORAGE
I20251127 08:35:35.655738   112 HBProcessor.cpp:41] Machine "nebula-storaged":9779 is not registered
I20251127 08:35:36.659575   112 HBProcessor.cpp:33] Receive heartbeat from "nebula-storaged":9779, role = STORAGE
I20251127 08:35:36.660468   112 HBProcessor.cpp:41] Machine "nebula-storaged":9779 is not registered
I20251127 08:35:37.667565   112 HBProcessor.cpp:33] Receive heartbeat from "nebula-storaged":9779, role = STORAGE
I20251127 08:35:37.668396   112 HBProcessor.cpp:41] Machine "nebula-storaged":9779 is not registered
I20251127 08:35:43.876816   112 HBProcessor.cpp:33] Receive heartbeat from "nebula-graphd":9669, role = GRAPH
I20251127 08:35:47.679615   112 HBProcessor.cpp:33] Receive heartbeat from "nebula-storaged":9779, role = STORAGE
I20251127 08:35:47.680207   112 HBProcessor.cpp:41] Machine "nebula-storaged":9779 is not registered
I20251127 08:35:48.685246   112 HBProcessor.cpp:33] Receive heartbeat from "nebula-storaged":9779, role = STORAGE
I20251127 08:35:48.685643   112 HBProcessor.cpp:41] Machine "nebula-storaged":9779 is not registered
I20251127 08:35:49.691274   112 HBProcessor.cpp:33] Receive heartbeat from "nebula-storaged":9779, role = STORAGE
I20251127 08:35:49.692699   112 HBProcessor.cpp:41] Machine "nebula-storaged":9779 is not registered
I20251127 08:35:50.696385   112 HBProcessor.cpp:33] Receive heartbeat from "nebula-storaged":9779, role = STORAGE
I20251127 08:35:50.696938   112 HBProcessor.cpp:41] Machine "nebula-storaged":9779 is not registered
I20251127 08:35:53.889820   112 HBProcessor.cpp:33] Receive heartbeat from "nebula-graphd":9669, role = GRAPH
I20251127 08:36:00.705406   112 HBProcessor.cpp:33] Receive heartbeat from "nebula-storaged":9779, role = STORAGE
I20251127 08:36:00.706213   112 HBProcessor.cpp:41] Machine "nebula-storaged":9779 is not registered
I20251127 08:36:01.709791   112 HBProcessor.cpp:33] Receive heartbeat from "nebula-storaged":9779, role = STORAGE
I20251127 08:36:01.710263   112 HBProcessor.cpp:41] Machine "nebula-storaged":9779 is not registered
I20251127 08:36:02.712653   112 HBProcessor.cpp:33] Receive heartbeat from "nebula-storaged":9779, role = STORAGE
I20251127 08:36:02.713196   112 HBProcessor.cpp:41] Machine "nebula-storaged":9779 is not registered
I20251127 08:36:03.719918   112 HBProcessor.cpp:33] Receive heartbeat from "nebula-storaged":9779, role = STORAGE
I20251127 08:36:03.720321   112 HBProcessor.cpp:41] Machine "nebula-storaged":9779 is not registered
I20251127 08:36:03.898890   112 HBProcessor.cpp:33] Receive heartbeat from "nebula-graphd":9669, role = GRAPH
I20251127 08:36:13.726824   112 HBProcessor.cpp:33] Receive heartbeat from "nebula-storaged":9779, role = STORAGE
I20251127 08:36:13.728004   112 HBProcessor.cpp:41] Machine "nebula-storaged":9779 is not registered
I20251127 08:36:13.916253   112 HBProcessor.cpp:33] Receive heartbeat from "nebula-graphd":9669, role = GRAPH
I20251127 08:36:14.733088   112 HBProcessor.cpp:33] Receive heartbeat from "nebula-storaged":9779, role = STORAGE
I20251127 08:36:14.733759   112 HBProcessor.cpp:41] Machine "nebula-storaged":9779 is not registered
I20251127 08:36:15.736821   112 HBProcessor.cpp:33] Receive heartbeat from "nebula-storaged":9779, role = STORAGE
I20251127 08:36:15.737561   112 HBProcessor.cpp:41] Machine "nebula-storaged":9779 is not registered
I20251127 08:36:16.740898   112 HBProcessor.cpp:33] Receive heartbeat from "nebula-storaged":9779, role = STORAGE
I20251127 08:36:16.741273   112 HBProcessor.cpp:41] Machine "nebula-storaged":9779 is not registered
I20251127 08:36:23.920163   112 HBProcessor.cpp:33] Receive heartbeat from "nebula-graphd":9669, role = GRAPH
I20251127 08:36:26.750288   112 HBProcessor.cpp:33] Receive heartbeat from "nebula-storaged":9779, role = STORAGE
I20251127 08:36:26.750727   112 HBProcessor.cpp:41] Machine "nebula-storaged":9779 is not registered
I20251127 08:36:27.755344   112 HBProcessor.cpp:33] Receive heartbeat from "nebula-storaged":9779, role = STORAGE
I20251127 08:36:27.756276   112 HBProcessor.cpp:41] Machine "nebula-storaged":9779 is not registered
I20251127 08:36:28.760185   112 HBProcessor.cpp:33] Receive heartbeat from "nebula-storaged":9779, role = STORAGE
I20251127 08:36:28.760784   112 HBProcessor.cpp:41] Machine "nebula-storaged":9779 is not registered
I20251127 08:36:29.765558   112 HBProcessor.cpp:33] Receive heartbeat from "nebula-storaged":9779, role = STORAGE
I20251127 08:36:29.766741   112 HBProcessor.cpp:41] Machine "nebula-storaged":9779 is not registered
I20251127 08:36:33.934223   112 HBProcessor.cpp:33] Receive heartbeat from "nebula-graphd":9669, role = GRAPH
I20251127 08:36:39.776531   112 HBProcessor.cpp:33] Receive heartbeat from "nebula-storaged":9779, role = STORAGE
I20251127 08:36:39.777377   112 HBProcessor.cpp:41] Machine "nebula-storaged":9779 is not registered
I20251127 08:36:40.778939   112 HBProcessor.cpp:33] Receive heartbeat from "nebula-storaged":9779, role = STORAGE
I20251127 08:36:40.779631   112 HBProcessor.cpp:41] Machine "nebula-storaged":9779 is not registered
I20251127 08:36:41.782094   112 HBProcessor.cpp:33] Receive heartbeat from "nebula-storaged":9779, role = STORAGE
I20251127 08:36:41.782487   112 HBProcessor.cpp:41] Machine "nebula-storaged":9779 is not registered
I20251127 08:36:42.786216   112 HBProcessor.cpp:33] Receive heartbeat from "nebula-storaged":9779, role = STORAGE
I20251127 08:36:42.786751   112 HBProcessor.cpp:41] Machine "nebula-storaged":9779 is not registered
I20251127 08:36:43.950956   112 HBProcessor.cpp:33] Receive heartbeat from "nebula-graphd":9669, role = GRAPH
I20251127 08:36:52.795058   112 HBProcessor.cpp:33] Receive heartbeat from "nebula-storaged":9779, role = STORAGE
I20251127 08:36:52.796146   112 HBProcessor.cpp:41] Machine "nebula-storaged":9779 is not registered
I20251127 08:36:53.798408   112 HBProcessor.cpp:33] Receive heartbeat from "nebula-storaged":9779, role = STORAGE
I20251127 08:36:53.798874   112 HBProcessor.cpp:41] Machine "nebula-storaged":9779 is not registered
I20251127 08:36:53.971016   112 HBProcessor.cpp:33] Receive heartbeat from "nebula-graphd":9669, role = GRAPH
I20251127 08:36:54.802268   112 HBProcessor.cpp:33] Receive heartbeat from "nebula-storaged":9779, role = STORAGE
I20251127 08:36:54.802970   112 HBProcessor.cpp:41] Machine "nebula-storaged":9779 is not registered
I20251127 08:36:55.806028   112 HBProcessor.cpp:33] Receive heartbeat from "nebula-storaged":9779, role = STORAGE
I20251127 08:36:55.806424   112 HBProcessor.cpp:41] Machine "nebula-storaged":9779 is not registered
I20251127 08:37:03.989955   112 HBProcessor.cpp:33] Receive heartbeat from "nebula-graphd":9669, role = GRAPH
I20251127 08:37:05.812484   112 HBProcessor.cpp:33] Receive heartbeat from "nebula-storaged":9779, role = STORAGE
I20251127 08:37:05.812964   112 HBProcessor.cpp:41] Machine "nebula-storaged":9779 is not registered
I20251127 08:37:06.816167   112 HBProcessor.cpp:33] Receive heartbeat from "nebula-storaged":9779, role = STORAGE
I20251127 08:37:06.816854   112 HBProcessor.cpp:41] Machine "nebula-storaged":9779 is not registered
I20251127 08:37:07.819761   112 HBProcessor.cpp:33] Receive heartbeat from "nebula-storaged":9779, role = STORAGE
I20251127 08:37:07.821503   112 HBProcessor.cpp:41] Machine "nebula-storaged":9779 is not registered
I20251127 08:37:08.825513   112 HBProcessor.cpp:33] Receive heartbeat from "nebula-storaged":9779, role = STORAGE
I20251127 08:37:08.826673   112 HBProcessor.cpp:41] Machine "nebula-storaged":9779 is not registered
I20251127 08:37:13.998234   112 HBProcessor.cpp:33] Receive heartbeat from "nebula-graphd":9669, role = GRAPH
I20251127 08:37:18.837476   112 HBProcessor.cpp:33] Receive heartbeat from "nebula-storaged":9779, role = STORAGE
I20251127 08:37:18.838078   112 HBProcessor.cpp:41] Machine "nebula-storaged":9779 is not registered
I20251127 08:37:19.840446   112 HBProcessor.cpp:33] Receive heartbeat from "nebula-storaged":9779, role = STORAGE
I20251127 08:37:19.840740   112 HBProcessor.cpp:41] Machine "nebula-storaged":9779 is not registered
I20251127 08:37:20.845321   112 HBProcessor.cpp:33] Receive heartbeat from "nebula-storaged":9779, role = STORAGE
I20251127 08:37:20.846081   112 HBProcessor.cpp:41] Machine "nebula-storaged":9779 is not registered
I20251127 08:37:21.848942   112 HBProcessor.cpp:33] Receive heartbeat from "nebula-storaged":9779, role = STORAGE
I20251127 08:37:21.849810   112 HBProcessor.cpp:41] Machine "nebula-storaged":9779 is not registered
I20251127 08:37:24.017073   112 HBProcessor.cpp:33] Receive heartbeat from "nebula-graphd":9669, role = GRAPH
I20251127 08:37:31.862676   112 HBProcessor.cpp:33] Receive heartbeat from "nebula-storaged":9779, role = STORAGE
I20251127 08:37:31.864672   112 HBProcessor.cpp:41] Machine "nebula-storaged":9779 is not registered
I20251127 08:37:32.869556   112 HBProcessor.cpp:33] Receive heartbeat from "nebula-storaged":9779, role = STORAGE
I20251127 08:37:32.870191   112 HBProcessor.cpp:41] Machine "nebula-storaged":9779 is not registered
I20251127 08:37:33.875404   112 HBProcessor.cpp:33] Receive heartbeat from "nebula-storaged":9779, role = STORAGE
I20251127 08:37:33.876039   112 HBProcessor.cpp:41] Machine "nebula-storaged":9779 is not registered
I20251127 08:37:34.033838   112 HBProcessor.cpp:33] Receive heartbeat from "nebula-graphd":9669, role = GRAPH
I20251127 08:37:34.883554   112 HBProcessor.cpp:33] Receive heartbeat from "nebula-storaged":9779, role = STORAGE
I20251127 08:37:34.883976   112 HBProcessor.cpp:41] Machine "nebula-storaged":9779 is not registered
I20251127 08:37:44.051165   112 HBProcessor.cpp:33] Receive heartbeat from "nebula-graphd":9669, role = GRAPH
I20251127 08:37:44.893172   112 HBProcessor.cpp:33] Receive heartbeat from "nebula-storaged":9779, role = STORAGE
I20251127 08:37:44.893616   112 HBProcessor.cpp:41] Machine "nebula-storaged":9779 is not registered
I20251127 08:37:45.897370   112 HBProcessor.cpp:33] Receive heartbeat from "nebula-storaged":9779, role = STORAGE
I20251127 08:37:45.898217   112 HBProcessor.cpp:41] Machine "nebula-storaged":9779 is not registered
I20251127 08:37:46.904991   112 HBProcessor.cpp:33] Receive heartbeat from "nebula-storaged":9779, role = STORAGE
I20251127 08:37:46.905689   112 HBProcessor.cpp:41] Machine "nebula-storaged":9779 is not registered
I20251127 08:37:47.910382   112 HBProcessor.cpp:33] Receive heartbeat from "nebula-storaged":9779, role = STORAGE
I20251127 08:37:47.910928   112 HBProcessor.cpp:41] Machine "nebula-storaged":9779 is not registered
I20251127 08:37:54.064505   112 HBProcessor.cpp:33] Receive heartbeat from "nebula-graphd":9669, role = GRAPH
I20251127 08:37:57.921399   112 HBProcessor.cpp:33] Receive heartbeat from "nebula-storaged":9779, role = STORAGE
I20251127 08:37:57.922222   112 HBProcessor.cpp:41] Machine "nebula-storaged":9779 is not registered
