I20251127 07:19:34.585376     1 StorageDaemon.cpp:132] localhost = "nebula-storaged":9779
I20251127 07:19:34.586506     1 StorageDaemon.cpp:147] data path= /data/storage
I20251127 07:19:34.602223     1 MetaClient.cpp:80] Create meta client to "nebula-metad":9559
I20251127 07:19:34.604485     1 MetaClient.cpp:81] root path: /usr/local/nebula, data path size: 1
W20251127 07:19:34.606318     1 FileBasedClusterIdMan.cpp:43] Open file failed, error No such file or directory
I20251127 07:19:39.650241    47 ThriftClientManager-inl.h:67] resolve "nebula-metad":9559 as "172.18.0.2":9559
E20251127 07:19:42.677999     1 MetaClient.cpp:112] Heartbeat failed, status:Machine not existed!
I20251127 07:19:42.680171     1 MetaClient.cpp:137] Waiting for the metad to be ready!
W20251127 07:19:52.685356     1 FileBasedClusterIdMan.cpp:43] Open file failed, error No such file or directory
I20251127 07:19:52.703675    53 ThriftClientManager-inl.h:67] resolve "nebula-metad":9559 as "172.18.0.2":9559
E20251127 07:19:55.733981     1 MetaClient.cpp:112] Heartbeat failed, status:Machine not existed!
I20251127 07:19:55.734679     1 MetaClient.cpp:137] Waiting for the metad to be ready!
W20251127 07:20:05.740455     1 FileBasedClusterIdMan.cpp:43] Open file failed, error No such file or directory
I20251127 07:20:05.752002    54 ThriftClientManager-inl.h:67] resolve "nebula-metad":9559 as "172.18.0.2":9559
E20251127 07:20:08.815797     1 MetaClient.cpp:112] Heartbeat failed, status:Machine not existed!
I20251127 07:20:08.817428     1 MetaClient.cpp:137] Waiting for the metad to be ready!
W20251127 07:20:18.815999     1 FileBasedClusterIdMan.cpp:43] Open file failed, error No such file or directory
I20251127 07:20:18.822497    55 ThriftClientManager-inl.h:67] resolve "nebula-metad":9559 as "172.18.0.2":9559
E20251127 07:20:21.864523     1 MetaClient.cpp:112] Heartbeat failed, status:Machine not existed!
I20251127 07:20:21.864835     1 MetaClient.cpp:137] Waiting for the metad to be ready!
W20251127 07:20:31.869776     1 FileBasedClusterIdMan.cpp:43] Open file failed, error No such file or directory
I20251127 07:20:31.876725    56 ThriftClientManager-inl.h:67] resolve "nebula-metad":9559 as "172.18.0.2":9559
E20251127 07:20:34.895349     1 MetaClient.cpp:112] Heartbeat failed, status:Machine not existed!
I20251127 07:20:34.896322     1 MetaClient.cpp:137] Waiting for the metad to be ready!
W20251127 07:20:44.899261     1 FileBasedClusterIdMan.cpp:43] Open file failed, error No such file or directory
I20251127 07:20:49.908594    57 ThriftClientManager-inl.h:67] resolve "nebula-metad":9559 as "172.18.0.2":9559
E20251127 07:20:52.941948     1 MetaClient.cpp:112] Heartbeat failed, status:Machine not existed!
I20251127 07:20:52.943315     1 MetaClient.cpp:137] Waiting for the metad to be ready!
W20251127 07:21:02.949400     1 FileBasedClusterIdMan.cpp:43] Open file failed, error No such file or directory
I20251127 07:21:07.965199    58 ThriftClientManager-inl.h:67] resolve "nebula-metad":9559 as "172.18.0.2":9559
E20251127 07:21:10.993067     1 MetaClient.cpp:112] Heartbeat failed, status:Machine not existed!
I20251127 07:21:10.994006     1 MetaClient.cpp:137] Waiting for the metad to be ready!
W20251127 07:21:20.998694     1 FileBasedClusterIdMan.cpp:43] Open file failed, error No such file or directory
I20251127 07:21:21.001304    59 ThriftClientManager-inl.h:67] resolve "nebula-metad":9559 as "172.18.0.2":9559
E20251127 07:21:24.022581     1 MetaClient.cpp:112] Heartbeat failed, status:Machine not existed!
I20251127 07:21:24.023355     1 MetaClient.cpp:137] Waiting for the metad to be ready!
W20251127 07:21:34.027925     1 FileBasedClusterIdMan.cpp:43] Open file failed, error No such file or directory
I20251127 07:21:34.032902    60 ThriftClientManager-inl.h:67] resolve "nebula-metad":9559 as "172.18.0.2":9559
E20251127 07:21:37.054405     1 MetaClient.cpp:112] Heartbeat failed, status:Machine not existed!
I20251127 07:21:37.055240     1 MetaClient.cpp:137] Waiting for the metad to be ready!
W20251127 07:21:47.061353     1 FileBasedClusterIdMan.cpp:43] Open file failed, error No such file or directory
I20251127 07:21:47.066799    61 ThriftClientManager-inl.h:67] resolve "nebula-metad":9559 as "172.18.0.2":9559
E20251127 07:21:50.084108     1 MetaClient.cpp:112] Heartbeat failed, status:Machine not existed!
I20251127 07:21:50.084489     1 MetaClient.cpp:137] Waiting for the metad to be ready!
W20251127 07:22:00.086167     1 FileBasedClusterIdMan.cpp:43] Open file failed, error No such file or directory
I20251127 07:22:00.090430    62 ThriftClientManager-inl.h:67] resolve "nebula-metad":9559 as "172.18.0.2":9559
E20251127 07:22:03.118165     1 MetaClient.cpp:112] Heartbeat failed, status:Machine not existed!
I20251127 07:22:03.118381     1 MetaClient.cpp:137] Waiting for the metad to be ready!
W20251127 07:22:13.119374     1 FileBasedClusterIdMan.cpp:43] Open file failed, error No such file or directory
I20251127 07:22:18.130187    63 ThriftClientManager-inl.h:67] resolve "nebula-metad":9559 as "172.18.0.2":9559
E20251127 07:22:21.162271     1 MetaClient.cpp:112] Heartbeat failed, status:Machine not existed!
I20251127 07:22:21.162729     1 MetaClient.cpp:137] Waiting for the metad to be ready!
W20251127 07:22:31.165361     1 FileBasedClusterIdMan.cpp:43] Open file failed, error No such file or directory
I20251127 07:22:36.175915    64 ThriftClientManager-inl.h:67] resolve "nebula-metad":9559 as "172.18.0.2":9559
E20251127 07:22:39.200549     1 MetaClient.cpp:112] Heartbeat failed, status:Machine not existed!
I20251127 07:22:39.201484     1 MetaClient.cpp:137] Waiting for the metad to be ready!
W20251127 07:22:49.207779     1 FileBasedClusterIdMan.cpp:43] Open file failed, error No such file or directory
I20251127 07:22:49.224502    65 ThriftClientManager-inl.h:67] resolve "nebula-metad":9559 as "172.18.0.2":9559
E20251127 07:22:52.253224     1 MetaClient.cpp:112] Heartbeat failed, status:Machine not existed!
I20251127 07:22:52.253865     1 MetaClient.cpp:137] Waiting for the metad to be ready!
W20251127 07:23:02.256863     1 FileBasedClusterIdMan.cpp:43] Open file failed, error No such file or directory
I20251127 07:23:07.277249    66 ThriftClientManager-inl.h:67] resolve "nebula-metad":9559 as "172.18.0.2":9559
E20251127 07:23:10.315263     1 MetaClient.cpp:112] Heartbeat failed, status:Machine not existed!
I20251127 07:23:10.316092     1 MetaClient.cpp:137] Waiting for the metad to be ready!
W20251127 07:23:20.321682     1 FileBasedClusterIdMan.cpp:43] Open file failed, error No such file or directory
I20251127 07:23:20.330178    67 ThriftClientManager-inl.h:67] resolve "nebula-metad":9559 as "172.18.0.2":9559
E20251127 07:23:23.353650     1 MetaClient.cpp:112] Heartbeat failed, status:Machine not existed!
I20251127 07:23:23.354175     1 MetaClient.cpp:137] Waiting for the metad to be ready!
W20251127 07:23:33.355712     1 FileBasedClusterIdMan.cpp:43] Open file failed, error No such file or directory
E20251127 07:23:36.369748     1 MetaClient.cpp:112] Heartbeat failed, status:Machine not existed!
I20251127 07:23:36.370280     1 MetaClient.cpp:137] Waiting for the metad to be ready!
W20251127 07:23:46.373251     1 FileBasedClusterIdMan.cpp:43] Open file failed, error No such file or directory
E20251127 07:23:49.397181     1 MetaClient.cpp:112] Heartbeat failed, status:Machine not existed!
I20251127 07:23:49.397722     1 MetaClient.cpp:137] Waiting for the metad to be ready!
W20251127 07:23:59.399442     1 FileBasedClusterIdMan.cpp:43] Open file failed, error No such file or directory
E20251127 07:24:02.426955     1 MetaClient.cpp:112] Heartbeat failed, status:Machine not existed!
I20251127 07:24:02.427794     1 MetaClient.cpp:137] Waiting for the metad to be ready!
W20251127 07:24:12.430459     1 FileBasedClusterIdMan.cpp:43] Open file failed, error No such file or directory
E20251127 07:24:15.516563     1 MetaClient.cpp:112] Heartbeat failed, status:Machine not existed!
I20251127 07:24:15.517231     1 MetaClient.cpp:137] Waiting for the metad to be ready!
W20251127 07:24:25.519256     1 FileBasedClusterIdMan.cpp:43] Open file failed, error No such file or directory
E20251127 07:24:28.549790     1 MetaClient.cpp:112] Heartbeat failed, status:Machine not existed!
I20251127 07:24:28.550578     1 MetaClient.cpp:137] Waiting for the metad to be ready!
W20251127 07:24:38.552186     1 FileBasedClusterIdMan.cpp:43] Open file failed, error No such file or directory
E20251127 07:24:41.588646     1 MetaClient.cpp:112] Heartbeat failed, status:Machine not existed!
I20251127 07:24:41.589265     1 MetaClient.cpp:137] Waiting for the metad to be ready!
W20251127 07:24:51.592890     1 FileBasedClusterIdMan.cpp:43] Open file failed, error No such file or directory
E20251127 07:24:54.615958     1 MetaClient.cpp:112] Heartbeat failed, status:Machine not existed!
I20251127 07:24:54.616472     1 MetaClient.cpp:137] Waiting for the metad to be ready!
W20251127 07:25:04.617282     1 FileBasedClusterIdMan.cpp:43] Open file failed, error No such file or directory
E20251127 07:25:07.641299     1 MetaClient.cpp:112] Heartbeat failed, status:Machine not existed!
I20251127 07:25:07.641773     1 MetaClient.cpp:137] Waiting for the metad to be ready!
W20251127 07:25:17.643537     1 FileBasedClusterIdMan.cpp:43] Open file failed, error No such file or directory
E20251127 07:25:20.659583     1 MetaClient.cpp:112] Heartbeat failed, status:Machine not existed!
I20251127 07:25:20.660249     1 MetaClient.cpp:137] Waiting for the metad to be ready!
W20251127 07:25:30.661509     1 FileBasedClusterIdMan.cpp:43] Open file failed, error No such file or directory
E20251127 07:25:33.684798     1 MetaClient.cpp:112] Heartbeat failed, status:Machine not existed!
I20251127 07:25:33.685402     1 MetaClient.cpp:137] Waiting for the metad to be ready!
W20251127 07:25:43.689026     1 FileBasedClusterIdMan.cpp:43] Open file failed, error No such file or directory
E20251127 07:25:46.706079     1 MetaClient.cpp:112] Heartbeat failed, status:Machine not existed!
I20251127 07:25:46.706719     1 MetaClient.cpp:137] Waiting for the metad to be ready!
W20251127 07:25:56.712319     1 FileBasedClusterIdMan.cpp:43] Open file failed, error No such file or directory
E20251127 07:25:59.732761     1 MetaClient.cpp:112] Heartbeat failed, status:Machine not existed!
I20251127 07:25:59.733355     1 MetaClient.cpp:137] Waiting for the metad to be ready!
W20251127 07:26:09.739706     1 FileBasedClusterIdMan.cpp:43] Open file failed, error No such file or directory
E20251127 07:26:12.768229     1 MetaClient.cpp:112] Heartbeat failed, status:Machine not existed!
I20251127 07:26:12.769435     1 MetaClient.cpp:137] Waiting for the metad to be ready!
W20251127 07:26:22.771615     1 FileBasedClusterIdMan.cpp:43] Open file failed, error No such file or directory
E20251127 07:26:25.797223     1 MetaClient.cpp:112] Heartbeat failed, status:Machine not existed!
I20251127 07:26:25.799612     1 MetaClient.cpp:137] Waiting for the metad to be ready!
W20251127 07:26:35.805544     1 FileBasedClusterIdMan.cpp:43] Open file failed, error No such file or directory
E20251127 07:26:38.842016     1 MetaClient.cpp:112] Heartbeat failed, status:Machine not existed!
I20251127 07:26:38.842578     1 MetaClient.cpp:137] Waiting for the metad to be ready!
W20251127 07:26:48.846001     1 FileBasedClusterIdMan.cpp:43] Open file failed, error No such file or directory
E20251127 07:26:51.872468     1 MetaClient.cpp:112] Heartbeat failed, status:Machine not existed!
I20251127 07:26:51.873099     1 MetaClient.cpp:137] Waiting for the metad to be ready!
W20251127 07:27:01.875360     1 FileBasedClusterIdMan.cpp:43] Open file failed, error No such file or directory
E20251127 07:27:04.901769     1 MetaClient.cpp:112] Heartbeat failed, status:Machine not existed!
I20251127 07:27:04.902633     1 MetaClient.cpp:137] Waiting for the metad to be ready!
W20251127 07:27:14.906239     1 FileBasedClusterIdMan.cpp:43] Open file failed, error No such file or directory
E20251127 07:27:17.920644     1 MetaClient.cpp:112] Heartbeat failed, status:Machine not existed!
I20251127 07:27:17.921684     1 MetaClient.cpp:137] Waiting for the metad to be ready!
W20251127 07:27:27.923801     1 FileBasedClusterIdMan.cpp:43] Open file failed, error No such file or directory
E20251127 07:27:30.947072     1 MetaClient.cpp:112] Heartbeat failed, status:Machine not existed!
I20251127 07:27:30.947651     1 MetaClient.cpp:137] Waiting for the metad to be ready!
W20251127 07:27:40.950654     1 FileBasedClusterIdMan.cpp:43] Open file failed, error No such file or directory
E20251127 07:27:43.970477     1 MetaClient.cpp:112] Heartbeat failed, status:Machine not existed!
I20251127 07:27:43.970922     1 MetaClient.cpp:137] Waiting for the metad to be ready!
W20251127 07:27:53.973008     1 FileBasedClusterIdMan.cpp:43] Open file failed, error No such file or directory
E20251127 07:27:56.991269     1 MetaClient.cpp:112] Heartbeat failed, status:Machine not existed!
I20251127 07:27:56.991820     1 MetaClient.cpp:137] Waiting for the metad to be ready!
W20251127 07:28:06.993847     1 FileBasedClusterIdMan.cpp:43] Open file failed, error No such file or directory
E20251127 07:28:10.020769     1 MetaClient.cpp:112] Heartbeat failed, status:Machine not existed!
I20251127 07:28:10.021148     1 MetaClient.cpp:137] Waiting for the metad to be ready!
W20251127 07:28:20.025689     1 FileBasedClusterIdMan.cpp:43] Open file failed, error No such file or directory
E20251127 07:28:23.044118     1 MetaClient.cpp:112] Heartbeat failed, status:Machine not existed!
I20251127 07:28:23.044649     1 MetaClient.cpp:137] Waiting for the metad to be ready!
W20251127 07:28:33.048614     1 FileBasedClusterIdMan.cpp:43] Open file failed, error No such file or directory
E20251127 07:28:36.066694     1 MetaClient.cpp:112] Heartbeat failed, status:Machine not existed!
I20251127 07:28:36.067449     1 MetaClient.cpp:137] Waiting for the metad to be ready!
W20251127 07:28:46.069950     1 FileBasedClusterIdMan.cpp:43] Open file failed, error No such file or directory
E20251127 07:28:49.095288     1 MetaClient.cpp:112] Heartbeat failed, status:Machine not existed!
I20251127 07:28:49.096495     1 MetaClient.cpp:137] Waiting for the metad to be ready!
W20251127 07:28:59.098294     1 FileBasedClusterIdMan.cpp:43] Open file failed, error No such file or directory
E20251127 07:29:02.121809     1 MetaClient.cpp:112] Heartbeat failed, status:Machine not existed!
I20251127 07:29:02.122392     1 MetaClient.cpp:137] Waiting for the metad to be ready!
W20251127 07:29:12.124636     1 FileBasedClusterIdMan.cpp:43] Open file failed, error No such file or directory
E20251127 07:29:15.142537     1 MetaClient.cpp:112] Heartbeat failed, status:Machine not existed!
I20251127 07:29:15.143186     1 MetaClient.cpp:137] Waiting for the metad to be ready!
W20251127 07:29:25.147209     1 FileBasedClusterIdMan.cpp:43] Open file failed, error No such file or directory
E20251127 07:29:28.170272     1 MetaClient.cpp:112] Heartbeat failed, status:Machine not existed!
I20251127 07:29:28.170852     1 MetaClient.cpp:137] Waiting for the metad to be ready!
W20251127 07:29:38.173113     1 FileBasedClusterIdMan.cpp:43] Open file failed, error No such file or directory
E20251127 07:29:41.214466     1 MetaClient.cpp:112] Heartbeat failed, status:Machine not existed!
I20251127 07:29:41.215051     1 MetaClient.cpp:137] Waiting for the metad to be ready!
W20251127 07:29:51.218225     1 FileBasedClusterIdMan.cpp:43] Open file failed, error No such file or directory
E20251127 07:29:54.233925     1 MetaClient.cpp:112] Heartbeat failed, status:Machine not existed!
I20251127 07:29:54.234455     1 MetaClient.cpp:137] Waiting for the metad to be ready!
W20251127 07:30:04.235790     1 FileBasedClusterIdMan.cpp:43] Open file failed, error No such file or directory
E20251127 07:30:07.261726     1 MetaClient.cpp:112] Heartbeat failed, status:Machine not existed!
I20251127 07:30:07.262465     1 MetaClient.cpp:137] Waiting for the metad to be ready!
W20251127 07:30:17.264595     1 FileBasedClusterIdMan.cpp:43] Open file failed, error No such file or directory
E20251127 07:30:20.293418     1 MetaClient.cpp:112] Heartbeat failed, status:Machine not existed!
I20251127 07:30:20.293979     1 MetaClient.cpp:137] Waiting for the metad to be ready!
W20251127 07:30:30.296435     1 FileBasedClusterIdMan.cpp:43] Open file failed, error No such file or directory
E20251127 07:30:33.316947     1 MetaClient.cpp:112] Heartbeat failed, status:Machine not existed!
I20251127 07:30:33.317306     1 MetaClient.cpp:137] Waiting for the metad to be ready!
W20251127 07:30:43.320030     1 FileBasedClusterIdMan.cpp:43] Open file failed, error No such file or directory
E20251127 07:30:46.333362     1 MetaClient.cpp:112] Heartbeat failed, status:Machine not existed!
I20251127 07:30:46.333578     1 MetaClient.cpp:137] Waiting for the metad to be ready!
W20251127 07:30:56.334874     1 FileBasedClusterIdMan.cpp:43] Open file failed, error No such file or directory
E20251127 07:30:59.354630     1 MetaClient.cpp:112] Heartbeat failed, status:Machine not existed!
I20251127 07:30:59.355474     1 MetaClient.cpp:137] Waiting for the metad to be ready!
W20251127 07:31:09.358837     1 FileBasedClusterIdMan.cpp:43] Open file failed, error No such file or directory
E20251127 07:31:12.381268     1 MetaClient.cpp:112] Heartbeat failed, status:Machine not existed!
I20251127 07:31:12.381944     1 MetaClient.cpp:137] Waiting for the metad to be ready!
W20251127 07:31:22.385715     1 FileBasedClusterIdMan.cpp:43] Open file failed, error No such file or directory
E20251127 07:31:25.405834     1 MetaClient.cpp:112] Heartbeat failed, status:Machine not existed!
I20251127 07:31:25.406514     1 MetaClient.cpp:137] Waiting for the metad to be ready!
W20251127 07:31:35.411126     1 FileBasedClusterIdMan.cpp:43] Open file failed, error No such file or directory
E20251127 07:31:38.434139     1 MetaClient.cpp:112] Heartbeat failed, status:Machine not existed!
I20251127 07:31:38.435168     1 MetaClient.cpp:137] Waiting for the metad to be ready!
W20251127 07:31:48.439376     1 FileBasedClusterIdMan.cpp:43] Open file failed, error No such file or directory
E20251127 07:31:51.459949     1 MetaClient.cpp:112] Heartbeat failed, status:Machine not existed!
I20251127 07:31:51.460486     1 MetaClient.cpp:137] Waiting for the metad to be ready!
W20251127 07:32:01.464474     1 FileBasedClusterIdMan.cpp:43] Open file failed, error No such file or directory
E20251127 07:32:04.486574     1 MetaClient.cpp:112] Heartbeat failed, status:Machine not existed!
I20251127 07:32:04.487257     1 MetaClient.cpp:137] Waiting for the metad to be ready!
W20251127 07:32:14.490501     1 FileBasedClusterIdMan.cpp:43] Open file failed, error No such file or directory
E20251127 07:32:17.513552     1 MetaClient.cpp:112] Heartbeat failed, status:Machine not existed!
I20251127 07:32:17.514164     1 MetaClient.cpp:137] Waiting for the metad to be ready!
W20251127 07:32:27.515476     1 FileBasedClusterIdMan.cpp:43] Open file failed, error No such file or directory
E20251127 07:32:30.533288     1 MetaClient.cpp:112] Heartbeat failed, status:Machine not existed!
I20251127 07:32:30.534200     1 MetaClient.cpp:137] Waiting for the metad to be ready!
W20251127 07:32:40.536685     1 FileBasedClusterIdMan.cpp:43] Open file failed, error No such file or directory
E20251127 07:32:43.555444     1 MetaClient.cpp:112] Heartbeat failed, status:Machine not existed!
I20251127 07:32:43.556057     1 MetaClient.cpp:137] Waiting for the metad to be ready!
W20251127 07:32:53.560313     1 FileBasedClusterIdMan.cpp:43] Open file failed, error No such file or directory
E20251127 07:32:56.577452     1 MetaClient.cpp:112] Heartbeat failed, status:Machine not existed!
I20251127 07:32:56.577965     1 MetaClient.cpp:137] Waiting for the metad to be ready!
W20251127 07:33:06.580566     1 FileBasedClusterIdMan.cpp:43] Open file failed, error No such file or directory
E20251127 07:33:09.610002     1 MetaClient.cpp:112] Heartbeat failed, status:Machine not existed!
I20251127 07:33:09.610764     1 MetaClient.cpp:137] Waiting for the metad to be ready!
W20251127 07:33:19.614931     1 FileBasedClusterIdMan.cpp:43] Open file failed, error No such file or directory
E20251127 07:33:22.641047     1 MetaClient.cpp:112] Heartbeat failed, status:Machine not existed!
I20251127 07:33:22.641633     1 MetaClient.cpp:137] Waiting for the metad to be ready!
W20251127 07:33:32.702865     1 FileBasedClusterIdMan.cpp:43] Open file failed, error No such file or directory
E20251127 07:33:35.730057     1 MetaClient.cpp:112] Heartbeat failed, status:Machine not existed!
I20251127 07:33:35.730962     1 MetaClient.cpp:137] Waiting for the metad to be ready!
W20251127 07:33:45.736747     1 FileBasedClusterIdMan.cpp:43] Open file failed, error No such file or directory
E20251127 07:33:48.755084     1 MetaClient.cpp:112] Heartbeat failed, status:Machine not existed!
I20251127 07:33:48.755699     1 MetaClient.cpp:137] Waiting for the metad to be ready!
W20251127 07:33:58.757478     1 FileBasedClusterIdMan.cpp:43] Open file failed, error No such file or directory
E20251127 07:34:01.776312     1 MetaClient.cpp:112] Heartbeat failed, status:Machine not existed!
I20251127 07:34:01.776933     1 MetaClient.cpp:137] Waiting for the metad to be ready!
W20251127 07:34:11.780845     1 FileBasedClusterIdMan.cpp:43] Open file failed, error No such file or directory
E20251127 07:34:14.799041     1 MetaClient.cpp:112] Heartbeat failed, status:Machine not existed!
I20251127 07:34:14.799472     1 MetaClient.cpp:137] Waiting for the metad to be ready!
W20251127 07:34:24.804843     1 FileBasedClusterIdMan.cpp:43] Open file failed, error No such file or directory
E20251127 07:34:27.825976     1 MetaClient.cpp:112] Heartbeat failed, status:Machine not existed!
I20251127 07:34:27.826465     1 MetaClient.cpp:137] Waiting for the metad to be ready!
W20251127 07:34:37.831543     1 FileBasedClusterIdMan.cpp:43] Open file failed, error No such file or directory
E20251127 07:34:40.860776     1 MetaClient.cpp:112] Heartbeat failed, status:Machine not existed!
I20251127 07:34:40.861634     1 MetaClient.cpp:137] Waiting for the metad to be ready!
W20251127 07:34:50.863206     1 FileBasedClusterIdMan.cpp:43] Open file failed, error No such file or directory
E20251127 07:34:53.883164     1 MetaClient.cpp:112] Heartbeat failed, status:Machine not existed!
I20251127 07:34:53.884159     1 MetaClient.cpp:137] Waiting for the metad to be ready!
W20251127 07:35:03.886734     1 FileBasedClusterIdMan.cpp:43] Open file failed, error No such file or directory
E20251127 07:35:06.910320     1 MetaClient.cpp:112] Heartbeat failed, status:Machine not existed!
I20251127 07:35:06.911326     1 MetaClient.cpp:137] Waiting for the metad to be ready!
W20251127 07:35:16.915338     1 FileBasedClusterIdMan.cpp:43] Open file failed, error No such file or directory
E20251127 07:35:19.941437     1 MetaClient.cpp:112] Heartbeat failed, status:Machine not existed!
I20251127 07:35:19.942924     1 MetaClient.cpp:137] Waiting for the metad to be ready!
W20251127 07:35:29.947301     1 FileBasedClusterIdMan.cpp:43] Open file failed, error No such file or directory
E20251127 07:35:32.968875     1 MetaClient.cpp:112] Heartbeat failed, status:Machine not existed!
I20251127 07:35:32.970361     1 MetaClient.cpp:137] Waiting for the metad to be ready!
W20251127 07:35:42.972308     1 FileBasedClusterIdMan.cpp:43] Open file failed, error No such file or directory
E20251127 07:35:45.988919     1 MetaClient.cpp:112] Heartbeat failed, status:Machine not existed!
I20251127 07:35:45.989424     1 MetaClient.cpp:137] Waiting for the metad to be ready!
W20251127 07:35:55.989975     1 FileBasedClusterIdMan.cpp:43] Open file failed, error No such file or directory
E20251127 07:35:59.009666     1 MetaClient.cpp:112] Heartbeat failed, status:Machine not existed!
I20251127 07:35:59.010588     1 MetaClient.cpp:137] Waiting for the metad to be ready!
W20251127 07:36:09.013424     1 FileBasedClusterIdMan.cpp:43] Open file failed, error No such file or directory
E20251127 07:36:12.050115     1 MetaClient.cpp:112] Heartbeat failed, status:Machine not existed!
I20251127 07:36:12.052336     1 MetaClient.cpp:137] Waiting for the metad to be ready!
W20251127 07:36:22.054054     1 FileBasedClusterIdMan.cpp:43] Open file failed, error No such file or directory
E20251127 07:36:25.071457     1 MetaClient.cpp:112] Heartbeat failed, status:Machine not existed!
I20251127 07:36:25.072343     1 MetaClient.cpp:137] Waiting for the metad to be ready!
W20251127 07:36:35.073642     1 FileBasedClusterIdMan.cpp:43] Open file failed, error No such file or directory
E20251127 07:36:38.093386     1 MetaClient.cpp:112] Heartbeat failed, status:Machine not existed!
I20251127 07:36:38.094098     1 MetaClient.cpp:137] Waiting for the metad to be ready!
W20251127 07:36:48.101553     1 FileBasedClusterIdMan.cpp:43] Open file failed, error No such file or directory
E20251127 07:36:51.124574     1 MetaClient.cpp:112] Heartbeat failed, status:Machine not existed!
I20251127 07:36:51.125118     1 MetaClient.cpp:137] Waiting for the metad to be ready!
W20251127 07:37:01.127357     1 FileBasedClusterIdMan.cpp:43] Open file failed, error No such file or directory
E20251127 07:37:04.158922     1 MetaClient.cpp:112] Heartbeat failed, status:Machine not existed!
I20251127 07:37:04.160389     1 MetaClient.cpp:137] Waiting for the metad to be ready!
W20251127 07:37:14.164602     1 FileBasedClusterIdMan.cpp:43] Open file failed, error No such file or directory
E20251127 07:37:17.180488     1 MetaClient.cpp:112] Heartbeat failed, status:Machine not existed!
I20251127 07:37:17.181439     1 MetaClient.cpp:137] Waiting for the metad to be ready!
W20251127 07:37:27.182744     1 FileBasedClusterIdMan.cpp:43] Open file failed, error No such file or directory
E20251127 07:37:30.206563     1 MetaClient.cpp:112] Heartbeat failed, status:Machine not existed!
I20251127 07:37:30.207053     1 MetaClient.cpp:137] Waiting for the metad to be ready!
W20251127 07:37:40.208655     1 FileBasedClusterIdMan.cpp:43] Open file failed, error No such file or directory
E20251127 07:37:43.233819     1 MetaClient.cpp:112] Heartbeat failed, status:Machine not existed!
I20251127 07:37:43.234915     1 MetaClient.cpp:137] Waiting for the metad to be ready!
W20251127 07:37:53.237197     1 FileBasedClusterIdMan.cpp:43] Open file failed, error No such file or directory
E20251127 07:37:56.263285     1 MetaClient.cpp:112] Heartbeat failed, status:Machine not existed!
I20251127 07:37:56.263957     1 MetaClient.cpp:137] Waiting for the metad to be ready!
W20251127 07:38:06.264988     1 FileBasedClusterIdMan.cpp:43] Open file failed, error No such file or directory
E20251127 07:38:09.285427     1 MetaClient.cpp:112] Heartbeat failed, status:Machine not existed!
I20251127 07:38:09.286973     1 MetaClient.cpp:137] Waiting for the metad to be ready!
W20251127 07:38:19.287932     1 FileBasedClusterIdMan.cpp:43] Open file failed, error No such file or directory
E20251127 07:38:22.313400     1 MetaClient.cpp:112] Heartbeat failed, status:Machine not existed!
I20251127 07:38:22.314886     1 MetaClient.cpp:137] Waiting for the metad to be ready!
W20251127 07:38:32.315951     1 FileBasedClusterIdMan.cpp:43] Open file failed, error No such file or directory
E20251127 07:38:35.337527     1 MetaClient.cpp:112] Heartbeat failed, status:Machine not existed!
I20251127 07:38:35.338990     1 MetaClient.cpp:137] Waiting for the metad to be ready!
W20251127 07:38:45.339690     1 FileBasedClusterIdMan.cpp:43] Open file failed, error No such file or directory
E20251127 07:38:48.354436     1 MetaClient.cpp:112] Heartbeat failed, status:Machine not existed!
I20251127 07:38:48.355954     1 MetaClient.cpp:137] Waiting for the metad to be ready!
W20251127 07:38:58.357972     1 FileBasedClusterIdMan.cpp:43] Open file failed, error No such file or directory
E20251127 07:39:01.377925     1 MetaClient.cpp:112] Heartbeat failed, status:Machine not existed!
I20251127 07:39:01.379325     1 MetaClient.cpp:137] Waiting for the metad to be ready!
W20251127 07:39:11.392696     1 FileBasedClusterIdMan.cpp:43] Open file failed, error No such file or directory
E20251127 07:39:14.412006     1 MetaClient.cpp:112] Heartbeat failed, status:Machine not existed!
I20251127 07:39:14.413687     1 MetaClient.cpp:137] Waiting for the metad to be ready!
W20251127 07:39:24.415019     1 FileBasedClusterIdMan.cpp:43] Open file failed, error No such file or directory
E20251127 07:39:27.434482     1 MetaClient.cpp:112] Heartbeat failed, status:Machine not existed!
I20251127 07:39:27.435685     1 MetaClient.cpp:137] Waiting for the metad to be ready!
W20251127 07:39:37.436292     1 FileBasedClusterIdMan.cpp:43] Open file failed, error No such file or directory
E20251127 07:39:40.460438     1 MetaClient.cpp:112] Heartbeat failed, status:Machine not existed!
I20251127 07:39:40.462095     1 MetaClient.cpp:137] Waiting for the metad to be ready!
W20251127 07:39:50.463865     1 FileBasedClusterIdMan.cpp:43] Open file failed, error No such file or directory
E20251127 07:39:53.479600     1 MetaClient.cpp:112] Heartbeat failed, status:Machine not existed!
I20251127 07:39:53.479923     1 MetaClient.cpp:137] Waiting for the metad to be ready!
W20251127 07:40:03.480587     1 FileBasedClusterIdMan.cpp:43] Open file failed, error No such file or directory
E20251127 07:40:06.499909     1 MetaClient.cpp:112] Heartbeat failed, status:Machine not existed!
I20251127 07:40:06.501570     1 MetaClient.cpp:137] Waiting for the metad to be ready!
W20251127 07:40:16.506657     1 FileBasedClusterIdMan.cpp:43] Open file failed, error No such file or directory
E20251127 07:40:19.532158     1 MetaClient.cpp:112] Heartbeat failed, status:Machine not existed!
I20251127 07:40:19.533309     1 MetaClient.cpp:137] Waiting for the metad to be ready!
W20251127 07:40:29.537215     1 FileBasedClusterIdMan.cpp:43] Open file failed, error No such file or directory
E20251127 07:40:32.565047     1 MetaClient.cpp:112] Heartbeat failed, status:Machine not existed!
I20251127 07:40:32.566309     1 MetaClient.cpp:137] Waiting for the metad to be ready!
W20251127 07:40:42.567914     1 FileBasedClusterIdMan.cpp:43] Open file failed, error No such file or directory
E20251127 07:40:45.613762     1 MetaClient.cpp:112] Heartbeat failed, status:Machine not existed!
I20251127 07:40:45.615080     1 MetaClient.cpp:137] Waiting for the metad to be ready!
W20251127 07:40:55.616875     1 FileBasedClusterIdMan.cpp:43] Open file failed, error No such file or directory
E20251127 07:40:58.632155     1 MetaClient.cpp:112] Heartbeat failed, status:Machine not existed!
I20251127 07:40:58.632524     1 MetaClient.cpp:137] Waiting for the metad to be ready!
W20251127 07:41:08.638342     1 FileBasedClusterIdMan.cpp:43] Open file failed, error No such file or directory
E20251127 07:41:11.666431     1 MetaClient.cpp:112] Heartbeat failed, status:Machine not existed!
I20251127 07:41:11.667279     1 MetaClient.cpp:137] Waiting for the metad to be ready!
W20251127 07:41:21.669648     1 FileBasedClusterIdMan.cpp:43] Open file failed, error No such file or directory
E20251127 07:41:24.691890     1 MetaClient.cpp:112] Heartbeat failed, status:Machine not existed!
I20251127 07:41:24.692361     1 MetaClient.cpp:137] Waiting for the metad to be ready!
W20251127 07:41:34.694658     1 FileBasedClusterIdMan.cpp:43] Open file failed, error No such file or directory
E20251127 07:41:37.717906     1 MetaClient.cpp:112] Heartbeat failed, status:Machine not existed!
I20251127 07:41:37.718510     1 MetaClient.cpp:137] Waiting for the metad to be ready!
W20251127 07:41:47.719563     1 FileBasedClusterIdMan.cpp:43] Open file failed, error No such file or directory
E20251127 07:41:50.734416     1 MetaClient.cpp:112] Heartbeat failed, status:Machine not existed!
I20251127 07:41:50.735026     1 MetaClient.cpp:137] Waiting for the metad to be ready!
W20251127 07:42:00.737962     1 FileBasedClusterIdMan.cpp:43] Open file failed, error No such file or directory
E20251127 07:42:03.761600     1 MetaClient.cpp:112] Heartbeat failed, status:Machine not existed!
I20251127 07:42:03.762153     1 MetaClient.cpp:137] Waiting for the metad to be ready!
W20251127 07:42:13.763109     1 FileBasedClusterIdMan.cpp:43] Open file failed, error No such file or directory
E20251127 07:42:16.778103     1 MetaClient.cpp:112] Heartbeat failed, status:Machine not existed!
I20251127 07:42:16.778867     1 MetaClient.cpp:137] Waiting for the metad to be ready!
W20251127 07:42:26.780246     1 FileBasedClusterIdMan.cpp:43] Open file failed, error No such file or directory
E20251127 07:42:29.809448     1 MetaClient.cpp:112] Heartbeat failed, status:Machine not existed!
I20251127 07:42:29.814527     1 MetaClient.cpp:137] Waiting for the metad to be ready!
W20251127 07:42:39.817025     1 FileBasedClusterIdMan.cpp:43] Open file failed, error No such file or directory
E20251127 07:42:42.836668     1 MetaClient.cpp:112] Heartbeat failed, status:Machine not existed!
I20251127 07:42:42.837224     1 MetaClient.cpp:137] Waiting for the metad to be ready!
W20251127 07:42:52.838830     1 FileBasedClusterIdMan.cpp:43] Open file failed, error No such file or directory
E20251127 07:42:55.859042     1 MetaClient.cpp:112] Heartbeat failed, status:Machine not existed!
I20251127 07:42:55.859716     1 MetaClient.cpp:137] Waiting for the metad to be ready!
W20251127 07:43:05.861994     1 FileBasedClusterIdMan.cpp:43] Open file failed, error No such file or directory
E20251127 07:43:09.089506     1 MetaClient.cpp:112] Heartbeat failed, status:Machine not existed!
I20251127 07:43:09.090301     1 MetaClient.cpp:137] Waiting for the metad to be ready!
W20251127 07:43:19.086639     1 FileBasedClusterIdMan.cpp:43] Open file failed, error No such file or directory
E20251127 07:43:22.109018     1 MetaClient.cpp:112] Heartbeat failed, status:Machine not existed!
I20251127 07:43:22.109376     1 MetaClient.cpp:137] Waiting for the metad to be ready!
W20251127 07:43:32.110532     1 FileBasedClusterIdMan.cpp:43] Open file failed, error No such file or directory
E20251127 07:43:35.137769     1 MetaClient.cpp:112] Heartbeat failed, status:Machine not existed!
I20251127 07:43:35.138343     1 MetaClient.cpp:137] Waiting for the metad to be ready!
W20251127 07:43:45.145166     1 FileBasedClusterIdMan.cpp:43] Open file failed, error No such file or directory
E20251127 07:43:48.161964     1 MetaClient.cpp:112] Heartbeat failed, status:Machine not existed!
I20251127 07:43:48.162715     1 MetaClient.cpp:137] Waiting for the metad to be ready!
W20251127 07:43:58.163923     1 FileBasedClusterIdMan.cpp:43] Open file failed, error No such file or directory
E20251127 07:44:01.207741     1 MetaClient.cpp:112] Heartbeat failed, status:Machine not existed!
I20251127 07:44:01.208551     1 MetaClient.cpp:137] Waiting for the metad to be ready!
W20251127 07:44:11.210840     1 FileBasedClusterIdMan.cpp:43] Open file failed, error No such file or directory
E20251127 07:44:14.238242     1 MetaClient.cpp:112] Heartbeat failed, status:Machine not existed!
I20251127 07:44:14.238938     1 MetaClient.cpp:137] Waiting for the metad to be ready!
W20251127 07:44:24.243227     1 FileBasedClusterIdMan.cpp:43] Open file failed, error No such file or directory
E20251127 07:44:27.258093     1 MetaClient.cpp:112] Heartbeat failed, status:Machine not existed!
I20251127 07:44:27.258807     1 MetaClient.cpp:137] Waiting for the metad to be ready!
W20251127 07:44:37.260514     1 FileBasedClusterIdMan.cpp:43] Open file failed, error No such file or directory
E20251127 07:44:40.288882     1 MetaClient.cpp:112] Heartbeat failed, status:Machine not existed!
I20251127 07:44:40.289269     1 MetaClient.cpp:137] Waiting for the metad to be ready!
W20251127 07:44:50.291391     1 FileBasedClusterIdMan.cpp:43] Open file failed, error No such file or directory
E20251127 07:44:53.311513     1 MetaClient.cpp:112] Heartbeat failed, status:Machine not existed!
I20251127 07:44:53.312165     1 MetaClient.cpp:137] Waiting for the metad to be ready!
W20251127 07:45:03.313649     1 FileBasedClusterIdMan.cpp:43] Open file failed, error No such file or directory
E20251127 07:45:06.332866     1 MetaClient.cpp:112] Heartbeat failed, status:Machine not existed!
I20251127 07:45:06.333153     1 MetaClient.cpp:137] Waiting for the metad to be ready!
W20251127 07:45:16.334556     1 FileBasedClusterIdMan.cpp:43] Open file failed, error No such file or directory
E20251127 07:45:19.359329     1 MetaClient.cpp:112] Heartbeat failed, status:Machine not existed!
I20251127 07:45:19.359972     1 MetaClient.cpp:137] Waiting for the metad to be ready!
W20251127 07:45:29.361785     1 FileBasedClusterIdMan.cpp:43] Open file failed, error No such file or directory
E20251127 07:45:32.381332     1 MetaClient.cpp:112] Heartbeat failed, status:Machine not existed!
I20251127 07:45:32.382017     1 MetaClient.cpp:137] Waiting for the metad to be ready!
W20251127 07:45:42.384509     1 FileBasedClusterIdMan.cpp:43] Open file failed, error No such file or directory
E20251127 07:45:45.412573     1 MetaClient.cpp:112] Heartbeat failed, status:Machine not existed!
I20251127 07:45:45.413514     1 MetaClient.cpp:137] Waiting for the metad to be ready!
W20251127 07:45:55.415650     1 FileBasedClusterIdMan.cpp:43] Open file failed, error No such file or directory
E20251127 07:45:58.432448     1 MetaClient.cpp:112] Heartbeat failed, status:Machine not existed!
I20251127 07:45:58.432844     1 MetaClient.cpp:137] Waiting for the metad to be ready!
W20251127 07:46:08.438113     1 FileBasedClusterIdMan.cpp:43] Open file failed, error No such file or directory
E20251127 07:46:11.456213     1 MetaClient.cpp:112] Heartbeat failed, status:Machine not existed!
I20251127 07:46:11.456609     1 MetaClient.cpp:137] Waiting for the metad to be ready!
W20251127 07:46:21.458199     1 FileBasedClusterIdMan.cpp:43] Open file failed, error No such file or directory
E20251127 07:46:24.483747     1 MetaClient.cpp:112] Heartbeat failed, status:Machine not existed!
I20251127 07:46:24.484279     1 MetaClient.cpp:137] Waiting for the metad to be ready!
W20251127 07:46:34.487398     1 FileBasedClusterIdMan.cpp:43] Open file failed, error No such file or directory
E20251127 07:46:37.511729     1 MetaClient.cpp:112] Heartbeat failed, status:Machine not existed!
I20251127 07:46:37.512399     1 MetaClient.cpp:137] Waiting for the metad to be ready!
W20251127 07:46:47.515269     1 FileBasedClusterIdMan.cpp:43] Open file failed, error No such file or directory
E20251127 07:46:50.534003     1 MetaClient.cpp:112] Heartbeat failed, status:Machine not existed!
I20251127 07:46:50.534921     1 MetaClient.cpp:137] Waiting for the metad to be ready!
W20251127 07:47:00.535607     1 FileBasedClusterIdMan.cpp:43] Open file failed, error No such file or directory
E20251127 07:47:03.557363     1 MetaClient.cpp:112] Heartbeat failed, status:Machine not existed!
I20251127 07:47:03.558198     1 MetaClient.cpp:137] Waiting for the metad to be ready!
W20251127 07:47:13.558569     1 FileBasedClusterIdMan.cpp:43] Open file failed, error No such file or directory
E20251127 07:47:16.575311     1 MetaClient.cpp:112] Heartbeat failed, status:Machine not existed!
I20251127 07:47:16.576067     1 MetaClient.cpp:137] Waiting for the metad to be ready!
W20251127 07:47:26.578903     1 FileBasedClusterIdMan.cpp:43] Open file failed, error No such file or directory
E20251127 07:47:29.595873     1 MetaClient.cpp:112] Heartbeat failed, status:Machine not existed!
I20251127 07:47:29.596312     1 MetaClient.cpp:137] Waiting for the metad to be ready!
W20251127 07:47:39.602527     1 FileBasedClusterIdMan.cpp:43] Open file failed, error No such file or directory
E20251127 07:47:42.623106     1 MetaClient.cpp:112] Heartbeat failed, status:Machine not existed!
I20251127 07:47:42.623884     1 MetaClient.cpp:137] Waiting for the metad to be ready!
W20251127 07:47:52.625943     1 FileBasedClusterIdMan.cpp:43] Open file failed, error No such file or directory
E20251127 07:47:55.647816     1 MetaClient.cpp:112] Heartbeat failed, status:Machine not existed!
I20251127 07:47:55.648150     1 MetaClient.cpp:137] Waiting for the metad to be ready!
W20251127 07:48:05.648761     1 FileBasedClusterIdMan.cpp:43] Open file failed, error No such file or directory
E20251127 07:48:08.673097     1 MetaClient.cpp:112] Heartbeat failed, status:Machine not existed!
I20251127 07:48:08.673794     1 MetaClient.cpp:137] Waiting for the metad to be ready!
W20251127 07:48:18.685272     1 FileBasedClusterIdMan.cpp:43] Open file failed, error No such file or directory
E20251127 07:48:21.707054     1 MetaClient.cpp:112] Heartbeat failed, status:Machine not existed!
I20251127 07:48:21.707648     1 MetaClient.cpp:137] Waiting for the metad to be ready!
W20251127 07:48:31.709160     1 FileBasedClusterIdMan.cpp:43] Open file failed, error No such file or directory
E20251127 07:48:34.736505     1 MetaClient.cpp:112] Heartbeat failed, status:Machine not existed!
I20251127 07:48:34.737015     1 MetaClient.cpp:137] Waiting for the metad to be ready!
W20251127 07:48:44.738586     1 FileBasedClusterIdMan.cpp:43] Open file failed, error No such file or directory
E20251127 07:48:47.779263     1 MetaClient.cpp:112] Heartbeat failed, status:Machine not existed!
I20251127 07:48:47.779834     1 MetaClient.cpp:137] Waiting for the metad to be ready!
W20251127 07:48:57.781533     1 FileBasedClusterIdMan.cpp:43] Open file failed, error No such file or directory
E20251127 07:49:00.798707     1 MetaClient.cpp:112] Heartbeat failed, status:Machine not existed!
I20251127 07:49:00.800042     1 MetaClient.cpp:137] Waiting for the metad to be ready!
W20251127 07:49:10.803584     1 FileBasedClusterIdMan.cpp:43] Open file failed, error No such file or directory
E20251127 07:49:13.845465     1 MetaClient.cpp:112] Heartbeat failed, status:Machine not existed!
I20251127 07:49:13.846187     1 MetaClient.cpp:137] Waiting for the metad to be ready!
W20251127 07:49:23.847812     1 FileBasedClusterIdMan.cpp:43] Open file failed, error No such file or directory
E20251127 07:49:26.873459     1 MetaClient.cpp:112] Heartbeat failed, status:Machine not existed!
I20251127 07:49:26.874380     1 MetaClient.cpp:137] Waiting for the metad to be ready!
W20251127 07:49:36.877287     1 FileBasedClusterIdMan.cpp:43] Open file failed, error No such file or directory
E20251127 07:49:39.903445     1 MetaClient.cpp:112] Heartbeat failed, status:Machine not existed!
I20251127 07:49:39.904994     1 MetaClient.cpp:137] Waiting for the metad to be ready!
W20251127 07:49:49.925325     1 FileBasedClusterIdMan.cpp:43] Open file failed, error No such file or directory
E20251127 07:49:52.947077     1 MetaClient.cpp:112] Heartbeat failed, status:Machine not existed!
I20251127 07:49:52.947587     1 MetaClient.cpp:137] Waiting for the metad to be ready!
W20251127 07:50:02.950209     1 FileBasedClusterIdMan.cpp:43] Open file failed, error No such file or directory
E20251127 07:50:05.978546     1 MetaClient.cpp:112] Heartbeat failed, status:Machine not existed!
I20251127 07:50:05.979525     1 MetaClient.cpp:137] Waiting for the metad to be ready!
W20251127 07:50:15.985852     1 FileBasedClusterIdMan.cpp:43] Open file failed, error No such file or directory
E20251127 07:50:19.010280     1 MetaClient.cpp:112] Heartbeat failed, status:Machine not existed!
I20251127 07:50:19.011008     1 MetaClient.cpp:137] Waiting for the metad to be ready!
W20251127 07:50:29.013239     1 FileBasedClusterIdMan.cpp:43] Open file failed, error No such file or directory
E20251127 07:50:32.038244     1 MetaClient.cpp:112] Heartbeat failed, status:Machine not existed!
I20251127 07:50:32.039871     1 MetaClient.cpp:137] Waiting for the metad to be ready!
W20251127 07:50:42.042729     1 FileBasedClusterIdMan.cpp:43] Open file failed, error No such file or directory
E20251127 07:50:45.061975     1 MetaClient.cpp:112] Heartbeat failed, status:Machine not existed!
I20251127 07:50:45.062412     1 MetaClient.cpp:137] Waiting for the metad to be ready!
W20251127 07:50:55.062990     1 FileBasedClusterIdMan.cpp:43] Open file failed, error No such file or directory
E20251127 07:50:58.085204     1 MetaClient.cpp:112] Heartbeat failed, status:Machine not existed!
I20251127 07:50:58.085994     1 MetaClient.cpp:137] Waiting for the metad to be ready!
W20251127 07:51:08.088748     1 FileBasedClusterIdMan.cpp:43] Open file failed, error No such file or directory
E20251127 07:51:11.105214     1 MetaClient.cpp:112] Heartbeat failed, status:Machine not existed!
I20251127 07:51:11.105945     1 MetaClient.cpp:137] Waiting for the metad to be ready!
W20251127 07:51:21.108621     1 FileBasedClusterIdMan.cpp:43] Open file failed, error No such file or directory
E20251127 07:51:24.132879     1 MetaClient.cpp:112] Heartbeat failed, status:Machine not existed!
I20251127 07:51:24.133877     1 MetaClient.cpp:137] Waiting for the metad to be ready!
W20251127 07:51:34.135615     1 FileBasedClusterIdMan.cpp:43] Open file failed, error No such file or directory
E20251127 07:51:37.161623     1 MetaClient.cpp:112] Heartbeat failed, status:Machine not existed!
I20251127 07:51:37.162520     1 MetaClient.cpp:137] Waiting for the metad to be ready!
W20251127 07:51:47.169377     1 FileBasedClusterIdMan.cpp:43] Open file failed, error No such file or directory
E20251127 07:51:50.192032     1 MetaClient.cpp:112] Heartbeat failed, status:Machine not existed!
I20251127 07:51:50.192452     1 MetaClient.cpp:137] Waiting for the metad to be ready!
W20251127 07:52:00.193823     1 FileBasedClusterIdMan.cpp:43] Open file failed, error No such file or directory
E20251127 07:52:03.209105     1 MetaClient.cpp:112] Heartbeat failed, status:Machine not existed!
I20251127 07:52:03.209988     1 MetaClient.cpp:137] Waiting for the metad to be ready!
W20251127 07:52:13.211912     1 FileBasedClusterIdMan.cpp:43] Open file failed, error No such file or directory
E20251127 07:52:16.241688     1 MetaClient.cpp:112] Heartbeat failed, status:Machine not existed!
I20251127 07:52:16.242735     1 MetaClient.cpp:137] Waiting for the metad to be ready!
W20251127 07:52:26.244918     1 FileBasedClusterIdMan.cpp:43] Open file failed, error No such file or directory
E20251127 07:52:29.274855     1 MetaClient.cpp:112] Heartbeat failed, status:Machine not existed!
I20251127 07:52:29.275892     1 MetaClient.cpp:137] Waiting for the metad to be ready!
W20251127 07:52:39.278056     1 FileBasedClusterIdMan.cpp:43] Open file failed, error No such file or directory
E20251127 07:52:42.296710     1 MetaClient.cpp:112] Heartbeat failed, status:Machine not existed!
I20251127 07:52:42.298292     1 MetaClient.cpp:137] Waiting for the metad to be ready!
W20251127 07:52:52.299811     1 FileBasedClusterIdMan.cpp:43] Open file failed, error No such file or directory
E20251127 07:52:55.315090     1 MetaClient.cpp:112] Heartbeat failed, status:Machine not existed!
I20251127 07:52:55.315694     1 MetaClient.cpp:137] Waiting for the metad to be ready!
W20251127 07:53:05.319497     1 FileBasedClusterIdMan.cpp:43] Open file failed, error No such file or directory
E20251127 07:53:08.339881     1 MetaClient.cpp:112] Heartbeat failed, status:Machine not existed!
I20251127 07:53:08.340744     1 MetaClient.cpp:137] Waiting for the metad to be ready!
W20251127 07:53:18.337687     1 FileBasedClusterIdMan.cpp:43] Open file failed, error No such file or directory
E20251127 07:53:21.364576     1 MetaClient.cpp:112] Heartbeat failed, status:Machine not existed!
I20251127 07:53:21.366093     1 MetaClient.cpp:137] Waiting for the metad to be ready!
W20251127 07:53:31.369473     1 FileBasedClusterIdMan.cpp:43] Open file failed, error No such file or directory
E20251127 07:53:34.396229     1 MetaClient.cpp:112] Heartbeat failed, status:Machine not existed!
I20251127 07:53:34.397488     1 MetaClient.cpp:137] Waiting for the metad to be ready!
W20251127 07:53:44.405336     1 FileBasedClusterIdMan.cpp:43] Open file failed, error No such file or directory
E20251127 07:53:47.418504     1 MetaClient.cpp:112] Heartbeat failed, status:Machine not existed!
I20251127 07:53:47.419184     1 MetaClient.cpp:137] Waiting for the metad to be ready!
W20251127 07:53:57.421705     1 FileBasedClusterIdMan.cpp:43] Open file failed, error No such file or directory
E20251127 07:54:00.449219     1 MetaClient.cpp:112] Heartbeat failed, status:Machine not existed!
I20251127 07:54:00.450713     1 MetaClient.cpp:137] Waiting for the metad to be ready!
W20251127 07:54:10.454121     1 FileBasedClusterIdMan.cpp:43] Open file failed, error No such file or directory
E20251127 07:54:13.478688     1 MetaClient.cpp:112] Heartbeat failed, status:Machine not existed!
I20251127 07:54:13.480773     1 MetaClient.cpp:137] Waiting for the metad to be ready!
W20251127 07:54:23.483222     1 FileBasedClusterIdMan.cpp:43] Open file failed, error No such file or directory
E20251127 07:54:26.504699     1 MetaClient.cpp:112] Heartbeat failed, status:Machine not existed!
I20251127 07:54:26.505659     1 MetaClient.cpp:137] Waiting for the metad to be ready!
W20251127 07:54:36.507218     1 FileBasedClusterIdMan.cpp:43] Open file failed, error No such file or directory
E20251127 07:54:39.520764     1 MetaClient.cpp:112] Heartbeat failed, status:Machine not existed!
I20251127 07:54:39.521317     1 MetaClient.cpp:137] Waiting for the metad to be ready!
W20251127 07:54:49.523772     1 FileBasedClusterIdMan.cpp:43] Open file failed, error No such file or directory
E20251127 07:54:52.551359     1 MetaClient.cpp:112] Heartbeat failed, status:Machine not existed!
I20251127 07:54:52.552069     1 MetaClient.cpp:137] Waiting for the metad to be ready!
W20251127 07:55:02.554634     1 FileBasedClusterIdMan.cpp:43] Open file failed, error No such file or directory
E20251127 07:55:05.572669     1 MetaClient.cpp:112] Heartbeat failed, status:Machine not existed!
I20251127 07:55:05.574107     1 MetaClient.cpp:137] Waiting for the metad to be ready!
W20251127 07:55:15.578336     1 FileBasedClusterIdMan.cpp:43] Open file failed, error No such file or directory
E20251127 07:55:18.599061     1 MetaClient.cpp:112] Heartbeat failed, status:Machine not existed!
I20251127 07:55:18.599970     1 MetaClient.cpp:137] Waiting for the metad to be ready!
W20251127 07:55:28.601763     1 FileBasedClusterIdMan.cpp:43] Open file failed, error No such file or directory
E20251127 07:55:31.629448     1 MetaClient.cpp:112] Heartbeat failed, status:Machine not existed!
I20251127 07:55:31.632894     1 MetaClient.cpp:137] Waiting for the metad to be ready!
W20251127 07:55:41.635934     1 FileBasedClusterIdMan.cpp:43] Open file failed, error No such file or directory
E20251127 07:55:44.658639     1 MetaClient.cpp:112] Heartbeat failed, status:Machine not existed!
I20251127 07:55:44.660116     1 MetaClient.cpp:137] Waiting for the metad to be ready!
W20251127 07:55:54.661765     1 FileBasedClusterIdMan.cpp:43] Open file failed, error No such file or directory
E20251127 07:55:57.681864     1 MetaClient.cpp:112] Heartbeat failed, status:Machine not existed!
I20251127 07:55:57.684823     1 MetaClient.cpp:137] Waiting for the metad to be ready!
W20251127 07:56:07.686535     1 FileBasedClusterIdMan.cpp:43] Open file failed, error No such file or directory
E20251127 07:56:10.704628     1 MetaClient.cpp:112] Heartbeat failed, status:Machine not existed!
I20251127 07:56:10.706017     1 MetaClient.cpp:137] Waiting for the metad to be ready!
W20251127 07:56:20.710572     1 FileBasedClusterIdMan.cpp:43] Open file failed, error No such file or directory
E20251127 07:56:23.734228     1 MetaClient.cpp:112] Heartbeat failed, status:Machine not existed!
I20251127 07:56:23.735386     1 MetaClient.cpp:137] Waiting for the metad to be ready!
W20251127 07:56:33.737663     1 FileBasedClusterIdMan.cpp:43] Open file failed, error No such file or directory
E20251127 07:56:36.763137     1 MetaClient.cpp:112] Heartbeat failed, status:Machine not existed!
I20251127 07:56:36.763933     1 MetaClient.cpp:137] Waiting for the metad to be ready!
W20251127 07:56:46.768138     1 FileBasedClusterIdMan.cpp:43] Open file failed, error No such file or directory
E20251127 07:56:49.789326     1 MetaClient.cpp:112] Heartbeat failed, status:Machine not existed!
I20251127 07:56:49.790887     1 MetaClient.cpp:137] Waiting for the metad to be ready!
W20251127 07:56:59.791977     1 FileBasedClusterIdMan.cpp:43] Open file failed, error No such file or directory
E20251127 07:57:02.811005     1 MetaClient.cpp:112] Heartbeat failed, status:Machine not existed!
I20251127 07:57:02.811610     1 MetaClient.cpp:137] Waiting for the metad to be ready!
W20251127 07:57:12.812089     1 FileBasedClusterIdMan.cpp:43] Open file failed, error No such file or directory
E20251127 07:57:15.833211     1 MetaClient.cpp:112] Heartbeat failed, status:Machine not existed!
I20251127 07:57:15.834116     1 MetaClient.cpp:137] Waiting for the metad to be ready!
W20251127 07:57:25.835642     1 FileBasedClusterIdMan.cpp:43] Open file failed, error No such file or directory
E20251127 07:57:28.861016     1 MetaClient.cpp:112] Heartbeat failed, status:Machine not existed!
I20251127 07:57:28.861824     1 MetaClient.cpp:137] Waiting for the metad to be ready!
W20251127 07:57:38.865307     1 FileBasedClusterIdMan.cpp:43] Open file failed, error No such file or directory
E20251127 07:57:41.889142     1 MetaClient.cpp:112] Heartbeat failed, status:Machine not existed!
I20251127 07:57:41.889822     1 MetaClient.cpp:137] Waiting for the metad to be ready!
W20251127 07:57:51.890529     1 FileBasedClusterIdMan.cpp:43] Open file failed, error No such file or directory
E20251127 07:57:54.910848     1 MetaClient.cpp:112] Heartbeat failed, status:Machine not existed!
I20251127 07:57:54.911691     1 MetaClient.cpp:137] Waiting for the metad to be ready!
W20251127 07:58:04.915012     1 FileBasedClusterIdMan.cpp:43] Open file failed, error No such file or directory
E20251127 07:58:07.938660     1 MetaClient.cpp:112] Heartbeat failed, status:Machine not existed!
I20251127 07:58:07.939498     1 MetaClient.cpp:137] Waiting for the metad to be ready!
W20251127 07:58:17.947088     1 FileBasedClusterIdMan.cpp:43] Open file failed, error No such file or directory
E20251127 07:58:20.968439     1 MetaClient.cpp:112] Heartbeat failed, status:Machine not existed!
I20251127 07:58:20.969007     1 MetaClient.cpp:137] Waiting for the metad to be ready!
W20251127 07:58:30.970135     1 FileBasedClusterIdMan.cpp:43] Open file failed, error No such file or directory
E20251127 07:58:33.998471     1 MetaClient.cpp:112] Heartbeat failed, status:Machine not existed!
I20251127 07:58:33.998953     1 MetaClient.cpp:137] Waiting for the metad to be ready!
W20251127 07:58:44.005672     1 FileBasedClusterIdMan.cpp:43] Open file failed, error No such file or directory
E20251127 07:58:47.028653     1 MetaClient.cpp:112] Heartbeat failed, status:Machine not existed!
I20251127 07:58:47.029170     1 MetaClient.cpp:137] Waiting for the metad to be ready!
W20251127 07:58:57.037869     1 FileBasedClusterIdMan.cpp:43] Open file failed, error No such file or directory
E20251127 07:59:00.059302     1 MetaClient.cpp:112] Heartbeat failed, status:Machine not existed!
I20251127 07:59:00.059897     1 MetaClient.cpp:137] Waiting for the metad to be ready!
W20251127 07:59:10.064567     1 FileBasedClusterIdMan.cpp:43] Open file failed, error No such file or directory
E20251127 07:59:13.090615     1 MetaClient.cpp:112] Heartbeat failed, status:Machine not existed!
I20251127 07:59:13.091565     1 MetaClient.cpp:137] Waiting for the metad to be ready!
W20251127 07:59:23.092516     1 FileBasedClusterIdMan.cpp:43] Open file failed, error No such file or directory
E20251127 07:59:26.116243     1 MetaClient.cpp:112] Heartbeat failed, status:Machine not existed!
I20251127 07:59:26.117019     1 MetaClient.cpp:137] Waiting for the metad to be ready!
W20251127 07:59:36.120208     1 FileBasedClusterIdMan.cpp:43] Open file failed, error No such file or directory
E20251127 07:59:39.142670     1 MetaClient.cpp:112] Heartbeat failed, status:Machine not existed!
I20251127 07:59:39.143087     1 MetaClient.cpp:137] Waiting for the metad to be ready!
W20251127 07:59:49.149500     1 FileBasedClusterIdMan.cpp:43] Open file failed, error No such file or directory
E20251127 07:59:52.170492     1 MetaClient.cpp:112] Heartbeat failed, status:Machine not existed!
I20251127 07:59:52.171172     1 MetaClient.cpp:137] Waiting for the metad to be ready!
W20251127 08:00:02.176101     1 FileBasedClusterIdMan.cpp:43] Open file failed, error No such file or directory
E20251127 08:00:05.201826     1 MetaClient.cpp:112] Heartbeat failed, status:Machine not existed!
I20251127 08:00:05.202595     1 MetaClient.cpp:137] Waiting for the metad to be ready!
W20251127 08:00:15.204362     1 FileBasedClusterIdMan.cpp:43] Open file failed, error No such file or directory
E20251127 08:00:18.224682     1 MetaClient.cpp:112] Heartbeat failed, status:Machine not existed!
I20251127 08:00:18.225297     1 MetaClient.cpp:137] Waiting for the metad to be ready!
W20251127 08:00:28.227222     1 FileBasedClusterIdMan.cpp:43] Open file failed, error No such file or directory
E20251127 08:00:31.253104     1 MetaClient.cpp:112] Heartbeat failed, status:Machine not existed!
I20251127 08:00:31.254284     1 MetaClient.cpp:137] Waiting for the metad to be ready!
W20251127 08:00:41.255223     1 FileBasedClusterIdMan.cpp:43] Open file failed, error No such file or directory
E20251127 08:00:44.274600     1 MetaClient.cpp:112] Heartbeat failed, status:Machine not existed!
I20251127 08:00:44.275081     1 MetaClient.cpp:137] Waiting for the metad to be ready!
W20251127 08:00:54.277220     1 FileBasedClusterIdMan.cpp:43] Open file failed, error No such file or directory
E20251127 08:00:57.307917     1 MetaClient.cpp:112] Heartbeat failed, status:Machine not existed!
I20251127 08:00:57.308975     1 MetaClient.cpp:137] Waiting for the metad to be ready!
W20251127 08:01:07.311079     1 FileBasedClusterIdMan.cpp:43] Open file failed, error No such file or directory
E20251127 08:01:10.332185     1 MetaClient.cpp:112] Heartbeat failed, status:Machine not existed!
I20251127 08:01:10.332763     1 MetaClient.cpp:137] Waiting for the metad to be ready!
W20251127 08:01:20.334781     1 FileBasedClusterIdMan.cpp:43] Open file failed, error No such file or directory
E20251127 08:01:23.359699     1 MetaClient.cpp:112] Heartbeat failed, status:Machine not existed!
I20251127 08:01:23.360334     1 MetaClient.cpp:137] Waiting for the metad to be ready!
W20251127 08:01:33.368024     1 FileBasedClusterIdMan.cpp:43] Open file failed, error No such file or directory
E20251127 08:01:36.401072     1 MetaClient.cpp:112] Heartbeat failed, status:Machine not existed!
I20251127 08:01:36.401856     1 MetaClient.cpp:137] Waiting for the metad to be ready!
W20251127 08:01:46.403928     1 FileBasedClusterIdMan.cpp:43] Open file failed, error No such file or directory
E20251127 08:01:49.423427     1 MetaClient.cpp:112] Heartbeat failed, status:Machine not existed!
I20251127 08:01:49.423766     1 MetaClient.cpp:137] Waiting for the metad to be ready!
W20251127 08:01:59.426770     1 FileBasedClusterIdMan.cpp:43] Open file failed, error No such file or directory
E20251127 08:02:02.449306     1 MetaClient.cpp:112] Heartbeat failed, status:Machine not existed!
I20251127 08:02:02.449808     1 MetaClient.cpp:137] Waiting for the metad to be ready!
W20251127 08:02:12.454782     1 FileBasedClusterIdMan.cpp:43] Open file failed, error No such file or directory
E20251127 08:02:15.471732     1 MetaClient.cpp:112] Heartbeat failed, status:Machine not existed!
I20251127 08:02:15.472064     1 MetaClient.cpp:137] Waiting for the metad to be ready!
W20251127 08:02:25.473789     1 FileBasedClusterIdMan.cpp:43] Open file failed, error No such file or directory
E20251127 08:02:28.492133     1 MetaClient.cpp:112] Heartbeat failed, status:Machine not existed!
I20251127 08:02:28.492849     1 MetaClient.cpp:137] Waiting for the metad to be ready!
W20251127 08:02:38.494385     1 FileBasedClusterIdMan.cpp:43] Open file failed, error No such file or directory
E20251127 08:02:41.517870     1 MetaClient.cpp:112] Heartbeat failed, status:Machine not existed!
I20251127 08:02:41.518292     1 MetaClient.cpp:137] Waiting for the metad to be ready!
W20251127 08:02:51.519718     1 FileBasedClusterIdMan.cpp:43] Open file failed, error No such file or directory
E20251127 08:02:54.536741     1 MetaClient.cpp:112] Heartbeat failed, status:Machine not existed!
I20251127 08:02:54.537269     1 MetaClient.cpp:137] Waiting for the metad to be ready!
W20251127 08:03:04.542877     1 FileBasedClusterIdMan.cpp:43] Open file failed, error No such file or directory
E20251127 08:03:07.558475     1 MetaClient.cpp:112] Heartbeat failed, status:Machine not existed!
I20251127 08:03:07.559095     1 MetaClient.cpp:137] Waiting for the metad to be ready!
W20251127 08:03:17.562585     1 FileBasedClusterIdMan.cpp:43] Open file failed, error No such file or directory
E20251127 08:03:20.586956     1 MetaClient.cpp:112] Heartbeat failed, status:Machine not existed!
I20251127 08:03:20.588434     1 MetaClient.cpp:137] Waiting for the metad to be ready!
W20251127 08:03:30.592489     1 FileBasedClusterIdMan.cpp:43] Open file failed, error No such file or directory
E20251127 08:03:33.746924     1 MetaClient.cpp:112] Heartbeat failed, status:Machine not existed!
I20251127 08:03:33.748288     1 MetaClient.cpp:137] Waiting for the metad to be ready!
W20251127 08:03:43.750308     1 FileBasedClusterIdMan.cpp:43] Open file failed, error No such file or directory
E20251127 08:03:46.775135     1 MetaClient.cpp:112] Heartbeat failed, status:Machine not existed!
I20251127 08:03:46.775665     1 MetaClient.cpp:137] Waiting for the metad to be ready!
W20251127 08:03:56.777081     1 FileBasedClusterIdMan.cpp:43] Open file failed, error No such file or directory
E20251127 08:03:59.799772     1 MetaClient.cpp:112] Heartbeat failed, status:Machine not existed!
I20251127 08:03:59.800092     1 MetaClient.cpp:137] Waiting for the metad to be ready!
W20251127 08:04:09.804109     1 FileBasedClusterIdMan.cpp:43] Open file failed, error No such file or directory
E20251127 08:04:12.824653     1 MetaClient.cpp:112] Heartbeat failed, status:Machine not existed!
I20251127 08:04:12.825160     1 MetaClient.cpp:137] Waiting for the metad to be ready!
W20251127 08:04:22.829483     1 FileBasedClusterIdMan.cpp:43] Open file failed, error No such file or directory
E20251127 08:04:25.858659     1 MetaClient.cpp:112] Heartbeat failed, status:Machine not existed!
I20251127 08:04:25.859426     1 MetaClient.cpp:137] Waiting for the metad to be ready!
W20251127 08:04:35.860458     1 FileBasedClusterIdMan.cpp:43] Open file failed, error No such file or directory
E20251127 08:04:38.878121     1 MetaClient.cpp:112] Heartbeat failed, status:Machine not existed!
I20251127 08:04:38.878984     1 MetaClient.cpp:137] Waiting for the metad to be ready!
W20251127 08:04:48.881299     1 FileBasedClusterIdMan.cpp:43] Open file failed, error No such file or directory
E20251127 08:04:51.901858     1 MetaClient.cpp:112] Heartbeat failed, status:Machine not existed!
I20251127 08:04:51.902608     1 MetaClient.cpp:137] Waiting for the metad to be ready!
W20251127 08:05:01.904373     1 FileBasedClusterIdMan.cpp:43] Open file failed, error No such file or directory
E20251127 08:05:04.934245     1 MetaClient.cpp:112] Heartbeat failed, status:Machine not existed!
I20251127 08:05:04.935199     1 MetaClient.cpp:137] Waiting for the metad to be ready!
W20251127 08:05:14.936441     1 FileBasedClusterIdMan.cpp:43] Open file failed, error No such file or directory
E20251127 08:05:17.967249     1 MetaClient.cpp:112] Heartbeat failed, status:Machine not existed!
I20251127 08:05:17.968386     1 MetaClient.cpp:137] Waiting for the metad to be ready!
W20251127 08:05:27.969908     1 FileBasedClusterIdMan.cpp:43] Open file failed, error No such file or directory
E20251127 08:05:30.992878     1 MetaClient.cpp:112] Heartbeat failed, status:Machine not existed!
I20251127 08:05:30.993427     1 MetaClient.cpp:137] Waiting for the metad to be ready!
W20251127 08:05:40.997645     1 FileBasedClusterIdMan.cpp:43] Open file failed, error No such file or directory
E20251127 08:05:44.020922     1 MetaClient.cpp:112] Heartbeat failed, status:Machine not existed!
I20251127 08:05:44.021510     1 MetaClient.cpp:137] Waiting for the metad to be ready!
W20251127 08:05:54.026201     1 FileBasedClusterIdMan.cpp:43] Open file failed, error No such file or directory
E20251127 08:05:57.052861     1 MetaClient.cpp:112] Heartbeat failed, status:Machine not existed!
I20251127 08:05:57.053799     1 MetaClient.cpp:137] Waiting for the metad to be ready!
W20251127 08:06:07.055421     1 FileBasedClusterIdMan.cpp:43] Open file failed, error No such file or directory
E20251127 08:06:10.097545     1 MetaClient.cpp:112] Heartbeat failed, status:Machine not existed!
I20251127 08:06:10.098235     1 MetaClient.cpp:137] Waiting for the metad to be ready!
W20251127 08:06:20.098002     1 FileBasedClusterIdMan.cpp:43] Open file failed, error No such file or directory
E20251127 08:06:23.116493     1 MetaClient.cpp:112] Heartbeat failed, status:Machine not existed!
I20251127 08:06:23.117206     1 MetaClient.cpp:137] Waiting for the metad to be ready!
W20251127 08:06:33.120002     1 FileBasedClusterIdMan.cpp:43] Open file failed, error No such file or directory
E20251127 08:06:36.140317     1 MetaClient.cpp:112] Heartbeat failed, status:Machine not existed!
I20251127 08:06:36.141562     1 MetaClient.cpp:137] Waiting for the metad to be ready!
I20251127 08:06:39.166630     1 StorageDaemon.cpp:201] Signal 15(Terminated) received, stopping this server
W20251127 08:06:39.168287     1 FileBasedClusterIdMan.cpp:43] Open file failed, error No such file or directory
E20251127 08:06:42.182096     1 MetaClient.cpp:112] Heartbeat failed, status:Machine not existed!
E20251127 08:06:42.182762     1 MetaClient.cpp:143] Connect to the MetaServer Failed
E20251127 08:06:42.184180     1 StorageServer.cpp:237] waitForMetadReady error!
E20251127 08:06:42.184868     1 StorageDaemon.cpp:180] Storage server start failed
I20251127 08:08:09.281927     1 StorageDaemon.cpp:132] localhost = "nebula-storaged":9779
I20251127 08:08:09.331962     1 StorageDaemon.cpp:147] data path= /data/storage
I20251127 08:08:09.368389     1 MetaClient.cpp:80] Create meta client to "nebula-metad":9559
I20251127 08:08:09.369782     1 MetaClient.cpp:81] root path: /usr/local/nebula, data path size: 1
W20251127 08:08:09.375012     1 FileBasedClusterIdMan.cpp:43] Open file failed, error No such file or directory
I20251127 08:08:14.730731    47 ThriftClientManager-inl.h:67] resolve "nebula-metad":9559 as "172.18.0.4":9559
E20251127 08:08:17.777989     1 MetaClient.cpp:112] Heartbeat failed, status:Machine not existed!
I20251127 08:08:17.779861     1 MetaClient.cpp:137] Waiting for the metad to be ready!
W20251127 08:08:27.782467     1 FileBasedClusterIdMan.cpp:43] Open file failed, error No such file or directory
I20251127 08:08:32.794423    53 ThriftClientManager-inl.h:67] resolve "nebula-metad":9559 as "172.18.0.4":9559
E20251127 08:08:35.818300     1 MetaClient.cpp:112] Heartbeat failed, status:Machine not existed!
I20251127 08:08:35.818956     1 MetaClient.cpp:137] Waiting for the metad to be ready!
W20251127 08:08:45.815862     1 FileBasedClusterIdMan.cpp:43] Open file failed, error No such file or directory
I20251127 08:08:50.846343    54 ThriftClientManager-inl.h:67] resolve "nebula-metad":9559 as "172.18.0.4":9559
E20251127 08:08:53.887219     1 MetaClient.cpp:112] Heartbeat failed, status:Machine not existed!
I20251127 08:08:53.887950     1 MetaClient.cpp:137] Waiting for the metad to be ready!
W20251127 08:09:03.890324     1 FileBasedClusterIdMan.cpp:43] Open file failed, error No such file or directory
I20251127 08:09:03.901796    55 ThriftClientManager-inl.h:67] resolve "nebula-metad":9559 as "172.18.0.4":9559
E20251127 08:09:06.945379     1 MetaClient.cpp:112] Heartbeat failed, status:Machine not existed!
I20251127 08:09:06.945963     1 MetaClient.cpp:137] Waiting for the metad to be ready!
W20251127 08:09:16.957602     1 FileBasedClusterIdMan.cpp:43] Open file failed, error No such file or directory
I20251127 08:09:16.963588    56 ThriftClientManager-inl.h:67] resolve "nebula-metad":9559 as "172.18.0.4":9559
E20251127 08:09:19.988236     1 MetaClient.cpp:112] Heartbeat failed, status:Machine not existed!
I20251127 08:09:19.989091     1 MetaClient.cpp:137] Waiting for the metad to be ready!
W20251127 08:09:29.996177     1 FileBasedClusterIdMan.cpp:43] Open file failed, error No such file or directory
I20251127 08:09:30.008611    57 ThriftClientManager-inl.h:67] resolve "nebula-metad":9559 as "172.18.0.4":9559
E20251127 08:09:33.025223     1 MetaClient.cpp:112] Heartbeat failed, status:Machine not existed!
I20251127 08:09:33.025833     1 MetaClient.cpp:137] Waiting for the metad to be ready!
W20251127 08:09:43.029021     1 FileBasedClusterIdMan.cpp:43] Open file failed, error No such file or directory
I20251127 08:09:43.035817    58 ThriftClientManager-inl.h:67] resolve "nebula-metad":9559 as "172.18.0.4":9559
E20251127 08:09:46.058940     1 MetaClient.cpp:112] Heartbeat failed, status:Machine not existed!
I20251127 08:09:46.059835     1 MetaClient.cpp:137] Waiting for the metad to be ready!
W20251127 08:09:56.061926     1 FileBasedClusterIdMan.cpp:43] Open file failed, error No such file or directory
I20251127 08:09:56.068970    59 ThriftClientManager-inl.h:67] resolve "nebula-metad":9559 as "172.18.0.4":9559
E20251127 08:09:59.088784     1 MetaClient.cpp:112] Heartbeat failed, status:Machine not existed!
I20251127 08:09:59.089682     1 MetaClient.cpp:137] Waiting for the metad to be ready!
W20251127 08:10:09.093494     1 FileBasedClusterIdMan.cpp:43] Open file failed, error No such file or directory
I20251127 08:10:09.101788    60 ThriftClientManager-inl.h:67] resolve "nebula-metad":9559 as "172.18.0.4":9559
E20251127 08:10:12.119696     1 MetaClient.cpp:112] Heartbeat failed, status:Machine not existed!
I20251127 08:10:12.120165     1 MetaClient.cpp:137] Waiting for the metad to be ready!
W20251127 08:10:22.126382     1 FileBasedClusterIdMan.cpp:43] Open file failed, error No such file or directory
I20251127 08:10:22.132745    61 ThriftClientManager-inl.h:67] resolve "nebula-metad":9559 as "172.18.0.4":9559
E20251127 08:10:25.152792     1 MetaClient.cpp:112] Heartbeat failed, status:Machine not existed!
I20251127 08:10:25.153429     1 MetaClient.cpp:137] Waiting for the metad to be ready!
W20251127 08:10:35.154968     1 FileBasedClusterIdMan.cpp:43] Open file failed, error No such file or directory
I20251127 08:10:35.161463    62 ThriftClientManager-inl.h:67] resolve "nebula-metad":9559 as "172.18.0.4":9559
E20251127 08:10:38.196853     1 MetaClient.cpp:112] Heartbeat failed, status:Machine not existed!
I20251127 08:10:38.197425     1 MetaClient.cpp:137] Waiting for the metad to be ready!
W20251127 08:10:48.199108     1 FileBasedClusterIdMan.cpp:43] Open file failed, error No such file or directory
I20251127 08:10:48.202802    63 ThriftClientManager-inl.h:67] resolve "nebula-metad":9559 as "172.18.0.4":9559
E20251127 08:10:51.228377     1 MetaClient.cpp:112] Heartbeat failed, status:Machine not existed!
I20251127 08:10:51.229097     1 MetaClient.cpp:137] Waiting for the metad to be ready!
W20251127 08:11:01.231946     1 FileBasedClusterIdMan.cpp:43] Open file failed, error No such file or directory
I20251127 08:11:01.234436    64 ThriftClientManager-inl.h:67] resolve "nebula-metad":9559 as "172.18.0.4":9559
E20251127 08:11:04.252051     1 MetaClient.cpp:112] Heartbeat failed, status:Machine not existed!
I20251127 08:11:04.253655     1 MetaClient.cpp:137] Waiting for the metad to be ready!
W20251127 08:11:14.259850     1 FileBasedClusterIdMan.cpp:43] Open file failed, error No such file or directory
I20251127 08:11:19.270629    65 ThriftClientManager-inl.h:67] resolve "nebula-metad":9559 as "172.18.0.4":9559
E20251127 08:11:22.292488     1 MetaClient.cpp:112] Heartbeat failed, status:Machine not existed!
I20251127 08:11:22.293184     1 MetaClient.cpp:137] Waiting for the metad to be ready!
W20251127 08:11:32.298024     1 FileBasedClusterIdMan.cpp:43] Open file failed, error No such file or directory
I20251127 08:11:32.304988    66 ThriftClientManager-inl.h:67] resolve "nebula-metad":9559 as "172.18.0.4":9559
E20251127 08:11:35.320637     1 MetaClient.cpp:112] Heartbeat failed, status:Machine not existed!
I20251127 08:11:35.321205     1 MetaClient.cpp:137] Waiting for the metad to be ready!
W20251127 08:11:45.328660     1 FileBasedClusterIdMan.cpp:43] Open file failed, error No such file or directory
I20251127 08:11:45.336668    67 ThriftClientManager-inl.h:67] resolve "nebula-metad":9559 as "172.18.0.4":9559
E20251127 08:11:48.362309     1 MetaClient.cpp:112] Heartbeat failed, status:Machine not existed!
I20251127 08:11:48.362905     1 MetaClient.cpp:137] Waiting for the metad to be ready!
W20251127 08:11:58.367631     1 FileBasedClusterIdMan.cpp:43] Open file failed, error No such file or directory
E20251127 08:12:01.403046     1 MetaClient.cpp:112] Heartbeat failed, status:Machine not existed!
I20251127 08:12:01.403649     1 MetaClient.cpp:137] Waiting for the metad to be ready!
W20251127 08:12:11.405778     1 FileBasedClusterIdMan.cpp:43] Open file failed, error No such file or directory
E20251127 08:12:14.423846     1 MetaClient.cpp:112] Heartbeat failed, status:Machine not existed!
I20251127 08:12:14.424815     1 MetaClient.cpp:137] Waiting for the metad to be ready!
W20251127 08:12:24.427004     1 FileBasedClusterIdMan.cpp:43] Open file failed, error No such file or directory
E20251127 08:12:27.455452     1 MetaClient.cpp:112] Heartbeat failed, status:Machine not existed!
I20251127 08:12:27.456482     1 MetaClient.cpp:137] Waiting for the metad to be ready!
W20251127 08:12:37.462448     1 FileBasedClusterIdMan.cpp:43] Open file failed, error No such file or directory
E20251127 08:12:40.480549     1 MetaClient.cpp:112] Heartbeat failed, status:Machine not existed!
I20251127 08:12:40.480983     1 MetaClient.cpp:137] Waiting for the metad to be ready!
W20251127 08:12:50.500869     1 FileBasedClusterIdMan.cpp:43] Open file failed, error No such file or directory
E20251127 08:12:53.522274     1 MetaClient.cpp:112] Heartbeat failed, status:Machine not existed!
I20251127 08:12:53.523183     1 MetaClient.cpp:137] Waiting for the metad to be ready!
W20251127 08:13:03.525058     1 FileBasedClusterIdMan.cpp:43] Open file failed, error No such file or directory
E20251127 08:13:06.552665     1 MetaClient.cpp:112] Heartbeat failed, status:Machine not existed!
I20251127 08:13:06.553224     1 MetaClient.cpp:137] Waiting for the metad to be ready!
W20251127 08:13:16.558415     1 FileBasedClusterIdMan.cpp:43] Open file failed, error No such file or directory
E20251127 08:13:19.585628     1 MetaClient.cpp:112] Heartbeat failed, status:Machine not existed!
I20251127 08:13:19.586056     1 MetaClient.cpp:137] Waiting for the metad to be ready!
W20251127 08:13:29.586998     1 FileBasedClusterIdMan.cpp:43] Open file failed, error No such file or directory
E20251127 08:13:32.725695     1 MetaClient.cpp:112] Heartbeat failed, status:Machine not existed!
I20251127 08:13:32.726092     1 MetaClient.cpp:137] Waiting for the metad to be ready!
W20251127 08:13:42.825054     1 FileBasedClusterIdMan.cpp:43] Open file failed, error No such file or directory
E20251127 08:13:45.845669     1 MetaClient.cpp:112] Heartbeat failed, status:Machine not existed!
I20251127 08:13:45.847375     1 MetaClient.cpp:137] Waiting for the metad to be ready!
W20251127 08:13:55.851616     1 FileBasedClusterIdMan.cpp:43] Open file failed, error No such file or directory
I20251127 08:13:57.561581     1 StorageDaemon.cpp:201] Signal 15(Terminated) received, stopping this server
E20251127 08:13:58.873636     1 MetaClient.cpp:112] Heartbeat failed, status:Machine not existed!
E20251127 08:13:58.873858     1 MetaClient.cpp:143] Connect to the MetaServer Failed
E20251127 08:13:58.874047     1 StorageServer.cpp:237] waitForMetadReady error!
E20251127 08:13:58.874225     1 StorageDaemon.cpp:180] Storage server start failed
I20251127 08:13:59.258397     1 StorageDaemon.cpp:132] localhost = "nebula-storaged":9779
I20251127 08:13:59.260046     1 StorageDaemon.cpp:147] data path= /data/storage
I20251127 08:13:59.270363     1 MetaClient.cpp:80] Create meta client to "nebula-metad":9559
I20251127 08:13:59.270702     1 MetaClient.cpp:81] root path: /usr/local/nebula, data path size: 1
W20251127 08:13:59.271153     1 FileBasedClusterIdMan.cpp:43] Open file failed, error No such file or directory
I20251127 08:13:59.308779    47 ThriftClientManager-inl.h:67] resolve "nebula-metad":9559 as "172.18.0.4":9559
E20251127 08:14:02.334004     1 MetaClient.cpp:112] Heartbeat failed, status:Machine not existed!
I20251127 08:14:02.336833     1 MetaClient.cpp:137] Waiting for the metad to be ready!
W20251127 08:14:12.338474     1 FileBasedClusterIdMan.cpp:43] Open file failed, error No such file or directory
I20251127 08:14:12.346442    53 ThriftClientManager-inl.h:67] resolve "nebula-metad":9559 as "172.18.0.4":9559
E20251127 08:14:15.383419     1 MetaClient.cpp:112] Heartbeat failed, status:Machine not existed!
I20251127 08:14:15.383844     1 MetaClient.cpp:137] Waiting for the metad to be ready!
W20251127 08:14:25.386124     1 FileBasedClusterIdMan.cpp:43] Open file failed, error No such file or directory
I20251127 08:14:25.396939    54 ThriftClientManager-inl.h:67] resolve "nebula-metad":9559 as "172.18.0.4":9559
E20251127 08:14:28.432279     1 MetaClient.cpp:112] Heartbeat failed, status:Machine not existed!
I20251127 08:14:28.432813     1 MetaClient.cpp:137] Waiting for the metad to be ready!
W20251127 08:14:38.437317     1 FileBasedClusterIdMan.cpp:43] Open file failed, error No such file or directory
I20251127 08:14:38.442627    55 ThriftClientManager-inl.h:67] resolve "nebula-metad":9559 as "172.18.0.4":9559
E20251127 08:14:41.491600     1 MetaClient.cpp:112] Heartbeat failed, status:Machine not existed!
I20251127 08:14:41.492199     1 MetaClient.cpp:137] Waiting for the metad to be ready!
W20251127 08:14:51.494637     1 FileBasedClusterIdMan.cpp:43] Open file failed, error No such file or directory
I20251127 08:14:51.498557    62 ThriftClientManager-inl.h:67] resolve "nebula-metad":9559 as "172.18.0.4":9559
E20251127 08:14:54.523244     1 MetaClient.cpp:112] Heartbeat failed, status:Machine not existed!
I20251127 08:14:54.523957     1 MetaClient.cpp:137] Waiting for the metad to be ready!
W20251127 08:15:04.526054     1 FileBasedClusterIdMan.cpp:43] Open file failed, error No such file or directory
I20251127 08:15:04.529038    63 ThriftClientManager-inl.h:67] resolve "nebula-metad":9559 as "172.18.0.4":9559
E20251127 08:15:07.548242     1 MetaClient.cpp:112] Heartbeat failed, status:Machine not existed!
I20251127 08:15:07.548947     1 MetaClient.cpp:137] Waiting for the metad to be ready!
W20251127 08:15:17.552913     1 FileBasedClusterIdMan.cpp:43] Open file failed, error No such file or directory
I20251127 08:15:17.559845    64 ThriftClientManager-inl.h:67] resolve "nebula-metad":9559 as "172.18.0.4":9559
E20251127 08:15:20.592245     1 MetaClient.cpp:112] Heartbeat failed, status:Machine not existed!
I20251127 08:15:20.592726     1 MetaClient.cpp:137] Waiting for the metad to be ready!
W20251127 08:15:30.595001     1 FileBasedClusterIdMan.cpp:43] Open file failed, error No such file or directory
I20251127 08:15:30.599777    65 ThriftClientManager-inl.h:67] resolve "nebula-metad":9559 as "172.18.0.4":9559
E20251127 08:15:33.629166     1 MetaClient.cpp:112] Heartbeat failed, status:Machine not existed!
I20251127 08:15:33.629727     1 MetaClient.cpp:137] Waiting for the metad to be ready!
W20251127 08:15:43.630578     1 FileBasedClusterIdMan.cpp:43] Open file failed, error No such file or directory
I20251127 08:15:43.636478    66 ThriftClientManager-inl.h:67] resolve "nebula-metad":9559 as "172.18.0.4":9559
E20251127 08:15:46.652086     1 MetaClient.cpp:112] Heartbeat failed, status:Machine not existed!
I20251127 08:15:46.652498     1 MetaClient.cpp:137] Waiting for the metad to be ready!
W20251127 08:15:56.654496     1 FileBasedClusterIdMan.cpp:43] Open file failed, error No such file or directory
I20251127 08:15:56.657707    67 ThriftClientManager-inl.h:67] resolve "nebula-metad":9559 as "172.18.0.4":9559
E20251127 08:15:59.684945     1 MetaClient.cpp:112] Heartbeat failed, status:Machine not existed!
I20251127 08:15:59.685545     1 MetaClient.cpp:137] Waiting for the metad to be ready!
I20251127 08:16:00.554725     1 StorageDaemon.cpp:201] Signal 15(Terminated) received, stopping this server
W20251127 08:16:00.555581     1 FileBasedClusterIdMan.cpp:43] Open file failed, error No such file or directory
I20251127 08:16:00.557909    68 ThriftClientManager-inl.h:67] resolve "nebula-metad":9559 as "172.18.0.4":9559
E20251127 08:16:03.570246     1 MetaClient.cpp:112] Heartbeat failed, status:Machine not existed!
E20251127 08:16:03.571086     1 MetaClient.cpp:143] Connect to the MetaServer Failed
E20251127 08:16:03.571605     1 StorageServer.cpp:237] waitForMetadReady error!
E20251127 08:16:03.572022     1 StorageDaemon.cpp:180] Storage server start failed
I20251127 08:16:05.697733     1 StorageDaemon.cpp:132] localhost = "nebula-storaged":9779
I20251127 08:16:05.699276     1 StorageDaemon.cpp:147] data path= /data/storage
I20251127 08:16:05.713843     1 MetaClient.cpp:80] Create meta client to "nebula-metad":9559
I20251127 08:16:05.714098     1 MetaClient.cpp:81] root path: /usr/local/nebula, data path size: 1
W20251127 08:16:05.714427     1 FileBasedClusterIdMan.cpp:43] Open file failed, error No such file or directory
I20251127 08:16:05.744802    47 ThriftClientManager-inl.h:67] resolve "nebula-metad":9559 as "172.18.0.4":9559
E20251127 08:16:08.775328     1 MetaClient.cpp:112] Heartbeat failed, status:Machine not existed!
I20251127 08:16:08.778244     1 MetaClient.cpp:137] Waiting for the metad to be ready!
I20251127 08:16:14.385787     1 StorageDaemon.cpp:201] Signal 15(Terminated) received, stopping this server
W20251127 08:16:14.386502     1 FileBasedClusterIdMan.cpp:43] Open file failed, error No such file or directory
I20251127 08:16:19.394917    53 ThriftClientManager-inl.h:67] resolve "nebula-metad":9559 as "172.18.0.4":9559
E20251127 08:16:22.425477     1 MetaClient.cpp:112] Heartbeat failed, status:Machine not existed!
E20251127 08:16:22.426101     1 MetaClient.cpp:143] Connect to the MetaServer Failed
E20251127 08:16:22.426523     1 StorageServer.cpp:237] waitForMetadReady error!
E20251127 08:16:22.426932     1 StorageDaemon.cpp:180] Storage server start failed
I20251127 08:16:22.850342     1 StorageDaemon.cpp:132] localhost = "nebula-storaged":9779
I20251127 08:16:22.851421     1 StorageDaemon.cpp:147] data path= /data/storage
I20251127 08:16:22.864717     1 MetaClient.cpp:80] Create meta client to "nebula-metad":9559
I20251127 08:16:22.865057     1 MetaClient.cpp:81] root path: /usr/local/nebula, data path size: 1
W20251127 08:16:22.865756     1 FileBasedClusterIdMan.cpp:43] Open file failed, error No such file or directory
I20251127 08:16:22.901099    47 ThriftClientManager-inl.h:67] resolve "nebula-metad":9559 as "172.18.0.4":9559
E20251127 08:16:25.924924     1 MetaClient.cpp:112] Heartbeat failed, status:Machine not existed!
I20251127 08:16:25.928067     1 MetaClient.cpp:137] Waiting for the metad to be ready!
W20251127 08:16:35.930217     1 FileBasedClusterIdMan.cpp:43] Open file failed, error No such file or directory
I20251127 08:16:40.949136    53 ThriftClientManager-inl.h:67] resolve "nebula-metad":9559 as "172.18.0.4":9559
E20251127 08:16:43.988369     1 MetaClient.cpp:112] Heartbeat failed, status:Machine not existed!
I20251127 08:16:43.989398     1 MetaClient.cpp:137] Waiting for the metad to be ready!
W20251127 08:16:53.993604     1 FileBasedClusterIdMan.cpp:43] Open file failed, error No such file or directory
I20251127 08:16:54.003801    54 ThriftClientManager-inl.h:67] resolve "nebula-metad":9559 as "172.18.0.4":9559
E20251127 08:16:57.031777     1 MetaClient.cpp:112] Heartbeat failed, status:Machine not existed!
I20251127 08:16:57.032492     1 MetaClient.cpp:137] Waiting for the metad to be ready!
W20251127 08:17:07.039405     1 FileBasedClusterIdMan.cpp:43] Open file failed, error No such file or directory
I20251127 08:17:07.057866    55 ThriftClientManager-inl.h:67] resolve "nebula-metad":9559 as "172.18.0.4":9559
E20251127 08:17:10.161689     1 MetaClient.cpp:112] Heartbeat failed, status:Machine not existed!
I20251127 08:17:10.162240     1 MetaClient.cpp:137] Waiting for the metad to be ready!
W20251127 08:17:20.165334     1 FileBasedClusterIdMan.cpp:43] Open file failed, error No such file or directory
I20251127 08:17:20.169869    56 ThriftClientManager-inl.h:67] resolve "nebula-metad":9559 as "172.18.0.4":9559
E20251127 08:17:23.212618     1 MetaClient.cpp:112] Heartbeat failed, status:Machine not existed!
I20251127 08:17:23.213472     1 MetaClient.cpp:137] Waiting for the metad to be ready!
W20251127 08:17:33.220073     1 FileBasedClusterIdMan.cpp:43] Open file failed, error No such file or directory
I20251127 08:17:33.227290    57 ThriftClientManager-inl.h:67] resolve "nebula-metad":9559 as "172.18.0.4":9559
E20251127 08:17:36.256830     1 MetaClient.cpp:112] Heartbeat failed, status:Machine not existed!
I20251127 08:17:36.257381     1 MetaClient.cpp:137] Waiting for the metad to be ready!
W20251127 08:17:46.259724     1 FileBasedClusterIdMan.cpp:43] Open file failed, error No such file or directory
I20251127 08:17:46.262555    58 ThriftClientManager-inl.h:67] resolve "nebula-metad":9559 as "172.18.0.4":9559
E20251127 08:17:49.288203     1 MetaClient.cpp:112] Heartbeat failed, status:Machine not existed!
I20251127 08:17:49.288996     1 MetaClient.cpp:137] Waiting for the metad to be ready!
W20251127 08:17:59.294723     1 FileBasedClusterIdMan.cpp:43] Open file failed, error No such file or directory
I20251127 08:17:59.299463    59 ThriftClientManager-inl.h:67] resolve "nebula-metad":9559 as "172.18.0.4":9559
E20251127 08:18:02.315840     1 MetaClient.cpp:112] Heartbeat failed, status:Machine not existed!
I20251127 08:18:02.316329     1 MetaClient.cpp:137] Waiting for the metad to be ready!
W20251127 08:18:12.318895     1 FileBasedClusterIdMan.cpp:43] Open file failed, error No such file or directory
I20251127 08:18:12.327446    60 ThriftClientManager-inl.h:67] resolve "nebula-metad":9559 as "172.18.0.4":9559
E20251127 08:18:15.347887     1 MetaClient.cpp:112] Heartbeat failed, status:Machine not existed!
I20251127 08:18:15.348817     1 MetaClient.cpp:137] Waiting for the metad to be ready!
W20251127 08:18:25.352221     1 FileBasedClusterIdMan.cpp:43] Open file failed, error No such file or directory
I20251127 08:18:25.357542    61 ThriftClientManager-inl.h:67] resolve "nebula-metad":9559 as "172.18.0.4":9559
E20251127 08:18:28.379395     1 MetaClient.cpp:112] Heartbeat failed, status:Machine not existed!
I20251127 08:18:28.379729     1 MetaClient.cpp:137] Waiting for the metad to be ready!
W20251127 08:18:38.383481     1 FileBasedClusterIdMan.cpp:43] Open file failed, error No such file or directory
I20251127 08:18:38.390034    62 ThriftClientManager-inl.h:67] resolve "nebula-metad":9559 as "172.18.0.4":9559
E20251127 08:18:41.416985     1 MetaClient.cpp:112] Heartbeat failed, status:Machine not existed!
I20251127 08:18:41.417555     1 MetaClient.cpp:137] Waiting for the metad to be ready!
W20251127 08:18:51.419574     1 FileBasedClusterIdMan.cpp:43] Open file failed, error No such file or directory
I20251127 08:18:51.424868    63 ThriftClientManager-inl.h:67] resolve "nebula-metad":9559 as "172.18.0.4":9559
E20251127 08:18:54.453405     1 MetaClient.cpp:112] Heartbeat failed, status:Machine not existed!
I20251127 08:18:54.454684     1 MetaClient.cpp:137] Waiting for the metad to be ready!
W20251127 08:19:04.461665     1 FileBasedClusterIdMan.cpp:43] Open file failed, error No such file or directory
I20251127 08:19:04.468215    64 ThriftClientManager-inl.h:67] resolve "nebula-metad":9559 as "172.18.0.4":9559
E20251127 08:19:07.490371     1 MetaClient.cpp:112] Heartbeat failed, status:Machine not existed!
I20251127 08:19:07.490958     1 MetaClient.cpp:137] Waiting for the metad to be ready!
W20251127 08:19:17.493394     1 FileBasedClusterIdMan.cpp:43] Open file failed, error No such file or directory
I20251127 08:19:17.512379    65 ThriftClientManager-inl.h:67] resolve "nebula-metad":9559 as "172.18.0.4":9559
E20251127 08:19:20.532661     1 MetaClient.cpp:112] Heartbeat failed, status:Machine not existed!
I20251127 08:19:20.533313     1 MetaClient.cpp:137] Waiting for the metad to be ready!
W20251127 08:19:30.535002     1 FileBasedClusterIdMan.cpp:43] Open file failed, error No such file or directory
I20251127 08:19:30.538870    66 ThriftClientManager-inl.h:67] resolve "nebula-metad":9559 as "172.18.0.4":9559
E20251127 08:19:33.558022     1 MetaClient.cpp:112] Heartbeat failed, status:Machine not existed!
I20251127 08:19:33.559079     1 MetaClient.cpp:137] Waiting for the metad to be ready!
W20251127 08:19:43.561805     1 FileBasedClusterIdMan.cpp:43] Open file failed, error No such file or directory
I20251127 08:19:43.578004    67 ThriftClientManager-inl.h:67] resolve "nebula-metad":9559 as "172.18.0.4":9559
E20251127 08:19:46.613847     1 MetaClient.cpp:112] Heartbeat failed, status:Machine not existed!
I20251127 08:19:46.614964     1 MetaClient.cpp:137] Waiting for the metad to be ready!
W20251127 08:19:56.616760     1 FileBasedClusterIdMan.cpp:43] Open file failed, error No such file or directory
E20251127 08:19:59.641379     1 MetaClient.cpp:112] Heartbeat failed, status:Machine not existed!
I20251127 08:19:59.641948     1 MetaClient.cpp:137] Waiting for the metad to be ready!
W20251127 08:20:09.644121     1 FileBasedClusterIdMan.cpp:43] Open file failed, error No such file or directory
E20251127 08:20:12.712850     1 MetaClient.cpp:112] Heartbeat failed, status:Machine not existed!
I20251127 08:20:12.713574     1 MetaClient.cpp:137] Waiting for the metad to be ready!
W20251127 08:20:22.716691     1 FileBasedClusterIdMan.cpp:43] Open file failed, error No such file or directory
E20251127 08:20:25.749313     1 MetaClient.cpp:112] Heartbeat failed, status:Machine not existed!
I20251127 08:20:25.750118     1 MetaClient.cpp:137] Waiting for the metad to be ready!
W20251127 08:20:35.752010     1 FileBasedClusterIdMan.cpp:43] Open file failed, error No such file or directory
E20251127 08:20:38.773597     1 MetaClient.cpp:112] Heartbeat failed, status:Machine not existed!
I20251127 08:20:38.774245     1 MetaClient.cpp:137] Waiting for the metad to be ready!
W20251127 08:20:48.775637     1 FileBasedClusterIdMan.cpp:43] Open file failed, error No such file or directory
E20251127 08:20:51.791409     1 MetaClient.cpp:112] Heartbeat failed, status:Machine not existed!
I20251127 08:20:51.792117     1 MetaClient.cpp:137] Waiting for the metad to be ready!
W20251127 08:21:01.796171     1 FileBasedClusterIdMan.cpp:43] Open file failed, error No such file or directory
E20251127 08:21:04.819808     1 MetaClient.cpp:112] Heartbeat failed, status:Machine not existed!
I20251127 08:21:04.820358     1 MetaClient.cpp:137] Waiting for the metad to be ready!
W20251127 08:21:14.821727     1 FileBasedClusterIdMan.cpp:43] Open file failed, error No such file or directory
E20251127 08:21:17.847033     1 MetaClient.cpp:112] Heartbeat failed, status:Machine not existed!
I20251127 08:21:17.847616     1 MetaClient.cpp:137] Waiting for the metad to be ready!
W20251127 08:21:27.849567     1 FileBasedClusterIdMan.cpp:43] Open file failed, error No such file or directory
E20251127 08:21:30.873584     1 MetaClient.cpp:112] Heartbeat failed, status:Machine not existed!
I20251127 08:21:30.874469     1 MetaClient.cpp:137] Waiting for the metad to be ready!
W20251127 08:21:40.875991     1 FileBasedClusterIdMan.cpp:43] Open file failed, error No such file or directory
E20251127 08:21:43.904356     1 MetaClient.cpp:112] Heartbeat failed, status:Machine not existed!
I20251127 08:21:43.905426     1 MetaClient.cpp:137] Waiting for the metad to be ready!
W20251127 08:21:53.907054     1 FileBasedClusterIdMan.cpp:43] Open file failed, error No such file or directory
E20251127 08:21:56.923481     1 MetaClient.cpp:112] Heartbeat failed, status:Machine not existed!
I20251127 08:21:56.925149     1 MetaClient.cpp:137] Waiting for the metad to be ready!
W20251127 08:22:06.927518     1 FileBasedClusterIdMan.cpp:43] Open file failed, error No such file or directory
E20251127 08:22:09.957513     1 MetaClient.cpp:112] Heartbeat failed, status:Machine not existed!
I20251127 08:22:09.958297     1 MetaClient.cpp:137] Waiting for the metad to be ready!
W20251127 08:22:19.961256     1 FileBasedClusterIdMan.cpp:43] Open file failed, error No such file or directory
E20251127 08:22:22.986995     1 MetaClient.cpp:112] Heartbeat failed, status:Machine not existed!
I20251127 08:22:22.988049     1 MetaClient.cpp:137] Waiting for the metad to be ready!
W20251127 08:22:32.991052     1 FileBasedClusterIdMan.cpp:43] Open file failed, error No such file or directory
E20251127 08:22:36.013163     1 MetaClient.cpp:112] Heartbeat failed, status:Machine not existed!
I20251127 08:22:36.014760     1 MetaClient.cpp:137] Waiting for the metad to be ready!
W20251127 08:22:46.015622     1 FileBasedClusterIdMan.cpp:43] Open file failed, error No such file or directory
E20251127 08:22:49.037452     1 MetaClient.cpp:112] Heartbeat failed, status:Machine not existed!
I20251127 08:22:49.038272     1 MetaClient.cpp:137] Waiting for the metad to be ready!
W20251127 08:22:59.040516     1 FileBasedClusterIdMan.cpp:43] Open file failed, error No such file or directory
E20251127 08:23:02.066689     1 MetaClient.cpp:112] Heartbeat failed, status:Machine not existed!
I20251127 08:23:02.068362     1 MetaClient.cpp:137] Waiting for the metad to be ready!
W20251127 08:23:12.072031     1 FileBasedClusterIdMan.cpp:43] Open file failed, error No such file or directory
E20251127 08:23:15.088577     1 MetaClient.cpp:112] Heartbeat failed, status:Machine not existed!
I20251127 08:23:15.089313     1 MetaClient.cpp:137] Waiting for the metad to be ready!
W20251127 08:23:25.093585     1 FileBasedClusterIdMan.cpp:43] Open file failed, error No such file or directory
E20251127 08:23:28.120922     1 MetaClient.cpp:112] Heartbeat failed, status:Machine not existed!
I20251127 08:23:28.121580     1 MetaClient.cpp:137] Waiting for the metad to be ready!
W20251127 08:23:38.123529     1 FileBasedClusterIdMan.cpp:43] Open file failed, error No such file or directory
E20251127 08:23:41.146339     1 MetaClient.cpp:112] Heartbeat failed, status:Machine not existed!
I20251127 08:23:41.146984     1 MetaClient.cpp:137] Waiting for the metad to be ready!
W20251127 08:23:51.148607     1 FileBasedClusterIdMan.cpp:43] Open file failed, error No such file or directory
E20251127 08:23:54.174520     1 MetaClient.cpp:112] Heartbeat failed, status:Machine not existed!
I20251127 08:23:54.175582     1 MetaClient.cpp:137] Waiting for the metad to be ready!
W20251127 08:24:04.181252     1 FileBasedClusterIdMan.cpp:43] Open file failed, error No such file or directory
E20251127 08:24:07.204658     1 MetaClient.cpp:112] Heartbeat failed, status:Machine not existed!
I20251127 08:24:07.206208     1 MetaClient.cpp:137] Waiting for the metad to be ready!
W20251127 08:24:17.209699     1 FileBasedClusterIdMan.cpp:43] Open file failed, error No such file or directory
E20251127 08:24:20.228219     1 MetaClient.cpp:112] Heartbeat failed, status:Machine not existed!
I20251127 08:24:20.229672     1 MetaClient.cpp:137] Waiting for the metad to be ready!
W20251127 08:24:30.230370     1 FileBasedClusterIdMan.cpp:43] Open file failed, error No such file or directory
E20251127 08:24:33.247402     1 MetaClient.cpp:112] Heartbeat failed, status:Machine not existed!
I20251127 08:24:33.248593     1 MetaClient.cpp:137] Waiting for the metad to be ready!
W20251127 08:24:43.252136     1 FileBasedClusterIdMan.cpp:43] Open file failed, error No such file or directory
E20251127 08:24:46.282027     1 MetaClient.cpp:112] Heartbeat failed, status:Machine not existed!
I20251127 08:24:46.283263     1 MetaClient.cpp:137] Waiting for the metad to be ready!
W20251127 08:24:56.287004     1 FileBasedClusterIdMan.cpp:43] Open file failed, error No such file or directory
E20251127 08:24:59.317118     1 MetaClient.cpp:112] Heartbeat failed, status:Machine not existed!
I20251127 08:24:59.318885     1 MetaClient.cpp:137] Waiting for the metad to be ready!
W20251127 08:25:09.320705     1 FileBasedClusterIdMan.cpp:43] Open file failed, error No such file or directory
E20251127 08:25:12.336894     1 MetaClient.cpp:112] Heartbeat failed, status:Machine not existed!
I20251127 08:25:12.338470     1 MetaClient.cpp:137] Waiting for the metad to be ready!
W20251127 08:25:22.341265     1 FileBasedClusterIdMan.cpp:43] Open file failed, error No such file or directory
E20251127 08:25:25.359632     1 MetaClient.cpp:112] Heartbeat failed, status:Machine not existed!
I20251127 08:25:25.360773     1 MetaClient.cpp:137] Waiting for the metad to be ready!
W20251127 08:25:35.364257     1 FileBasedClusterIdMan.cpp:43] Open file failed, error No such file or directory
E20251127 08:25:38.386927     1 MetaClient.cpp:112] Heartbeat failed, status:Machine not existed!
I20251127 08:25:38.388857     1 MetaClient.cpp:137] Waiting for the metad to be ready!
W20251127 08:25:48.390210     1 FileBasedClusterIdMan.cpp:43] Open file failed, error No such file or directory
E20251127 08:25:51.450109     1 MetaClient.cpp:112] Heartbeat failed, status:Machine not existed!
I20251127 08:25:51.450918     1 MetaClient.cpp:137] Waiting for the metad to be ready!
W20251127 08:26:01.452529     1 FileBasedClusterIdMan.cpp:43] Open file failed, error No such file or directory
E20251127 08:26:04.473735     1 MetaClient.cpp:112] Heartbeat failed, status:Machine not existed!
I20251127 08:26:04.475193     1 MetaClient.cpp:137] Waiting for the metad to be ready!
W20251127 08:26:14.479022     1 FileBasedClusterIdMan.cpp:43] Open file failed, error No such file or directory
E20251127 08:26:17.509301     1 MetaClient.cpp:112] Heartbeat failed, status:Machine not existed!
I20251127 08:26:17.511029     1 MetaClient.cpp:137] Waiting for the metad to be ready!
W20251127 08:26:27.513934     1 FileBasedClusterIdMan.cpp:43] Open file failed, error No such file or directory
E20251127 08:26:30.539611     1 MetaClient.cpp:112] Heartbeat failed, status:Machine not existed!
I20251127 08:26:30.540458     1 MetaClient.cpp:137] Waiting for the metad to be ready!
W20251127 08:26:40.541232     1 FileBasedClusterIdMan.cpp:43] Open file failed, error No such file or directory
E20251127 08:26:43.586205     1 MetaClient.cpp:112] Heartbeat failed, status:Machine not existed!
I20251127 08:26:43.586910     1 MetaClient.cpp:137] Waiting for the metad to be ready!
W20251127 08:26:53.589900     1 FileBasedClusterIdMan.cpp:43] Open file failed, error No such file or directory
E20251127 08:26:56.602389     1 MetaClient.cpp:112] Heartbeat failed, status:Machine not existed!
I20251127 08:26:56.602692     1 MetaClient.cpp:137] Waiting for the metad to be ready!
W20251127 08:27:06.605091     1 FileBasedClusterIdMan.cpp:43] Open file failed, error No such file or directory
E20251127 08:27:09.623477     1 MetaClient.cpp:112] Heartbeat failed, status:Machine not existed!
I20251127 08:27:09.623880     1 MetaClient.cpp:137] Waiting for the metad to be ready!
W20251127 08:27:19.623792     1 FileBasedClusterIdMan.cpp:43] Open file failed, error No such file or directory
E20251127 08:27:22.644042     1 MetaClient.cpp:112] Heartbeat failed, status:Machine not existed!
I20251127 08:27:22.644943     1 MetaClient.cpp:137] Waiting for the metad to be ready!
W20251127 08:27:32.646875     1 FileBasedClusterIdMan.cpp:43] Open file failed, error No such file or directory
E20251127 08:27:35.670943     1 MetaClient.cpp:112] Heartbeat failed, status:Machine not existed!
I20251127 08:27:35.671308     1 MetaClient.cpp:137] Waiting for the metad to be ready!
W20251127 08:27:45.673769     1 FileBasedClusterIdMan.cpp:43] Open file failed, error No such file or directory
E20251127 08:27:48.699393     1 MetaClient.cpp:112] Heartbeat failed, status:Machine not existed!
I20251127 08:27:48.700282     1 MetaClient.cpp:137] Waiting for the metad to be ready!
W20251127 08:27:58.702605     1 FileBasedClusterIdMan.cpp:43] Open file failed, error No such file or directory
E20251127 08:28:01.723448     1 MetaClient.cpp:112] Heartbeat failed, status:Machine not existed!
I20251127 08:28:01.724175     1 MetaClient.cpp:137] Waiting for the metad to be ready!
W20251127 08:28:11.726754     1 FileBasedClusterIdMan.cpp:43] Open file failed, error No such file or directory
E20251127 08:28:14.754094     1 MetaClient.cpp:112] Heartbeat failed, status:Machine not existed!
I20251127 08:28:14.754769     1 MetaClient.cpp:137] Waiting for the metad to be ready!
W20251127 08:28:24.760241     1 FileBasedClusterIdMan.cpp:43] Open file failed, error No such file or directory
E20251127 08:28:27.795828     1 MetaClient.cpp:112] Heartbeat failed, status:Machine not existed!
I20251127 08:28:27.797535     1 MetaClient.cpp:137] Waiting for the metad to be ready!
W20251127 08:28:37.799995     1 FileBasedClusterIdMan.cpp:43] Open file failed, error No such file or directory
E20251127 08:28:40.820698     1 MetaClient.cpp:112] Heartbeat failed, status:Machine not existed!
I20251127 08:28:40.821318     1 MetaClient.cpp:137] Waiting for the metad to be ready!
W20251127 08:28:50.822724     1 FileBasedClusterIdMan.cpp:43] Open file failed, error No such file or directory
E20251127 08:28:53.841030     1 MetaClient.cpp:112] Heartbeat failed, status:Machine not existed!
I20251127 08:28:53.842536     1 MetaClient.cpp:137] Waiting for the metad to be ready!
W20251127 08:29:03.844517     1 FileBasedClusterIdMan.cpp:43] Open file failed, error No such file or directory
E20251127 08:29:06.863221     1 MetaClient.cpp:112] Heartbeat failed, status:Machine not existed!
I20251127 08:29:06.863802     1 MetaClient.cpp:137] Waiting for the metad to be ready!
W20251127 08:29:16.867913     1 FileBasedClusterIdMan.cpp:43] Open file failed, error No such file or directory
E20251127 08:29:19.895874     1 MetaClient.cpp:112] Heartbeat failed, status:Machine not existed!
I20251127 08:29:19.901345     1 MetaClient.cpp:137] Waiting for the metad to be ready!
W20251127 08:29:29.903558     1 FileBasedClusterIdMan.cpp:43] Open file failed, error No such file or directory
E20251127 08:29:32.921111     1 MetaClient.cpp:112] Heartbeat failed, status:Machine not existed!
I20251127 08:29:32.921751     1 MetaClient.cpp:137] Waiting for the metad to be ready!
W20251127 08:29:42.923919     1 FileBasedClusterIdMan.cpp:43] Open file failed, error No such file or directory
E20251127 08:29:45.942279     1 MetaClient.cpp:112] Heartbeat failed, status:Machine not existed!
I20251127 08:29:45.942793     1 MetaClient.cpp:137] Waiting for the metad to be ready!
W20251127 08:29:55.946600     1 FileBasedClusterIdMan.cpp:43] Open file failed, error No such file or directory
E20251127 08:29:58.972159     1 MetaClient.cpp:112] Heartbeat failed, status:Machine not existed!
I20251127 08:29:58.972852     1 MetaClient.cpp:137] Waiting for the metad to be ready!
W20251127 08:30:08.978919     1 FileBasedClusterIdMan.cpp:43] Open file failed, error No such file or directory
E20251127 08:30:12.003660     1 MetaClient.cpp:112] Heartbeat failed, status:Machine not existed!
I20251127 08:30:12.004108     1 MetaClient.cpp:137] Waiting for the metad to be ready!
W20251127 08:30:22.005156     1 FileBasedClusterIdMan.cpp:43] Open file failed, error No such file or directory
E20251127 08:30:25.024505     1 MetaClient.cpp:112] Heartbeat failed, status:Machine not existed!
I20251127 08:30:25.025077     1 MetaClient.cpp:137] Waiting for the metad to be ready!
W20251127 08:30:35.026859     1 FileBasedClusterIdMan.cpp:43] Open file failed, error No such file or directory
E20251127 08:30:38.049213     1 MetaClient.cpp:112] Heartbeat failed, status:Machine not existed!
I20251127 08:30:38.049836     1 MetaClient.cpp:137] Waiting for the metad to be ready!
W20251127 08:30:48.054678     1 FileBasedClusterIdMan.cpp:43] Open file failed, error No such file or directory
E20251127 08:30:51.075809     1 MetaClient.cpp:112] Heartbeat failed, status:Machine not existed!
I20251127 08:30:51.077037     1 MetaClient.cpp:137] Waiting for the metad to be ready!
W20251127 08:31:01.078269     1 FileBasedClusterIdMan.cpp:43] Open file failed, error No such file or directory
E20251127 08:31:04.099611     1 MetaClient.cpp:112] Heartbeat failed, status:Machine not existed!
I20251127 08:31:04.100323     1 MetaClient.cpp:137] Waiting for the metad to be ready!
W20251127 08:31:14.102097     1 FileBasedClusterIdMan.cpp:43] Open file failed, error No such file or directory
E20251127 08:31:17.120429     1 MetaClient.cpp:112] Heartbeat failed, status:Machine not existed!
I20251127 08:31:17.121037     1 MetaClient.cpp:137] Waiting for the metad to be ready!
W20251127 08:31:27.122444     1 FileBasedClusterIdMan.cpp:43] Open file failed, error No such file or directory
E20251127 08:31:30.141978     1 MetaClient.cpp:112] Heartbeat failed, status:Machine not existed!
I20251127 08:31:30.142606     1 MetaClient.cpp:137] Waiting for the metad to be ready!
W20251127 08:31:40.144058     1 FileBasedClusterIdMan.cpp:43] Open file failed, error No such file or directory
E20251127 08:31:43.158892     1 MetaClient.cpp:112] Heartbeat failed, status:Machine not existed!
I20251127 08:31:43.159263     1 MetaClient.cpp:137] Waiting for the metad to be ready!
W20251127 08:31:53.159897     1 FileBasedClusterIdMan.cpp:43] Open file failed, error No such file or directory
E20251127 08:31:56.180292     1 MetaClient.cpp:112] Heartbeat failed, status:Machine not existed!
I20251127 08:31:56.180928     1 MetaClient.cpp:137] Waiting for the metad to be ready!
W20251127 08:32:06.182583     1 FileBasedClusterIdMan.cpp:43] Open file failed, error No such file or directory
E20251127 08:32:09.239648     1 MetaClient.cpp:112] Heartbeat failed, status:Machine not existed!
I20251127 08:32:09.240072     1 MetaClient.cpp:137] Waiting for the metad to be ready!
W20251127 08:32:19.241097     1 FileBasedClusterIdMan.cpp:43] Open file failed, error No such file or directory
E20251127 08:32:22.262439     1 MetaClient.cpp:112] Heartbeat failed, status:Machine not existed!
I20251127 08:32:22.263166     1 MetaClient.cpp:137] Waiting for the metad to be ready!
W20251127 08:32:32.265427     1 FileBasedClusterIdMan.cpp:43] Open file failed, error No such file or directory
E20251127 08:32:35.290175     1 MetaClient.cpp:112] Heartbeat failed, status:Machine not existed!
I20251127 08:32:35.290866     1 MetaClient.cpp:137] Waiting for the metad to be ready!
W20251127 08:32:45.295747     1 FileBasedClusterIdMan.cpp:43] Open file failed, error No such file or directory
E20251127 08:32:48.315013     1 MetaClient.cpp:112] Heartbeat failed, status:Machine not existed!
I20251127 08:32:48.315634     1 MetaClient.cpp:137] Waiting for the metad to be ready!
W20251127 08:32:58.317564     1 FileBasedClusterIdMan.cpp:43] Open file failed, error No such file or directory
E20251127 08:33:01.345042     1 MetaClient.cpp:112] Heartbeat failed, status:Machine not existed!
I20251127 08:33:01.347808     1 MetaClient.cpp:137] Waiting for the metad to be ready!
W20251127 08:33:11.352916     1 FileBasedClusterIdMan.cpp:43] Open file failed, error No such file or directory
E20251127 08:33:14.373780     1 MetaClient.cpp:112] Heartbeat failed, status:Machine not existed!
I20251127 08:33:14.374375     1 MetaClient.cpp:137] Waiting for the metad to be ready!
W20251127 08:33:24.376472     1 FileBasedClusterIdMan.cpp:43] Open file failed, error No such file or directory
E20251127 08:33:27.394181     1 MetaClient.cpp:112] Heartbeat failed, status:Machine not existed!
I20251127 08:33:27.394843     1 MetaClient.cpp:137] Waiting for the metad to be ready!
W20251127 08:33:37.399170     1 FileBasedClusterIdMan.cpp:43] Open file failed, error No such file or directory
E20251127 08:33:40.420907     1 MetaClient.cpp:112] Heartbeat failed, status:Machine not existed!
I20251127 08:33:40.421576     1 MetaClient.cpp:137] Waiting for the metad to be ready!
W20251127 08:33:50.425125     1 FileBasedClusterIdMan.cpp:43] Open file failed, error No such file or directory
E20251127 08:33:53.447952     1 MetaClient.cpp:112] Heartbeat failed, status:Machine not existed!
I20251127 08:33:53.448930     1 MetaClient.cpp:137] Waiting for the metad to be ready!
W20251127 08:34:03.454483     1 FileBasedClusterIdMan.cpp:43] Open file failed, error No such file or directory
E20251127 08:34:06.477458     1 MetaClient.cpp:112] Heartbeat failed, status:Machine not existed!
I20251127 08:34:06.479013     1 MetaClient.cpp:137] Waiting for the metad to be ready!
W20251127 08:34:16.482157     1 FileBasedClusterIdMan.cpp:43] Open file failed, error No such file or directory
E20251127 08:34:19.509904     1 MetaClient.cpp:112] Heartbeat failed, status:Machine not existed!
I20251127 08:34:19.510768     1 MetaClient.cpp:137] Waiting for the metad to be ready!
W20251127 08:34:29.513880     1 FileBasedClusterIdMan.cpp:43] Open file failed, error No such file or directory
E20251127 08:34:32.543349     1 MetaClient.cpp:112] Heartbeat failed, status:Machine not existed!
I20251127 08:34:32.544245     1 MetaClient.cpp:137] Waiting for the metad to be ready!
W20251127 08:34:42.544790     1 FileBasedClusterIdMan.cpp:43] Open file failed, error No such file or directory
E20251127 08:34:45.565686     1 MetaClient.cpp:112] Heartbeat failed, status:Machine not existed!
I20251127 08:34:45.566998     1 MetaClient.cpp:137] Waiting for the metad to be ready!
W20251127 08:34:55.569895     1 FileBasedClusterIdMan.cpp:43] Open file failed, error No such file or directory
E20251127 08:34:58.595573     1 MetaClient.cpp:112] Heartbeat failed, status:Machine not existed!
I20251127 08:34:58.596472     1 MetaClient.cpp:137] Waiting for the metad to be ready!
W20251127 08:35:08.598881     1 FileBasedClusterIdMan.cpp:43] Open file failed, error No such file or directory
E20251127 08:35:11.612285     1 MetaClient.cpp:112] Heartbeat failed, status:Machine not existed!
I20251127 08:35:11.613761     1 MetaClient.cpp:137] Waiting for the metad to be ready!
W20251127 08:35:21.616879     1 FileBasedClusterIdMan.cpp:43] Open file failed, error No such file or directory
E20251127 08:35:24.639565     1 MetaClient.cpp:112] Heartbeat failed, status:Machine not existed!
I20251127 08:35:24.641266     1 MetaClient.cpp:137] Waiting for the metad to be ready!
W20251127 08:35:34.642402     1 FileBasedClusterIdMan.cpp:43] Open file failed, error No such file or directory
E20251127 08:35:37.669551     1 MetaClient.cpp:112] Heartbeat failed, status:Machine not existed!
I20251127 08:35:37.671120     1 MetaClient.cpp:137] Waiting for the metad to be ready!
W20251127 08:35:47.674029     1 FileBasedClusterIdMan.cpp:43] Open file failed, error No such file or directory
E20251127 08:35:50.699601     1 MetaClient.cpp:112] Heartbeat failed, status:Machine not existed!
I20251127 08:35:50.700440     1 MetaClient.cpp:137] Waiting for the metad to be ready!
W20251127 08:36:00.701512     1 FileBasedClusterIdMan.cpp:43] Open file failed, error No such file or directory
E20251127 08:36:03.720882     1 MetaClient.cpp:112] Heartbeat failed, status:Machine not existed!
I20251127 08:36:03.721714     1 MetaClient.cpp:137] Waiting for the metad to be ready!
W20251127 08:36:13.722680     1 FileBasedClusterIdMan.cpp:43] Open file failed, error No such file or directory
E20251127 08:36:16.741884     1 MetaClient.cpp:112] Heartbeat failed, status:Machine not existed!
I20251127 08:36:16.743853     1 MetaClient.cpp:137] Waiting for the metad to be ready!
W20251127 08:36:26.746150     1 FileBasedClusterIdMan.cpp:43] Open file failed, error No such file or directory
E20251127 08:36:29.767585     1 MetaClient.cpp:112] Heartbeat failed, status:Machine not existed!
I20251127 08:36:29.768431     1 MetaClient.cpp:137] Waiting for the metad to be ready!
W20251127 08:36:39.773497     1 FileBasedClusterIdMan.cpp:43] Open file failed, error No such file or directory
E20251127 08:36:42.787506     1 MetaClient.cpp:112] Heartbeat failed, status:Machine not existed!
I20251127 08:36:42.788791     1 MetaClient.cpp:137] Waiting for the metad to be ready!
W20251127 08:36:52.791445     1 FileBasedClusterIdMan.cpp:43] Open file failed, error No such file or directory
E20251127 08:36:55.806926     1 MetaClient.cpp:112] Heartbeat failed, status:Machine not existed!
I20251127 08:36:55.807523     1 MetaClient.cpp:137] Waiting for the metad to be ready!
W20251127 08:37:05.808941     1 FileBasedClusterIdMan.cpp:43] Open file failed, error No such file or directory
E20251127 08:37:08.827963     1 MetaClient.cpp:112] Heartbeat failed, status:Machine not existed!
I20251127 08:37:08.829571     1 MetaClient.cpp:137] Waiting for the metad to be ready!
W20251127 08:37:18.831866     1 FileBasedClusterIdMan.cpp:43] Open file failed, error No such file or directory
E20251127 08:37:21.850668     1 MetaClient.cpp:112] Heartbeat failed, status:Machine not existed!
I20251127 08:37:21.852903     1 MetaClient.cpp:137] Waiting for the metad to be ready!
W20251127 08:37:31.856067     1 FileBasedClusterIdMan.cpp:43] Open file failed, error No such file or directory
E20251127 08:37:34.884881     1 MetaClient.cpp:112] Heartbeat failed, status:Machine not existed!
I20251127 08:37:34.886011     1 MetaClient.cpp:137] Waiting for the metad to be ready!
W20251127 08:37:44.889781     1 FileBasedClusterIdMan.cpp:43] Open file failed, error No such file or directory
E20251127 08:37:47.912652     1 MetaClient.cpp:112] Heartbeat failed, status:Machine not existed!
I20251127 08:37:47.914129     1 MetaClient.cpp:137] Waiting for the metad to be ready!
W20251127 08:37:57.916705     1 FileBasedClusterIdMan.cpp:43] Open file failed, error No such file or directory
